mean_ph,std_ph,min_ph,max_ph,range_ph,median_ph,slope,above_7_ratio,below_6_ratio,label
6.232499999999999,0.14010264094584376,5.99,6.48,0.4900000000000002,6.25,-0.002958321756043393,0.0,0.016666666666666666,1
6.351333333333334,0.15272487973113255,5.99,6.64,0.6499999999999995,6.359999999999999,-0.006746318421783855,0.0,0.016666666666666666,1
6.314499999999999,0.40351135878270716,3.56,6.69,3.1300000000000003,6.35,-0.007213948318977544,0.0,0.03333333333333333,1
6.3895,0.09938854729461212,6.22,6.65,0.4300000000000006,6.359999999999999,-0.0028744095582106492,0.0,0.0,1
6.348833333333333,0.07705175028655895,6.21,6.59,0.3799999999999999,6.35,-0.0024442900805780182,0.0,0.0,1
6.288666666666667,0.07027248552756776,6.15,6.42,0.2699999999999996,6.29,0.0010575159766601217,0.0,0.0,1
6.275499999999999,0.06127601488347621,6.1,6.38,0.28000000000000025,6.28,0.0003353709363711371,0.0,0.0,1
6.2459999999999996,0.10284616343516824,5.94,6.44,0.5,6.25,0.0013659349819394055,0.0,0.016666666666666666,1
6.250666666666666,0.10165081843688667,6.02,6.44,0.4200000000000008,6.26,0.001058071686579505,0.0,0.0,1
6.363666666666666,0.10968085014663632,6.19,6.67,0.47999999999999954,6.35,0.0015537649347040954,0.0,0.0,1
6.324000000000001,0.09776161482572465,6.12,6.61,0.4900000000000002,6.31,-0.001308696860238984,0.0,0.0,1
6.182166666666666,0.07970971640201018,6.01,6.35,0.33999999999999986,6.17,-0.002688246735204269,0.0,0.0,1
6.134,0.08210156311950871,5.99,6.33,0.33999999999999986,6.13,0.002591831064184452,0.0,0.016666666666666666,1
6.285166666666667,0.15837183742347907,5.99,6.59,0.5999999999999996,6.29,0.004131981105862694,0.0,0.016666666666666666,1
6.114500000000001,0.27364469055084306,5.46,6.56,1.0999999999999996,6.17,-0.009541261461517146,0.0,0.2833333333333333,1
6.249833333333333,0.11452061920118238,5.99,6.51,0.5199999999999996,6.25,0.0025837732703528197,0.0,0.016666666666666666,1
6.291833333333333,0.11273112061695995,5.99,6.65,0.6600000000000001,6.28,-0.0001764378994165573,0.0,0.016666666666666666,1
6.383666666666666,0.1414091777628155,6.15,6.85,0.6999999999999993,6.35,0.0026746318421782956,0.0,0.0,1
6.225833333333331,0.07688284738628122,6.1,6.42,0.3200000000000003,6.2,-0.0013161989441512064,0.0,0.0,1
6.3885,0.09504078072069913,6.1,6.56,0.45999999999999996,6.38,-0.0017407613225896435,0.0,0.0,1
3.9863333333333335,1.910874988643219,1.39,6.48,5.090000000000001,4.255,0.047698249513753795,0.0,0.85,1
6.037000000000001,0.1639135951245859,5.71,6.26,0.5499999999999998,6.03,0.007239233120311181,0.0,0.4,1
6.296666666666667,0.11085526098877263,6.03,6.56,0.5299999999999994,6.33,0.0022572936926923363,0.0,0.0,1
6.531833333333333,0.09215008892501887,6.29,6.75,0.45999999999999996,6.54,-0.0014890247290914517,0.0,0.0,1
6.5538333333333325,0.1027633473353002,6.28,6.79,0.5099999999999998,6.56,0.003919699916643416,0.0,0.0,1
6.4755,0.10932253503585926,6.17,6.7,0.5300000000000002,6.49,-0.00450041678243957,0.0,0.0,1
6.5775,0.14998472144410802,6.31,6.93,0.6200000000000001,6.59,0.0003664906918587933,0.0,0.0,1
6.5923333333333325,0.08106307557835574,6.4,6.77,0.3699999999999992,6.59,-0.001195887746596358,0.0,0.0,1
6.517833333333333,0.0839660976558727,6.35,6.7,0.35000000000000053,6.51,-0.0002848013337038098,0.0,0.0,1
6.480333333333333,0.09835254049704166,6.31,6.77,0.45999999999999996,6.47,-0.0024034454015004728,0.0,0.0,1
6.4035,0.10958748407855103,6.07,6.64,0.5699999999999994,6.390000000000001,-0.002555987774381878,0.0,0.0,1
6.399,0.11038870715189428,6.21,6.72,0.5099999999999998,6.37,0.0031864406779660978,0.0,0.0,1
6.4350000000000005,0.08768314167120919,6.24,6.67,0.4299999999999997,6.44,-0.0021972770213948916,0.0,0.0,1
5.801999999999999,1.5002764189752944,1.57,6.79,5.22,6.42,-0.053474854126146235,0.0,0.2,1
4.298,1.4067892521625263,1.3,6.05,4.75,4.77,0.0607379827729925,0.0,0.9833333333333333,1
5.594333333333335,0.38355515321209743,5.07,6.24,1.17,5.615,0.01730591831064183,0.0,0.7833333333333333,1
6.1795,0.11125683499602776,5.99,6.45,0.45999999999999996,6.17,0.000964990275076389,0.0,0.03333333333333333,1
6.290166666666667,0.12382099534767474,6.02,6.53,0.5100000000000007,6.3,0.004448735759933249,0.0,0.0,1
6.4063333333333325,0.12262363375612206,6.17,6.65,0.4800000000000004,6.42,0.005698249513753756,0.0,0.0,1
6.472333333333334,0.10525155052961872,6.1,6.7,0.6000000000000005,6.475,-0.0030108363434287627,0.0,0.0,1
6.269166666666666,0.09849351360481677,6.07,6.65,0.5800000000000001,6.28,-0.00018477354820785455,0.0,0.0,1
6.333833333333333,0.12478103043153456,6.03,6.7,0.6699999999999999,6.33,0.0027893859405390443,0.0,0.0,1
6.513999999999999,0.15604700146643857,6.17,6.78,0.6100000000000003,6.535,0.004070019449847087,0.0,0.0,1
6.423666666666666,0.14600190257512244,6.03,6.69,0.6600000000000001,6.445,-0.0035226451792165375,0.0,0.0,1
6.286666666666667,0.0932857021317962,6.08,6.47,0.3899999999999997,6.29,0.0013737149208112255,0.0,0.0,1
6.336166666666667,0.14050019770646435,6.05,6.62,0.5700000000000003,6.33,0.0026293414837454438,0.0,0.0,1
6.283833333333334,0.10216150068505367,6.1,6.58,0.4800000000000004,6.28,0.0009027507641010633,0.0,0.0,1
6.446833333333334,0.15664707324286517,6.12,6.79,0.6699999999999999,6.43,-0.00438316198944157,0.0,0.0,1
6.368833333333333,0.10132606881855344,6.12,6.58,0.45999999999999996,6.34,-0.0020252848013337615,0.0,0.0,1
6.238833333333334,0.12314072798586538,5.97,6.53,0.5600000000000005,6.22,-0.00113281467074185,0.0,0.03333333333333333,1
6.221166666666666,0.10225933806857063,5.99,6.45,0.45999999999999996,6.23,0.001877465962767395,0.0,0.03333333333333333,1
4.357166666666666,1.8907944464930315,1.39,6.44,5.050000000000001,5.41,-0.03583689913864965,0.0,0.6833333333333333,1
5.470333333333332,0.1874830362696553,4.92,5.76,0.8399999999999999,5.52,-0.005853292581272587,0.0,1.0,1
5.881833333333334,0.26574732150839997,5.28,6.19,0.9100000000000001,6.01,0.011783550986385064,0.0,0.45,1
6.205333333333333,0.13872594886642117,5.76,6.47,0.71,6.22,0.00428285634898579,0.0,0.06666666666666667,1
6.418833333333334,0.14023898253418068,6.05,6.69,0.6400000000000006,6.45,0.0013478744095581385,0.0,0.0,1
6.424,0.10721007415350481,6.17,6.67,0.5,6.44,-0.0002445123645457415,0.0,0.0,1
6.511833333333333,0.12372673743195352,6.17,6.72,0.5499999999999998,6.53,-0.001865796054459611,0.0,0.0,1
6.3905,0.1096726188860891,6.13,6.69,0.5600000000000005,6.4,-0.0020897471519867273,0.0,0.0,1
6.480666666666666,0.19585595614010712,5.94,7.01,1.0699999999999994,6.45,-0.0014026118366212955,0.016666666666666666,0.03333333333333333,1
6.409833333333333,0.13808803552645524,6.21,6.79,0.5800000000000001,6.359999999999999,0.002758821894970758,0.0,0.0,1
6.663166666666665,0.20959875688774696,6.31,7.04,0.7300000000000004,6.59,0.004347040844679037,0.08333333333333333,0.0,1
6.379666666666667,0.10614403212406977,6.17,6.56,0.3899999999999997,6.35,-0.004657960544595786,0.0,0.0,1
6.478833333333333,0.12585827567369404,6.31,6.77,0.45999999999999996,6.44,-0.0035068074465129774,0.0,0.0,1
6.315833333333334,0.20926292605768046,5.81,6.79,0.9800000000000004,6.29,-0.0061442067240900945,0.0,0.08333333333333333,1
6.304833333333335,0.1552255527360822,5.89,6.67,0.7800000000000002,6.29,0.0021125312586828984,0.0,0.05,1
6.237500000000001,0.1319043213848584,6.02,6.61,0.5900000000000007,6.2,-0.004292025562656389,0.0,0.0,1
6.270499999999999,0.16784342902439361,6.02,6.81,0.79,6.22,-0.0043170325090303475,0.0,0.0,1
6.3695,0.17085495798093384,6.05,6.79,0.7400000000000002,6.35,-0.0011494859683245787,0.0,0.0,1
6.534666666666666,0.21553396226323335,6.1,6.93,0.8300000000000001,6.485,0.004492914698527321,0.0,0.0,1
6.465833333333334,0.15533074032170485,6.22,6.83,0.6100000000000003,6.445,-0.0032561822728536323,0.0,0.0,1
6.656166666666666,0.29997273024208193,6.1,7.1,1.0,6.675000000000001,0.006404278966379516,0.16666666666666666,0.0,1
6.2011666666666665,0.15431668376714455,5.88,6.61,0.7300000000000004,6.21,0.0012717421505973622,0.0,0.08333333333333333,1
6.584333333333333,0.1673655347502055,6.07,6.91,0.8399999999999999,6.58,0.005997221450402882,0.0,0.0,1
6.559166666666667,0.2383715004404306,6.07,7.23,1.1600000000000001,6.59,-0.00426868574604062,0.05,0.0,1
5.008666666666667,1.874844408359146,1.28,6.9,5.62,5.62,-0.058120033342595225,0.0,0.5,1
6.6185,0.17117072374289555,5.85,6.88,1.0300000000000002,6.66,0.004301472631286372,0.0,0.016666666666666666,1
6.766666666666667,0.0930352382463523,6.51,7.02,0.5099999999999998,6.77,-0.0014131703250903533,0.03333333333333333,0.0,1
6.493166666666668,0.21202587630339423,5.91,6.83,0.9199999999999999,6.49,-0.007062239510975294,0.0,0.016666666666666666,1
6.467,0.1333579144008084,6.22,6.77,0.5499999999999998,6.47,-0.0019622117254793343,0.0,0.0,1
6.3068333333333335,0.13669298527072346,5.88,6.62,0.7400000000000002,6.29,-0.0025565434843012745,0.0,0.03333333333333333,1
6.502166666666667,0.15442464901116734,6.05,6.7,0.6500000000000004,6.54,0.0037018616282299835,0.0,0.0,1
6.4935,0.26379174235243474,5.97,7.1,1.13,6.52,-0.0035868296749097576,0.03333333333333333,0.016666666666666666,1
6.310833333333334,0.20482750195116767,5.81,6.74,0.9300000000000006,6.35,0.007160044456793515,0.0,0.13333333333333333,1
6.4545,0.16003567310655048,6.01,6.78,0.7700000000000005,6.43,-0.0023709363712142648,0.0,0.0,1
6.471166666666667,0.19756932679160727,6.03,6.94,0.9100000000000001,6.49,-0.0028888580161156707,0.0,0.0,1
6.218333333333333,0.23429444912094885,5.67,6.83,1.1600000000000001,6.1899999999999995,-0.002853570436232332,0.0,0.13333333333333333,1
6.389166666666667,0.17399513083864032,5.94,6.78,0.8399999999999999,6.33,0.00652320088913588,0.0,0.03333333333333333,1
6.3325000000000005,0.14999583327546137,5.96,6.62,0.6600000000000001,6.33,0.003864128924701251,0.0,0.016666666666666666,1
6.392333333333332,0.13350863476028643,6.13,6.77,0.6399999999999997,6.38,-0.002082245068074545,0.0,0.0,1
6.393999999999999,0.19786527402924112,6.01,6.79,0.7800000000000002,6.390000000000001,-0.002146151708808047,0.0,0.0,1
6.281833333333332,0.12156605428965579,6.07,6.58,0.5099999999999998,6.28,-0.002405946096137885,0.0,0.0,1
6.377999999999999,0.1776588491088093,5.92,6.79,0.8700000000000001,6.35,0.0043234231731035895,0.0,0.016666666666666666,1
6.282166666666666,0.13561086075811019,6.03,6.62,0.5899999999999999,6.285,-0.003941928313420459,0.0,0.0,1
6.219666666666666,0.1793131958954004,5.96,6.67,0.71,6.17,-0.0017465962767435957,0.0,0.05,1
6.2443333333333335,0.10336612382959687,6.02,6.47,0.4500000000000002,6.25,0.003662128368991352,0.0,0.0,1
6.424666666666665,0.19654063758475557,6.02,6.83,0.8100000000000005,6.41,-0.0021778271742151265,0.0,0.0,1
6.020833333333332,0.37344920076973737,4.45,6.47,2.0199999999999996,6.125,0.008184773548207751,0.0,0.45,1
6.242666666666667,0.17417296639324434,5.89,6.72,0.8300000000000001,6.21,6.724090025000215e-05,0.0,0.05,1
6.3036666666666665,0.24027738599839613,5.8,6.78,0.9800000000000004,6.25,-3.056404556823277e-05,0.0,0.08333333333333333,1
6.529833333333333,0.1377980607830007,6.19,6.75,0.5599999999999996,6.54,0.003939705473742658,0.0,0.0,1
6.331500000000001,0.221312938317367,5.89,6.74,0.8500000000000005,6.35,-0.0017013059183107438,0.0,0.06666666666666667,1
6.111666666666667,0.12110830781669038,5.78,6.4,0.6200000000000001,6.1,0.0030803000833564582,0.0,0.15,1
6.1455,0.1655236639678246,5.78,6.45,0.6699999999999999,6.16,-0.005441233676021128,0.0,0.23333333333333334,1
6.2155000000000005,0.18071547618655504,5.89,6.69,0.8000000000000007,6.2,0.005239510975270841,0.0,0.06666666666666667,1
6.273333333333334,0.40555175036266605,4.86,6.86,2.0,6.33,-0.013671575437621611,0.0,0.16666666666666666,1
6.365166666666666,0.13774967231257657,5.99,6.58,0.5899999999999999,6.37,0.0036757432620171514,0.0,0.016666666666666666,1
6.600833333333332,0.10983763269278676,6.29,6.81,0.5199999999999996,6.62,0.00424423450958591,0.0,0.0,1
6.417833333333334,0.22846656696817202,5.94,6.83,0.8899999999999997,6.41,-0.011267296471242062,0.0,0.016666666666666666,1
6.020833333333334,0.09229105530271553,5.8,6.17,0.3700000000000001,6.02,-0.00025201444845796396,0.0,0.38333333333333336,1
6.099666666666667,0.24695456172250707,5.75,6.72,0.9699999999999998,6.035,0.003270908585718198,0.0,0.4666666666666667,1
5.918166666666665,0.3608577358954019,5.42,6.85,1.4299999999999997,5.78,-0.0141097527090859,0.0,0.6833333333333333,1
5.504499999999999,0.12784658775266547,5.28,5.96,0.6799999999999997,5.48,-0.0015990552931370548,0.0,1.0,1
5.687000000000001,0.19297063679914267,5.28,6.1,0.8199999999999994,5.69,0.00023450958599604004,0.0,0.9666666666666667,1
6.322999999999999,0.18295992275176914,5.86,6.67,0.8099999999999996,6.35,0.005522089469296983,0.0,0.03333333333333333,1
6.1690000000000005,0.28837302231658224,5.42,6.56,1.1399999999999997,6.27,0.010833564879133065,0.0,0.21666666666666667,1
5.976833333333332,0.3426781369675567,5.32,6.67,1.3499999999999996,5.875,0.011460683523200853,0.0,0.5833333333333334,1
6.065,0.4556222850856471,5.05,6.69,1.6400000000000006,6.195,-0.016914698527368786,0.0,0.45,1
5.453833333333334,0.2842480821786177,5.16,6.51,1.3499999999999996,5.395,0.007845234787440931,0.0,0.95,1
5.922999999999999,0.3173762225918424,5.13,6.38,1.25,6.0600000000000005,0.0006657404834675977,0.0,0.48333333333333334,1
5.724833333333334,0.19606539441953766,5.19,6.07,0.8799999999999999,5.76,0.007222839677688183,0.0,0.9666666666666667,1
5.6815,0.36854138166561434,4.22,6.24,2.0200000000000005,5.74,0.004185329258127152,0.0,0.8333333333333334,1
6.359833333333333,0.17995825133130808,5.97,6.74,0.7700000000000005,6.385,0.0019124756876909745,0.0,0.03333333333333333,1
6.42,0.18539147768977945,5.99,6.72,0.7299999999999995,6.47,0.007931091969991597,0.0,0.016666666666666666,1
5.948333333333334,0.2939170328889127,5.57,6.64,1.0699999999999994,5.87,-0.01404390108363437,0.0,0.6666666666666666,1
6.158166666666667,0.3311268219613479,5.19,6.48,1.29,6.31,0.01357682689636009,0.0,0.2,1
6.267833333333333,0.14592340075837357,5.94,6.48,0.54,6.32,0.0012011669908307124,0.0,0.03333333333333333,1
6.389833333333333,0.11386383193192748,6.05,6.59,0.54,6.41,-0.002443734370658595,0.0,0.0,1
6.206833333333334,0.1675260344609823,6.01,6.56,0.5499999999999998,6.13,-0.0011606001667130062,0.0,0.0,1
6.502833333333333,0.08035528745653406,6.26,6.62,0.3600000000000003,6.51,-0.00047096415671025636,0.0,0.0,1
6.225833333333333,0.1872813539986177,5.8,6.67,0.8700000000000001,6.21,-0.0011283689913865569,0.0,0.1,1
6.323666666666666,0.14883958553497192,5.88,6.56,0.6799999999999997,6.33,0.002909697138093867,0.0,0.06666666666666667,1
6.3745,0.10247642005196454,6.12,6.54,0.41999999999999993,6.38,-0.0038380105584885395,0.0,0.0,1
6.303666666666667,0.1601662330899439,6.01,6.64,0.6299999999999999,6.33,0.0008041122534036731,0.0,0.0,1
6.319833333333333,0.13646112592562362,5.97,6.56,0.5899999999999999,6.32,0.0003614893025840498,0.0,0.03333333333333333,1
6.367666666666666,0.11530201887025031,6.17,6.65,0.4800000000000004,6.31,0.004797999444290078,0.0,0.0,1
6.334333333333333,0.15250537331152925,6.08,6.72,0.6399999999999997,6.33,-0.005931091969991754,0.0,0.0,1
6.195666666666667,0.07781102464018548,6.07,6.35,0.27999999999999936,6.18,-0.0018532925812726451,0.0,0.0,1
6.132166666666667,0.06129414508925154,6.03,6.31,0.27999999999999936,6.12,0.000815504306751819,0.0,0.0,1
6.2943333333333324,0.18820526619152358,6.01,6.69,0.6800000000000006,6.33,0.009071964434565146,0.0,0.0,1
6.092499999999999,0.13201799119816973,5.91,6.69,0.7800000000000002,6.07,-7.585440400117864e-05,0.0,0.16666666666666666,1
5.797833333333333,0.2882654544377841,5.0,6.17,1.17,5.91,-0.010244790219505466,0.0,0.65,1
6.44,0.22065055328882968,5.85,6.78,0.9300000000000006,6.51,0.01084190052792435,0.0,0.06666666666666667,1
6.232166666666666,0.23634784863745972,5.89,6.7,0.8100000000000005,6.12,-0.010656571269797245,0.0,0.1,1
6.018833333333333,0.0329692617785449,5.96,6.13,0.16999999999999993,6.01,-0.0009005279244235037,0.0,0.25,1
5.948833333333334,0.030988797258937793,5.91,6.02,0.10999999999999943,5.94,-0.001157265907196506,0.0,0.9333333333333333,1
5.935833333333333,0.08550422341745598,5.8,6.17,0.3700000000000001,5.92,-8.808002222842616e-05,0.0,0.7833333333333333,1
6.122500000000001,0.06227961143102932,5.99,6.26,0.2699999999999996,6.140000000000001,0.0021814392886912513,0.0,0.05,1
6.145,0.19455504790846898,5.83,6.69,0.8600000000000003,6.12,0.0024579049736037236,0.0,0.3,1
6.336166666666667,0.22790415870614467,5.78,6.83,1.0499999999999998,6.33,0.008927202000555695,0.0,0.1,1
6.322166666666665,0.10802918844254801,6.17,6.62,0.4500000000000002,6.33,-0.005178382884134509,0.0,0.0,1
6.349833333333332,0.07369965324809136,6.21,6.48,0.27000000000000046,6.35,0.0029021950541816576,0.0,0.0,1
6.3180000000000005,0.0844945757627869,6.17,6.49,0.3200000000000003,6.33,-0.002115587663239841,0.0,0.0,1
6.338333333333332,0.13633496331543957,6.08,6.65,0.5700000000000003,6.35,0.0019861072520144327,0.0,0.0,1
6.555333333333334,0.14535550289625163,6.05,6.81,0.7599999999999998,6.56,-0.0010397332592387341,0.0,0.0,1
6.506999999999999,0.17679837857476713,5.99,6.74,0.75,6.58,0.0026757432620172095,0.0,0.016666666666666666,1
6.497166666666667,0.16712362357116237,6.08,6.74,0.6600000000000001,6.535,-0.003236176715754417,0.0,0.0,1
6.051333333333333,0.0419311605160438,5.99,6.17,0.17999999999999972,6.03,-0.0012436787996666352,0.0,0.016666666666666666,1
6.015666666666665,0.03870256953858345,5.96,6.17,0.20999999999999996,6.01,0.0006123923312030999,0.0,0.3333333333333333,1
5.966333333333334,0.07092170957393001,5.73,6.22,0.4899999999999993,5.965,-0.0018744095582106535,0.0,0.7166666666666667,1
5.895166666666667,0.028489276735096148,5.85,5.97,0.1200000000000001,5.89,-0.0009110864128925347,0.0,1.0,1
5.868666666666667,0.05795017016560197,5.71,6.03,0.3200000000000003,5.86,0.000809669352597907,0.0,0.9333333333333333,1
5.843833333333334,0.04135584064622029,5.78,5.94,0.16000000000000014,5.83,-0.0010872464573492798,0.0,1.0,1
5.8195,0.018296174463532048,5.78,5.88,0.09999999999999964,5.83,-4.86246179494594e-05,0.0,1.0,1
5.815166666666666,0.021485783413431533,5.76,5.86,0.10000000000000053,5.81,-0.00021089191442075382,0.0,1.0,1
5.8275,0.02195639618273762,5.76,5.91,0.15000000000000036,5.83,-0.0001675465407057831,0.0,1.0,1
5.836833333333334,0.02642547171869521,5.8,5.91,0.11000000000000032,5.83,0.00031592108919139894,0.0,1.0,1
5.840166666666666,0.024731334151009525,5.8,5.92,0.1200000000000001,5.83,3.30647402056045e-05,0.0,1.0,1
5.857666666666666,0.04063523375375399,5.81,6.01,0.20000000000000018,5.85,0.0009585996110030267,0.0,0.9833333333333333,1
5.8501666666666665,0.032274430884043435,5.81,5.94,0.13000000000000078,5.85,-0.00017254792998056678,0.0,1.0,1
5.875000000000001,0.04129164564412519,5.81,5.97,0.16000000000000014,5.86,0.00017838288413446547,0.0,1.0,1
5.860166666666667,0.027778388882166792,5.8,5.92,0.1200000000000001,5.855,0.0003981661572658192,0.0,1.0,1
5.870666666666668,0.027620443314488822,5.83,5.99,0.16000000000000014,5.86,-0.000212281189219319,0.0,1.0,1
5.867833333333334,0.029159999237921026,5.81,5.97,0.16000000000000014,5.86,-0.0006032231175326609,0.0,1.0,1
5.877833333333334,0.028053025188421715,5.81,5.96,0.15000000000000036,5.88,-0.00015198666296202206,0.0,1.0,1
5.871666666666667,0.03550430333854696,5.81,6.03,0.22000000000000064,5.86,-0.00011114198388443649,0.0,0.9833333333333333,1
5.884833333333334,0.0242550109370323,5.83,5.96,0.1299999999999999,5.88,-7.529869408174185e-05,0.0,1.0,1
5.884666666666666,0.030357133520073323,5.83,5.99,0.16000000000000014,5.88,0.00024895804390102135,0.0,1.0,1
5.893666666666666,0.03492690780600089,5.85,6.02,0.16999999999999993,5.89,1.0558488469004168e-05,0.0,0.9833333333333333,1
5.913500000000001,0.041304761630268985,5.85,6.03,0.1800000000000006,5.9,0.0006460127813281278,0.0,0.95,1
5.912833333333333,0.03843139630851614,5.86,6.01,0.14999999999999947,5.89,-0.0003970547374270931,0.0,0.9666666666666667,1
5.912333333333334,0.04294828932047882,5.86,6.02,0.15999999999999925,5.89,-0.00014115031953325927,0.0,0.95,1
5.928666666666667,0.04533088228668063,5.85,6.05,0.20000000000000018,5.92,0.0006757432620171785,0.0,0.95,1
5.916333333333333,0.0455692391373343,5.85,6.01,0.16000000000000014,5.91,-0.00027452070019452405,0.0,0.9333333333333333,1
5.907,0.03702701716314725,5.85,6.01,0.16000000000000014,5.9,-8.780216726872117e-05,0.0,0.9833333333333333,1
5.905500000000001,0.04084217591330483,5.83,6.03,0.20000000000000018,5.89,0.00015698805223669847,0.0,0.9833333333333333,1
5.908666666666668,0.04252319628417211,5.85,6.08,0.23000000000000043,5.91,0.0003578771881077509,0.0,0.9666666666666667,1
5.922333333333333,0.04192718555888161,5.86,6.03,0.16999999999999993,5.91,0.0004651292025562504,0.0,0.9166666666666666,1
5.898,0.04354308211415444,5.83,6.02,0.1899999999999995,5.88,-0.0007202000555710095,0.0,0.9666666666666667,1
5.915166666666667,0.04232775553804964,5.85,6.02,0.16999999999999993,5.91,0.0006982495137537118,0.0,0.9833333333333333,1
5.912000000000003,0.03213513134665344,5.86,6.01,0.14999999999999947,5.91,-0.0006301750486245948,0.0,0.9833333333333333,1
5.910833333333333,0.0355570746203278,5.85,5.99,0.14000000000000057,5.91,-0.00038871908863578246,0.0,1.0,1
5.908166666666667,0.04356954848923221,5.83,6.01,0.17999999999999972,5.89,-0.0002514587385385406,0.0,0.9833333333333333,1
5.900666666666667,0.040778534658431405,5.83,6.01,0.17999999999999972,5.89,0.0008007779938871462,0.0,0.9833333333333333,1
5.978833333333332,0.10526303033618005,5.6,6.13,0.5300000000000002,5.99,0.0029866629619337984,0.0,0.5333333333333333,1
5.928333333333334,0.20809586466071087,5.55,6.29,0.7400000000000002,5.95,-0.009118644067796618,0.0,0.5666666666666667,1
5.6195,0.09745811065957179,5.44,5.83,0.3899999999999997,5.59,-0.0014401222561823007,0.0,1.0,1
5.6481666666666674,0.12324084369865189,5.46,6.05,0.5899999999999999,5.62,-0.0018580161155876702,0.0,0.9666666666666667,1
5.632833333333332,0.05788182405173117,5.53,5.78,0.25,5.62,-0.00177854959711034,0.0,1.0,1
5.652,0.04384822307308099,5.59,5.76,0.16999999999999993,5.65,0.00041178105029167215,0.0,1.0,1
5.689166666666665,0.04623460704806394,5.59,5.81,0.21999999999999975,5.69,0.0008471797721588852,0.0,1.0,1
5.691833333333333,0.048148785608315765,5.6,5.81,0.20999999999999996,5.69,4.7235343150250635e-06,0.0,1.0,1
5.701833333333334,0.06192715254411604,5.57,5.83,0.2599999999999998,5.7,-0.0008766323978883784,0.0,1.0,1
5.710833333333334,0.04579998786996441,5.62,5.81,0.1899999999999995,5.71,-5.029174770776979e-05,0.0,1.0,1
5.746833333333334,0.06154921246901173,5.62,5.89,0.2699999999999996,5.75,6.029452625720308e-05,0.0,1.0,1
5.7281666666666675,0.0554223681277594,5.59,5.88,0.29000000000000004,5.72,-0.0006204501250347592,0.0,1.0,1
5.730999999999999,0.05476312628037222,5.6,5.86,0.2600000000000007,5.72,0.00021450402889686506,0.0,1.0,1
5.714333333333334,0.05722373245040516,5.62,5.86,0.2400000000000002,5.72,-0.000926924145596041,0.0,1.0,1
5.730833333333335,0.06943322131532012,5.57,5.92,0.34999999999999964,5.73,0.0009460961378160339,0.0,1.0,1
5.751166666666666,0.0620508304179367,5.65,5.91,0.2599999999999998,5.73,-0.0004998610725201921,0.0,1.0,1
5.748,0.06209669878504005,5.64,5.91,0.27000000000000046,5.73,1.0002778549607596e-05,0.0,1.0,1
5.739000000000001,0.07240395937608196,5.62,5.94,0.3200000000000003,5.72,-0.0013342595165324062,0.0,1.0,1
5.767666666666666,0.06375386698511358,5.64,5.88,0.2400000000000002,5.76,-0.0006262850791887249,0.0,1.0,1
5.739999999999998,0.06620674688680393,5.59,5.91,0.3200000000000003,5.72,-0.0006329535982217653,0.0,1.0,1
5.720833333333335,0.07139775128734015,5.59,5.88,0.29000000000000004,5.71,0.0005131981105862194,0.0,1.0,1
5.744833333333333,0.05451274061069469,5.62,5.86,0.2400000000000002,5.73,0.0006393442622950471,0.0,1.0,1
5.763,0.07725067421496501,5.57,5.92,0.34999999999999964,5.755,0.001400388996943535,0.0,1.0,1
5.748500000000002,0.06630296624837628,5.62,5.88,0.2599999999999998,5.74,-0.0009094192831342109,0.0,1.0,1
5.719499999999999,0.07062636429360729,5.57,5.85,0.27999999999999936,5.725,-0.0015829397054737899,0.0,1.0,1
5.865333333333335,0.09684122170967394,5.67,6.05,0.3799999999999999,5.88,-0.00041400388996948637,0.0,0.95,1
5.888333333333334,0.0918362068515947,5.64,6.01,0.3700000000000001,5.9,-0.0006290636287858284,0.0,0.9666666666666667,1
5.911833333333334,0.08556657576933235,5.72,6.03,0.3100000000000005,5.94,0.001442900805779364,0.0,0.85,1
5.8451666666666675,0.1149418935327277,5.59,6.03,0.4400000000000004,5.85,-0.000588218949708283,0.0,0.95,1
5.648166666666666,0.060456366267104024,5.51,5.86,0.35000000000000053,5.64,0.001527368713531518,0.0,1.0,1
5.898000000000001,0.15964335250802023,5.39,6.12,0.7300000000000004,5.92,0.0035643234231731036,0.0,0.6,1
5.6596666666666655,0.3177208768015655,5.08,6.13,1.0499999999999998,5.7,0.002145595998888543,0.0,0.8,1
5.873500000000001,0.14973114795080764,5.35,6.03,0.6800000000000006,5.91,0.0016668519033064535,0.0,0.8666666666666667,1
5.8901666666666666,0.15232084193861617,5.23,6.07,0.8399999999999999,5.91,0.004325368157821564,0.0,0.7333333333333333,1
5.854333333333333,0.14777648286817793,5.39,6.08,0.6900000000000004,5.895,-0.005379827729924971,0.0,0.8333333333333334,1
5.891000000000001,0.04422292015082981,5.81,5.99,0.1800000000000006,5.885,-0.0002445123645457281,0.0,1.0,1
5.8611666666666675,0.06807083728652742,5.62,5.97,0.34999999999999964,5.86,-0.0010711308696860417,0.0,1.0,1
5.655666666666667,0.14851898494431234,5.35,5.96,0.6100000000000003,5.635,0.004372325646012727,0.0,1.0,1
6.234666666666667,0.10817372858303242,5.88,6.33,0.4500000000000002,6.28,0.0033425951653236275,0.0,0.08333333333333333,1
6.150500000000002,0.1766863982691745,5.51,6.35,0.8399999999999999,6.21,-0.004202556265629424,0.0,0.13333333333333333,1
5.490666666666667,0.9459877847461291,2.84,6.38,3.54,5.904999999999999,-0.02074687413170328,0.0,0.65,1
6.037999999999999,0.3259590976385432,5.48,6.78,1.2999999999999998,5.965,0.004180605723812087,0.0,0.55,1
5.817500000000001,0.1952658444275394,5.4,6.28,0.8799999999999999,5.805,-0.000642678521811641,0.0,0.8333333333333334,1
5.821833333333333,0.15613553585124548,5.53,6.33,0.7999999999999998,5.8,0.0015534870797443636,0.0,0.9,1
5.896999999999999,0.17595738120351756,5.34,6.21,0.8700000000000001,5.94,-0.003772714642956392,0.0,0.7166666666666667,1
5.822499999999999,0.17548622927929894,5.55,6.22,0.6699999999999999,5.77,0.005048902472909061,0.0,0.7833333333333333,1
5.848333333333333,0.056100108932356216,5.72,6.03,0.3100000000000005,5.85,-0.0012503473186997024,0.0,0.95,1
5.966499999999999,0.10525880802415856,5.78,6.17,0.3899999999999997,5.97,0.005440677966101625,0.0,0.5833333333333334,1
6.1465000000000005,0.15299046811266814,6.01,6.56,0.5499999999999998,6.07,0.006754376215615447,0.0,0.0,1
6.217833333333334,0.12041721453162564,5.81,6.37,0.5600000000000005,6.23,0.005255626562934106,0.0,0.05,1
6.215833333333333,0.1821655992649424,5.89,6.53,0.6400000000000006,6.17,0.00247263128646841,0.0,0.13333333333333333,1
6.163833333333333,0.11647734639071336,5.94,6.4,0.45999999999999996,6.17,-0.004023061961656113,0.0,0.06666666666666667,1
6.367166666666666,0.15433828285799853,5.91,6.67,0.7599999999999998,6.359999999999999,0.0023770491803278416,0.0,0.03333333333333333,1
6.294,0.1547169458505866,5.92,6.54,0.6200000000000001,6.3,-0.006228952486802007,0.0,0.03333333333333333,1
6.397833333333334,0.11717638651006249,6.07,6.56,0.4899999999999993,6.43,0.002917754931925459,0.0,0.0,1
6.312333333333333,0.13258163103872614,5.88,6.49,0.6100000000000003,6.33,0.0005918310641844211,0.0,0.03333333333333333,1
6.505166666666668,0.06827619562401586,6.29,6.65,0.3600000000000003,6.51,-0.0018852459016393895,0.0,0.0,1
6.032,0.35566744767174485,5.35,6.59,1.2400000000000002,6.109999999999999,-0.007525423728813609,0.0,0.45,1
6.340333333333333,0.1469009492443425,5.76,6.56,0.7999999999999998,6.37,0.0019772158933036585,0.0,0.016666666666666666,1
6.229000000000001,0.11516220444804509,5.86,6.47,0.6099999999999994,6.24,-0.0027285357043623643,0.0,0.016666666666666666,1
6.194833333333333,0.1052060148259383,5.94,6.42,0.47999999999999954,6.19,0.004316476799110817,0.0,0.03333333333333333,1
6.222499999999999,0.09458021287069864,5.99,6.42,0.4299999999999997,6.21,-0.0013167546540706566,0.0,0.016666666666666666,1
6.195666666666666,0.10529904505212236,5.92,6.48,0.5600000000000005,6.19,0.0017782717421505412,0.0,0.016666666666666666,1
6.254833333333333,0.09030488481927333,5.89,6.44,0.5500000000000007,6.26,-0.0014962489580439288,0.0,0.03333333333333333,1
6.2701666666666656,0.10517432618699718,5.94,6.47,0.5299999999999994,6.26,0.0013450958599610485,0.0,0.016666666666666666,1
6.380833333333333,0.1144012189134753,5.94,6.51,0.5699999999999994,6.42,-0.0036540705751598136,0.0,0.03333333333333333,1
6.305666666666666,0.11375949288838376,6.05,6.54,0.4900000000000002,6.31,0.004095026396221167,0.0,0.0,1
6.369333333333333,0.09696849431072396,6.01,6.53,0.5200000000000005,6.38,-0.0005979438732982125,0.0,0.0,1
6.3069999999999995,0.1016251281262005,5.91,6.45,0.54,6.33,-0.0039016393442623367,0.0,0.03333333333333333,1
6.2203333333333335,0.04690297313485458,6.1,6.33,0.23000000000000043,6.215,0.0010186162823006186,0.0,0.0,1
6.239999999999999,0.14832396974191325,5.75,6.51,0.7599999999999998,6.24,0.002916365657126907,0.0,0.05,1
6.3711666666666655,0.12717562222725273,6.13,6.64,0.5099999999999998,6.4,-0.0008432898027230556,0.0,0.0,1
6.401833333333333,0.11691152875382124,6.15,6.7,0.5499999999999998,6.41,0.0004231731036398583,0.0,0.0,1
6.5281666666666665,0.18032832710241495,6.15,6.86,0.71,6.54,0.005455126424006606,0.0,0.0,1
6.467500000000001,0.1383669637835082,6.21,6.74,0.5300000000000002,6.48,0.00415420950263955,0.0,0.0,1
6.773,0.15912573644762806,6.17,6.97,0.7999999999999998,6.82,0.007291469852736818,0.0,0.0,1
6.043333333333335,0.4948153415388636,3.83,6.7,2.87,6.16,0.014576826896360032,0.0,0.3,1
6.3163333333333345,0.09600289347491334,6.08,6.49,0.41000000000000014,6.33,0.0015176437899416557,0.0,0.0,1
6.338166666666666,0.10946067279570733,6.1,6.69,0.5900000000000007,6.33,0.003720755765490352,0.0,0.0,1
6.514833333333333,0.12406304400944257,6.19,6.72,0.5299999999999994,6.55,-0.005456793553764997,0.0,0.0,1
6.382,0.04482558793070473,6.22,6.47,0.25,6.38,-0.0004445679355377057,0.0,0.0,1
6.369166666666667,0.0973017928349159,6.17,6.51,0.33999999999999986,6.4,-0.003478466240622465,0.0,0.0,1
6.2668333333333335,0.10040736471439178,6.08,6.53,0.4500000000000002,6.22,0.0035968324534592314,0.0,0.0,1
6.433999999999999,0.11110355529864921,6.15,6.58,0.4299999999999997,6.46,0.0031469852736871443,0.0,0.0,1
6.344666666666667,0.1545689346393885,6.05,6.64,0.5899999999999999,6.34,0.0006557377049179634,0.0,0.0,1
6.487833333333333,0.1583255261233078,6.17,6.81,0.6399999999999997,6.5,0.0060697415948874,0.0,0.0,1
6.455333333333334,0.13587330700161657,6.26,6.85,0.5899999999999999,6.42,-0.003182550708530241,0.0,0.0,1
6.473333333333333,0.09211707526596552,6.17,6.69,0.5200000000000005,6.475,0.002012225618227198,0.0,0.0,1
6.501833333333334,0.08075666467164724,6.19,6.64,0.4499999999999993,6.52,-0.0008660739094193341,0.0,0.0,1
6.311333333333334,0.04684964128879627,6.19,6.45,0.2599999999999998,6.32,-0.00032120033342600827,0.0,0.0,1
6.4461666666666675,0.08060379781512916,6.17,6.67,0.5,6.45,0.0003953876076687559,0.0,0.0,1
6.555666666666666,0.15443840915466017,6.17,6.77,0.5999999999999996,6.58,0.00689524868018884,0.0,0.0,1
6.558333333333334,0.09497660530654671,6.22,6.72,0.5,6.535,-0.004007779938871962,0.0,0.0,1
6.329166666666667,0.11649451584612144,5.99,6.58,0.5899999999999999,6.33,-0.001156154487357619,0.0,0.016666666666666666,1
6.387833333333334,0.11694858794454181,5.99,6.53,0.54,6.43,0.002948318977493678,0.0,0.016666666666666666,1
6.400833333333333,0.04765471878232231,6.28,6.47,0.1899999999999995,6.42,-0.0015295915532092651,0.0,0.0,1
6.226666666666666,0.09298147963737485,6.01,6.37,0.3600000000000003,6.23,0.0010063906640732773,0.0,0.0,1
6.3196666666666665,0.12962724336427986,5.91,6.56,0.6499999999999995,6.33,0.004611280911364194,0.0,0.03333333333333333,1
6.405166666666665,0.09109503584474604,6.22,6.69,0.47000000000000064,6.41,-0.0014240066685191162,0.0,0.0,1
6.260500000000001,0.10929203996632145,5.88,6.47,0.5899999999999999,6.29,-0.003654626285079237,0.0,0.016666666666666666,1
6.144000000000001,0.051516987489565104,6.05,6.28,0.23000000000000043,6.13,-7.001944984721294e-05,0.0,0.0,1
6.224666666666666,0.1861671888981037,5.96,6.77,0.8099999999999996,6.15,0.007298694081689282,0.0,0.016666666666666666,1
6.311333333333334,0.0877395134601408,6.1,6.51,0.41000000000000014,6.33,-0.0009902750764102,0.0,0.0,1
6.325000000000001,0.3117343954929153,5.44,6.78,1.3399999999999999,6.42,0.008434009447068585,0.0,0.15,1
6.4405,0.15159622906479783,5.73,6.75,1.0199999999999996,6.475,0.002463184217838239,0.0,0.03333333333333333,1
6.415,0.11974277987976284,5.94,6.67,0.7299999999999995,6.42,-0.0007246457349263832,0.0,0.016666666666666666,1
6.387833333333333,0.1336923292073592,5.97,6.62,0.6500000000000004,6.4,-0.00037093637121432787,0.0,0.016666666666666666,1
6.3725,0.11861176164276466,6.05,6.54,0.4900000000000002,6.38,-0.0026893581550431296,0.0,0.0,1
6.310500000000001,0.05731273854912183,6.17,6.42,0.25,6.33,-0.0014162267296471888,0.0,0.0,1
6.468833333333333,0.17199895025519452,5.89,6.67,0.7800000000000002,6.51,0.005423450958599554,0.0,0.03333333333333333,1
6.486166666666666,0.14205740232580466,5.94,6.64,0.6999999999999993,6.53,0.0013378716310085577,0.0,0.016666666666666666,1
6.3775,0.19784358299761295,5.83,6.62,0.79,6.44,-0.0003075854404001017,0.0,0.05,1
6.502999999999999,0.16336360263738886,6.08,6.74,0.6600000000000001,6.48,-0.008318977493748358,0.0,0.0,1
6.150000000000001,0.1286597580183227,5.85,6.53,0.6800000000000006,6.15,0.0003500972492358636,0.0,0.06666666666666667,1
6.2201666666666675,0.11961732966236768,5.99,6.49,0.5,6.215,0.002108641289247002,0.0,0.03333333333333333,1
6.215833333333333,0.13347024220984827,5.76,6.45,0.6900000000000004,6.22,-0.002594331758821971,0.0,0.06666666666666667,1
6.431666666666667,0.13716373022373263,6.02,6.65,0.6300000000000008,6.43,0.00522033898305078,0.0,0.0,1
6.457,0.17611833143278038,5.97,6.64,0.6699999999999999,6.53,-0.005583773270352953,0.0,0.016666666666666666,1
6.458166666666668,0.21558827787139906,6.03,6.75,0.7199999999999998,6.47,0.009988052236732384,0.0,0.0,1
6.490666666666666,0.20430260780409917,6.03,6.75,0.7199999999999998,6.58,-0.009297026951931176,0.0,0.0,1
6.453999999999999,0.20839225833349315,6.01,6.77,0.7599999999999998,6.475,-0.003712697971658827,0.0,0.0,1
6.463166666666665,0.14942658918531052,6.05,6.75,0.7000000000000002,6.46,0.0014217838288412752,0.0,0.0,1
6.563833333333335,0.19624892073305494,5.94,6.78,0.8399999999999999,6.64,-0.000783828841344887,0.0,0.016666666666666666,1
6.494666666666666,0.19039841269179625,5.99,6.78,0.79,6.49,-0.0012581272575716165,0.0,0.016666666666666666,1
6.459333333333333,0.16824453103213258,6.05,6.69,0.6400000000000006,6.51,-0.0058705195887746985,0.0,0.0,1
6.3105,0.10193829833122912,5.94,6.47,0.5299999999999994,6.31,-0.002438732981383771,0.0,0.016666666666666666,1
6.236166666666667,0.12036183872898512,6.05,6.64,0.5899999999999999,6.21,-0.001112809113642769,0.0,0.0,1
6.3183333333333325,0.1251421414055056,6.08,6.54,0.45999999999999996,6.33,-0.002800777993887284,0.0,0.0,1
5.384666666666666,0.9845362134302403,3.26,6.56,3.3,5.57,-0.03672575715476524,0.0,0.5666666666666667,1
6.353833333333333,0.21706444255617324,5.99,6.94,0.9500000000000002,6.33,0.005526813003612089,0.0,0.016666666666666666,1
6.529999999999999,0.15877657257920647,6.17,6.85,0.6799999999999997,6.55,0.000736315643234194,0.0,0.0,1
6.2735,0.4196102358141422,5.05,6.72,1.67,6.465,0.003187829952764636,0.0,0.23333333333333334,1
6.353666666666667,0.2775485943438054,5.59,6.62,1.0300000000000002,6.47,0.0005368157821616664,0.0,0.13333333333333333,1
6.510833333333332,0.1680306684970204,6.03,6.9,0.8700000000000001,6.53,-0.0012939705473743379,0.0,0.0,1
6.649166666666667,0.18997624120458384,5.92,6.97,1.0499999999999998,6.645,-0.0005804390108364092,0.0,0.016666666666666666,1
6.9585,0.09359175533489396,6.78,7.22,0.4399999999999995,6.95,-0.0015529313698250207,0.3,0.0,1
6.6166666666666645,0.4014958142856397,5.59,6.94,1.3500000000000005,6.79,-0.013890525145873916,0.0,0.15,1
6.6015000000000015,0.12948391148452895,6.24,6.99,0.75,6.59,0.0020736315643233956,0.0,0.0,1
6.838,0.15691611347043571,6.42,7.08,0.6600000000000001,6.86,-0.0030936371214226733,0.11666666666666667,0.0,1
6.563833333333335,0.12088688468518359,6.33,6.81,0.47999999999999954,6.57,-0.001101139205334811,0.0,0.0,1
6.328499999999999,0.1750316638021056,6.03,6.83,0.7999999999999998,6.31,0.004861628230063888,0.0,0.0,1
6.275499999999999,0.19800189393033596,6.03,6.79,0.7599999999999998,6.2,-0.009430675187552159,0.0,0.0,1
6.230833333333334,0.08546523009713103,6.05,6.51,0.45999999999999996,6.22,0.0008894137260349287,0.0,0.0,1
6.187833333333333,0.10708394941457014,6.01,6.45,0.4400000000000004,6.17,0.00021644901361485364,0.0,0.0,1
6.071333333333333,0.15427752770755548,5.91,6.62,0.71,6.015,-0.0005279244234509996,0.0,0.45,1
6.357833333333334,0.1670538003824584,5.91,6.59,0.6799999999999997,6.4,-0.004065851625451566,0.0,0.016666666666666666,1
5.417166666666666,1.0928008230637862,1.85,6.33,4.48,5.83,-0.031035009724923623,0.0,0.75,1
5.948333333333333,0.20837599563182788,5.37,6.24,0.8700000000000001,6.025,0.002955265351486464,0.0,0.4666666666666667,1
5.836166666666666,0.1676115714647676,5.5,6.13,0.6299999999999999,5.845000000000001,0.0014662406223950257,0.0,0.8166666666666667,1
5.9285000000000005,0.14170185837407598,5.72,6.26,0.54,5.86,-0.002990552931369909,0.0,0.65,1
5.771166666666668,0.06990688250968007,5.67,6.17,0.5,5.76,-0.0005370936371214787,0.0,0.9833333333333333,1
6.012333333333333,0.22299750870556584,5.73,6.45,0.7199999999999998,5.93,0.00964267852181156,0.0,0.5666666666666667,1
6.417833333333333,0.09241377362469058,6.21,6.59,0.3799999999999999,6.43,0.0012261739372046846,0.0,0.0,1
6.356666666666667,0.10241527663824815,6.17,6.53,0.3600000000000003,6.37,-0.004227285357043732,0.0,0.0,1
6.333166666666667,0.1026400127738799,6.21,6.61,0.40000000000000036,6.29,0.0036479577660461027,0.0,0.0,1
6.456333333333333,0.12303070980676148,6.03,6.61,0.5800000000000001,6.5,0.0008035565434842631,0.0,0.0,1
6.412166666666665,0.08207906080251053,6.19,6.56,0.3699999999999992,6.44,-0.0016235065295916035,0.0,0.0,1
6.448333333333334,0.0776781107448481,6.19,6.65,0.45999999999999996,6.45,0.0006596276743539673,0.0,0.0,1
6.3901666666666666,0.0624897769416905,6.29,6.54,0.25,6.38,-0.0012478466240622905,0.0,0.0,1
6.495166666666666,0.11355603120143913,6.17,6.78,0.6100000000000003,6.49,0.004445401500416776,0.0,0.0,1
6.454166666666666,0.0762734481250775,6.33,6.67,0.33999999999999986,6.44,-0.0026810225062517384,0.0,0.0,1
6.497666666666666,0.12186559080487903,6.26,6.78,0.5200000000000005,6.48,0.003811614337315855,0.0,0.0,1
6.4608333333333325,0.05379875050180578,6.35,6.56,0.20999999999999996,6.47,-0.00018810780772442168,0.0,0.0,1
6.3945,0.060729591908173904,6.28,6.53,0.25,6.390000000000001,-0.0026265629341484876,0.0,0.0,1
6.391,0.11796468398070105,6.26,6.85,0.5899999999999999,6.33,0.004258960822450691,0.0,0.0,1
6.525666666666666,0.08411037721681883,6.31,6.74,0.4300000000000006,6.53,-7.779938871916721e-05,0.0,0.0,1
6.4365000000000006,0.06204366741792968,6.22,6.58,0.3600000000000003,6.45,-0.0002992497916088179,0.0,0.0,1
6.406666666666669,0.15446322827420408,6.12,6.77,0.6499999999999995,6.390000000000001,-0.004631842178382913,0.0,0.0,1
6.262333333333333,0.08069214473678475,6.17,6.56,0.3899999999999997,6.24,0.0014015004167823816,0.0,0.0,1
6.3568333333333324,0.11492739253787825,6.12,6.58,0.45999999999999996,6.35,0.0007938316198943874,0.0,0.0,1
6.126666666666667,0.19553061709671513,5.69,6.53,0.8399999999999999,6.140000000000001,-0.006639622117254872,0.0,0.2833333333333333,1
5.9025,0.23286351510416284,5.39,6.19,0.8000000000000007,5.965,0.010779383161989413,0.0,0.5,1
5.998166666666665,0.18780745163301932,5.81,6.51,0.7000000000000002,5.93,0.006393164767991075,0.0,0.7166666666666667,1
6.225666666666667,0.1576638477549273,5.99,6.69,0.7000000000000002,6.17,-0.0033676021116977603,0.0,0.016666666666666666,1
6.236999999999999,0.1277928010491984,5.97,6.62,0.6500000000000004,6.215,0.0016048902472908595,0.0,0.016666666666666666,1
6.2755,0.12286069347028776,6.02,6.58,0.5600000000000005,6.26,-0.00017199222006115679,0.0,0.0,1
6.355166666666666,0.14903569669340597,6.08,6.69,0.6100000000000003,6.33,0.0006826896360099105,0.0,0.0,1
6.189333333333334,0.10267857073844025,6.03,6.56,0.5299999999999994,6.17,0.0025262572936926263,0.0,0.0,1
6.2666666666666675,0.14681810363696834,6.02,6.69,0.6700000000000008,6.24,-0.0006501806057238367,0.0,0.0,1
6.3803333333333345,0.13324121818049486,6.08,6.72,0.6399999999999997,6.35,0.0006974159488746505,0.0,0.0,1
6.371499999999999,0.12747319979770913,6.15,6.65,0.5,6.359999999999999,-0.0028838566268409,0.0,0.0,1
6.289499999999999,0.189793089090901,5.97,6.7,0.7300000000000004,6.27,-0.0052361767157544205,0.0,0.05,1
6.391499999999999,0.2846390989774009,5.97,6.79,0.8200000000000003,6.34,-0.003106696304529022,0.0,0.016666666666666666,1
6.0843333333333325,0.10803343103975833,5.91,6.35,0.4399999999999995,6.0600000000000005,-0.001674353987218743,0.0,0.21666666666666667,1
6.4928333333333335,0.2427213193950809,5.97,6.79,0.8200000000000003,6.525,0.00477493748263404,0.0,0.016666666666666666,1
6.348333333333334,0.16831683087426386,6.01,6.77,0.7599999999999998,6.33,0.0029208113364823074,0.0,0.0,1
6.246500000000001,0.25786834496179123,5.8,6.85,1.0499999999999998,6.24,-0.003612392331203193,0.0,0.18333333333333332,1
6.739,0.14374398538141803,6.28,6.91,0.6299999999999999,6.79,0.001376493470408356,0.0,0.0,1
6.406166666666667,0.21604854135638646,6.03,6.91,0.8799999999999999,6.35,-0.006068074465129224,0.0,0.0,1
6.223333333333334,0.29540743991232776,5.73,6.78,1.0499999999999998,6.2,0.0034187274242844573,0.0,0.23333333333333334,1
6.602166666666666,0.14680022328169515,6.17,6.99,0.8200000000000003,6.61,0.0005709919422061043,0.0,0.0,1
6.456833333333335,0.11333566174078764,6.22,6.65,0.4300000000000006,6.46,-0.003631286468463481,0.0,0.0,1
6.419499999999999,0.09052485846440195,6.17,6.7,0.5300000000000002,6.43,-0.0018318977493748916,0.0,0.0,1
6.309333333333332,0.07777888888095248,6.15,6.47,0.3199999999999994,6.33,-0.0018338427340927864,0.0,0.0,1
6.391833333333334,0.17913208968678826,6.08,6.72,0.6399999999999997,6.42,-0.005589608224506865,0.0,0.0,1
6.4585,0.18260909980976672,6.08,6.79,0.71,6.445,0.0053256460127812785,0.0,0.0,1
6.4380000000000015,0.10235233265539193,6.28,6.74,0.45999999999999996,6.42,-0.0029219227563212617,0.0,0.0,1
6.266833333333334,0.07294956400753122,6.17,6.49,0.3200000000000003,6.26,-0.0009349819394276868,0.0,0.0,1
6.336166666666668,0.1706467273508506,6.12,6.75,0.6299999999999999,6.285,0.005720200055570933,0.0,0.0,1
6.603666666666667,0.15046557376652264,6.24,6.95,0.71,6.59,0.004314531814392842,0.0,0.0,1
6.499333333333333,0.1760195696190878,6.02,6.79,0.7700000000000005,6.51,-0.0008207835509864419,0.0,0.0,1
6.598666666666667,0.1197283963347413,6.37,6.94,0.5700000000000003,6.6,3.3342595164598873e-06,0.0,0.0,1
6.601833333333333,0.35606877456781044,4.46,7.02,2.5599999999999996,6.66,-0.00760294526257295,0.016666666666666666,0.03333333333333333,1
3.2071666666666663,1.029219917650688,1.52,4.71,3.19,3.66,0.05345734926368437,0.0,1.0,1
5.166500000000001,0.5389088512911994,4.21,6.07,1.8600000000000003,5.08,0.02908669074742982,0.0,0.95,1
6.203,0.28732849957264367,5.48,6.67,1.1899999999999995,6.27,0.012456237843845435,0.0,0.25,1
6.4141666666666675,0.14053815219442092,6.07,6.69,0.6200000000000001,6.41,-0.0009533203667686184,0.0,0.0,1
6.049833333333334,0.23284824576439386,5.62,6.47,0.8499999999999996,6.08,-0.010448180050013918,0.0,0.45,1
6.156666666666666,0.21097919855336983,5.88,6.65,0.7700000000000005,6.09,0.0058910808557932565,0.0,0.25,1
6.220333333333334,0.14343368580017116,5.92,6.54,0.6200000000000001,6.19,0.0020316754654070034,0.0,0.05,1
6.076333333333334,0.24103918538048727,5.6,6.61,1.0100000000000007,6.025,-0.010062795220894715,0.0,0.48333333333333334,1
6.215166666666667,0.1789924734606334,5.83,6.51,0.6799999999999997,6.225,-0.005464017782717474,0.0,0.13333333333333333,1
6.281166666666666,0.25761788024557275,5.75,6.78,1.0300000000000002,6.23,0.001806890803000772,0.0,0.13333333333333333,1
6.153000000000001,0.22792762009023837,5.88,6.79,0.9100000000000001,6.075,-0.001561544873576023,0.0,0.25,1
6.4910000000000005,0.31848443185395003,6.02,7.08,1.0600000000000005,6.515000000000001,-0.008973603778827569,0.03333333333333333,0.0,1
6.408833333333334,0.27314887068328797,5.91,6.95,1.04,6.38,-0.0006654626285079464,0.0,0.03333333333333333,1
6.264166666666667,0.15339808415434075,6.01,6.64,0.6299999999999999,6.22,-0.006036398999722224,0.0,0.0,1
6.198333333333334,0.17916627906934818,5.75,6.62,0.8700000000000001,6.205,-0.003644901361489321,0.0,0.13333333333333333,1
6.1163333333333325,0.2887499879749877,5.53,6.64,1.1099999999999994,6.13,-0.006103362045012522,0.0,0.25,1
6.337500000000001,0.2533155147242268,5.94,6.94,1.0,6.22,0.010858849680466716,0.0,0.03333333333333333,1
6.730000000000001,0.30344137270099913,6.1,7.13,1.0300000000000002,6.83,0.001437065851625385,0.21666666666666667,0.0,1
6.248166666666667,0.21241070019082264,5.92,6.93,1.0099999999999998,6.18,-0.003310086135037567,0.0,0.03333333333333333,1
6.497833333333333,0.21103784547379698,6.19,7.1,0.9099999999999993,6.45,0.007559599888857967,0.03333333333333333,0.0,1
6.117500000000001,0.888299170700202,3.77,7.18,3.4099999999999997,6.3100000000000005,-0.031412336760211206,0.1,0.4,1
6.5535000000000005,0.35894672306625114,5.92,7.16,1.2400000000000002,6.535,0.011180605723812093,0.16666666666666666,0.05,1
6.850999999999999,0.26135990511170604,6.33,7.43,1.0999999999999996,6.81,-0.0007874409558211056,0.23333333333333334,0.0,1
6.764333333333332,0.22534689308313563,6.28,7.16,0.8799999999999999,6.78,0.0034181717143650877,0.21666666666666667,0.0,1
6.5298333333333325,0.27816956259726827,5.91,6.95,1.04,6.615,-0.0066815782161712646,0.0,0.016666666666666666,1
6.356166666666668,0.20148690335161298,6.02,6.91,0.8900000000000006,6.375,-0.009108919144206808,0.0,0.0,1
6.187666666666668,0.19854778322162708,5.86,6.67,0.8099999999999996,6.15,0.002755765490413936,0.0,0.21666666666666667,1
6.198833333333334,0.20777465089744598,5.78,6.64,0.8599999999999994,6.21,-0.00022923034176165863,0.0,0.18333333333333332,1
6.115499999999999,0.19746244368655702,5.71,6.48,0.7700000000000005,6.1,0.0030950263962211313,0.0,0.23333333333333334,1
6.1418333333333335,0.19925270108304405,5.6,6.53,0.9300000000000006,6.17,-0.0033528757988330474,0.0,0.21666666666666667,1
6.1916666666666655,0.30592573535999806,5.6,6.77,1.17,6.17,0.012696304529035815,0.0,0.35,1
6.019000000000002,0.2092661781878126,5.78,6.61,0.8300000000000001,5.96,-0.007317032509030321,0.0,0.6833333333333333,1
6.227333333333333,0.17989688404441276,5.91,6.69,0.7800000000000002,6.21,-0.006127813281467138,0.0,0.05,1
6.222833333333333,0.25454594651828355,5.81,6.85,1.04,6.21,0.000762156154487281,0.0,0.23333333333333334,1
5.9145,0.14055159195114084,5.65,6.29,0.6399999999999997,5.88,-0.0015940539038622175,0.0,0.8166666666666667,1
6.0873333333333335,0.3166431570220473,5.69,6.7,1.0099999999999998,5.965,0.011743817727146354,0.0,0.55,1
6.254500000000001,0.3968224834020034,5.46,6.86,1.4000000000000004,6.12,-0.015853014726312956,0.0,0.2833333333333333,1
6.310666666666667,0.5092080997871979,5.26,7.11,1.8500000000000005,6.33,-0.013826618505140402,0.05,0.2833333333333333,1
5.632000000000001,0.11930074042799008,5.4,5.88,0.47999999999999954,5.609999999999999,0.0025701583773270202,0.0,1.0,1
6.156166666666666,0.4577812129051266,5.32,6.88,1.5599999999999996,5.99,0.0027365934981938627,0.0,0.5166666666666667,1
5.504333333333333,0.3008785284610533,4.87,5.86,0.9900000000000002,5.605,0.009113086968602356,0.0,1.0,1
5.641666666666667,0.2600267080299423,5.07,6.17,1.0999999999999996,5.69,0.0024801333703806322,0.0,0.9333333333333333,1
5.779166666666667,0.27467733595782684,5.16,6.31,1.1499999999999995,5.75,-0.006131981105862779,0.0,0.7333333333333333,1
6.062,0.2002648246697358,5.69,6.37,0.6799999999999997,6.1,0.008563489858293938,0.0,0.4,1
6.233166666666666,0.20904936950129485,5.69,6.56,0.8699999999999992,6.29,-0.00514837454848574,0.0,0.11666666666666667,1
5.945833333333335,0.1969373137715541,5.3,6.17,0.8700000000000001,6.02,0.0013034176160044552,0.0,0.48333333333333334,1
6.215166666666666,0.15986965176529144,5.78,6.51,0.7299999999999995,6.21,0.0010989163656570905,0.0,0.08333333333333333,1
5.891499999999999,0.2801536780649744,5.35,6.45,1.1000000000000005,6.0,0.012684912475687683,0.0,0.5,1
6.140833333333334,0.16807033911100708,5.73,6.45,0.7199999999999998,6.125,-0.00216476799110867,0.0,0.18333333333333332,1
6.109333333333334,0.10487876598985874,5.94,6.35,0.40999999999999925,6.075,0.000312864684634577,0.0,0.13333333333333333,1
6.004500000000001,0.29563166835326243,5.34,6.38,1.04,6.125,-0.0011583773270353395,0.0,0.4,1
6.213833333333334,0.12490118316315324,5.83,6.49,0.6600000000000001,6.215,0.0020997499305362276,0.0,0.05,1
6.207333333333334,0.16889707582495977,5.83,6.61,0.7800000000000002,6.225,-0.00512420116699091,0.0,0.11666666666666667,1
6.160166666666667,0.15695531919059716,5.92,6.53,0.6100000000000003,6.109999999999999,0.006860516810225019,0.0,0.08333333333333333,1
6.332333333333333,0.1321409180466907,5.85,6.59,0.7400000000000002,6.33,0.0011992220061127642,0.0,0.03333333333333333,1
6.374499999999999,0.11428655505643114,6.15,6.64,0.4899999999999993,6.35,-0.0015290358432898954,0.0,0.0,1
6.442999999999999,0.11213533490088365,6.24,6.65,0.41000000000000014,6.44,-0.0007802167268686015,0.0,0.0,1
6.549333333333334,0.23183231487914327,6.08,6.95,0.8700000000000001,6.48,-0.004483467629897271,0.0,0.0,1
6.451166666666667,0.15256792658426682,6.22,6.77,0.5499999999999998,6.41,0.005408446790775175,0.0,0.0,1
6.6241666666666665,0.11090974809376414,6.42,6.86,0.4400000000000004,6.63,0.0009033064740204866,0.0,0.0,1
6.717,0.14429483705247392,6.33,6.97,0.6399999999999997,6.74,0.0009974993053625432,0.0,0.0,1
6.5053333333333345,0.1548059717481496,6.22,6.86,0.6400000000000006,6.475,-0.0023134203945540583,0.0,0.0,1
6.412166666666666,0.16670424576343448,6.07,6.83,0.7599999999999998,6.42,0.0019913864962488948,0.0,0.0,1
5.147500000000002,2.2959911621490763,1.6,7.18,5.58,6.68,-0.11505834954153946,0.18333333333333332,0.38333333333333336,1
2.778,0.9358005485500993,1.69,4.57,2.8800000000000003,2.28,0.04461683801055849,0.0,1.0,1
4.9975,0.49968198219801097,4.11,5.78,1.67,4.88,0.026371492081133593,0.0,1.0,1
5.8516666666666675,0.16363747193788536,5.37,6.22,0.8499999999999996,5.83,0.00474965268130035,0.0,0.8166666666666667,1
5.972833333333331,0.12295109687279013,5.69,6.28,0.5899999999999999,5.97,-0.0015595998888580747,0.0,0.6,1
6.159666666666666,0.23164604224741012,5.8,6.74,0.9400000000000004,6.08,0.007639344262295015,0.0,0.3,1
6.094333333333334,0.10705709795348567,5.92,6.45,0.5300000000000002,6.07,0.004198388441233622,0.0,0.18333333333333332,1
6.110666666666668,0.0936281059416574,6.02,6.47,0.4500000000000002,6.07,0.0038216171158655028,0.0,0.0,1
6.832833333333334,0.24933973922252253,6.4,7.23,0.8300000000000001,6.8,0.008162545151430842,0.31666666666666665,0.0,1
6.9768333333333326,0.14155672204298728,6.53,7.18,0.6499999999999995,6.95,-0.0008833009169214457,0.38333333333333336,0.0,1
6.864166666666667,0.14846202282813684,6.38,7.06,0.6799999999999997,6.9350000000000005,-0.005664629063628836,0.08333333333333333,0.0,1
6.755833333333333,0.17391848345960495,6.38,7.04,0.6600000000000001,6.76,0.005556265629341462,0.06666666666666667,0.0,1
6.842666666666667,0.1328390839407673,6.35,7.04,0.6900000000000004,6.86,-8.335648791332065e-05,0.06666666666666667,0.0,1
6.827166666666666,0.1505334034543681,6.42,7.11,0.6900000000000004,6.88,-0.0023414837454849326,0.08333333333333333,0.0,1
6.837333333333333,0.1811064757416353,6.29,7.04,0.75,6.890000000000001,-0.00024840233398177225,0.18333333333333332,0.0,1
5.844666666666667,1.8041022390343873,1.6,7.23,5.630000000000001,6.49,-0.08135037510419574,0.3333333333333333,0.25,1
5.303833333333333,1.1809827710663503,1.53,6.54,5.01,5.74,0.05774909697138094,0.0,0.5333333333333333,1
6.307666666666667,0.14767494333463924,5.94,6.53,0.5899999999999999,6.33,-0.0016232286746318983,0.0,0.016666666666666666,1
6.166666666666668,0.07489251557324594,6.01,6.35,0.33999999999999986,6.17,-0.000516810225062572,0.0,0.0,1
6.222333333333333,0.06839509404108517,6.12,6.37,0.25,6.21,0.0018371769936092865,0.0,0.0,1
6.2411666666666665,0.11823834215496912,5.94,6.51,0.5699999999999994,6.26,0.001644623506529491,0.0,0.016666666666666666,1
6.443500000000001,0.15237918711775136,6.13,6.74,0.6100000000000003,6.45,-0.002435954431786654,0.0,0.0,1
6.519666666666666,0.2791353713801882,6.07,6.91,0.8399999999999999,6.52,0.01393164767991102,0.0,0.0,1
6.613833333333334,0.08452005021821095,6.38,6.9,0.5200000000000005,6.62,-1.0280633509366217e-05,0.0,0.0,1
6.561499999999999,0.1735302567277534,6.17,6.81,0.6399999999999997,6.545,-0.005545707140872498,0.0,0.0,1
6.364833333333333,0.18803804284121756,6.07,6.67,0.5999999999999996,6.390000000000001,-0.001933036954709707,0.0,0.0,1
6.499499999999999,0.13375880033353568,6.19,6.75,0.5599999999999996,6.51,-0.004521533759377632,0.0,0.0,1
6.322166666666666,0.1155579460222831,6.08,6.56,0.47999999999999954,6.33,-0.00448707974437349,0.0,0.0,1
6.714666666666667,0.1553862570785747,6.35,6.99,0.6400000000000006,6.695,0.003559877743817703,0.0,0.0,1
6.789333333333334,0.21980951349343875,6.07,6.99,0.9199999999999999,6.86,-0.001548763545429352,0.0,0.0,1
6.4781666666666675,0.16367133394567157,6.08,6.79,0.71,6.49,-0.003990830786329502,0.0,0.0,1
6.3196666666666665,0.14460252034072185,6.07,6.62,0.5499999999999998,6.31,-0.006011669908307891,0.0,0.0,1
6.586333333333334,0.1648126882925651,6.1,6.85,0.75,6.635,0.0004779105307029079,0.0,0.0,1
5.187333333333334,2.0022452952179015,1.48,6.93,5.449999999999999,6.23,-0.09204501250347327,0.0,0.4166666666666667,1
5.034833333333334,0.8043537606191832,2.58,5.85,3.2699999999999996,5.28,0.03535398721867184,0.0,1.0,1
6.078166666666666,0.3246561856624465,5.34,6.62,1.2800000000000002,6.18,0.014903306474020515,0.0,0.43333333333333335,1
6.537000000000001,0.1603880710443683,6.17,6.77,0.5999999999999996,6.6,0.007936649069185831,0.0,0.0,1
6.5486666666666675,0.14755187411739495,6.26,6.79,0.5300000000000002,6.56,-0.004989163656571321,0.0,0.0,1
6.521999999999999,0.2398666296090393,6.05,6.95,0.9000000000000004,6.43,0.010138371769936028,0.0,0.0,1
6.970833333333333,0.22456099146754963,6.31,7.18,0.8700000000000001,7.075,-0.007510141706029512,0.6833333333333333,0.0,1
7.195499999999999,0.08751047556340515,6.94,7.29,0.34999999999999964,7.23,-0.0006526813003612487,0.95,0.0,1
6.7015,0.31380899179808935,6.31,7.23,0.9200000000000008,6.58,-0.01698555154209506,0.25,0.0,1
6.376166666666667,0.04539058884345481,6.29,6.47,0.17999999999999972,6.375,0.0016329535982216802,0.0,0.0,1
6.521000000000001,0.16850024727973947,6.22,6.94,0.7200000000000006,6.47,-0.00032620172270080537,0.0,0.0,1
6.686999999999999,0.1332078576260924,6.38,6.88,0.5,6.7,0.007176437899416445,0.0,0.0,1
7.0471666666666675,0.23358147519774672,6.24,7.24,1.0,7.16,0.010028063350930734,0.7,0.0,1
6.824166666666667,0.25164983387415313,6.28,7.18,0.8999999999999995,6.9350000000000005,-0.005522367324256823,0.21666666666666667,0.0,1
4.243666666666667,1.847741835021573,1.41,6.45,5.04,3.97,-0.06702528480133374,0.0,0.6333333333333333,1
5.054666666666666,0.15629530454310583,4.45,5.23,0.7800000000000002,5.13,0.007179216449013562,0.0,1.0,1
5.377666666666666,0.29412790112844145,4.5,6.08,1.58,5.39,0.01413837176993609,0.0,0.9833333333333333,1
6.353833333333332,0.24346862677195644,5.78,6.65,0.8700000000000001,6.375,0.0126754654070575,0.0,0.1,1
6.299833333333335,0.18836570518246915,5.78,6.61,0.8300000000000001,6.285,-0.0072895248680189505,0.0,0.03333333333333333,1
6.051166666666666,0.05510873090738186,5.96,6.17,0.20999999999999996,6.05,-0.0025076410113921235,0.0,0.16666666666666666,1
6.316833333333333,0.24046823537054163,5.94,6.86,0.9199999999999999,6.24,-0.007772436787996695,0.0,0.016666666666666666,1
6.650666666666667,0.24521328584633326,6.15,7.11,0.96,6.67,0.012303973325923829,0.11666666666666667,0.0,1
6.838833333333334,0.16697396670006834,6.33,7.07,0.7400000000000002,6.88,-0.001496804667963339,0.16666666666666666,0.0,1
6.860333333333334,0.21351008303018265,6.42,7.26,0.8399999999999999,6.9,0.009851069741594833,0.3,0.0,1
6.771500000000001,0.1987446016038339,6.33,7.31,0.9799999999999995,6.755,-0.0031539316476800103,0.1,0.0,1
6.671500000000001,0.25256566802846875,6.13,7.1,0.9699999999999998,6.72,-0.0066921367046402416,0.11666666666666667,0.0,1
6.138833333333334,0.1855989553370984,5.69,6.48,0.79,6.09,-0.005365657126979829,0.0,0.18333333333333332,1
6.782500000000001,0.1861059286177274,6.42,7.1,0.6799999999999997,6.775,0.002237565990552906,0.15,0.0,1
6.267666666666667,0.2200633747103068,5.86,6.95,1.0899999999999999,6.26,0.0002595165323700121,0.0,0.13333333333333333,1
6.0181666666666676,0.1902322411042764,5.67,6.35,0.6799999999999997,6.02,0.0005621005834953436,0.0,0.43333333333333335,1
5.8931666666666676,0.12085103318640772,5.67,6.08,0.41000000000000014,5.885,-0.003890247290914137,0.0,0.7333333333333333,1
5.885000000000001,0.1390503505928698,5.6,6.12,0.5200000000000005,5.89,0.0015765490414003606,0.0,0.6833333333333333,1
5.896,0.1810727294026722,5.51,6.4,0.8900000000000006,5.89,0.006468463462072737,0.0,0.8,1
6.234166666666667,0.08884990464573138,6.1,6.47,0.3700000000000001,6.22,-0.0006787996665740943,0.0,0.0,1
6.317166666666667,0.09235965328841132,6.07,6.48,0.41000000000000014,6.33,0.0026838010558487882,0.0,0.0,1
6.389333333333332,0.04603863112165221,6.24,6.49,0.25,6.390000000000001,3.389830508469266e-05,0.0,0.0,1
6.464166666666667,0.0433701766450429,6.33,6.61,0.28000000000000025,6.47,0.001221172547929941,0.0,0.0,1
6.512166666666667,0.02206744711610803,6.42,6.54,0.1200000000000001,6.51,0.00016754654070572946,0.0,0.0,1
6.527666666666667,0.02132030852392974,6.48,6.56,0.07999999999999918,6.53,0.0006940816893581236,0.0,0.0,1
6.246499999999999,0.18569531496513317,5.89,6.54,0.6500000000000004,6.215,-0.007196165601556049,0.0,0.1,1
6.010833333333334,0.14916759776245722,5.78,6.28,0.5,6.02,-0.007118921922756359,0.0,0.4666666666666667,1
5.916333333333333,0.09734760169390694,5.71,6.12,0.41000000000000014,5.93,-0.0015676576826896803,0.0,0.7666666666666667,1
6.027833333333334,0.09659350679810501,5.81,6.33,0.5200000000000005,6.02,0.0008716310086134338,0.0,0.3,1
4.992999999999999,0.8042186684395398,3.88,6.22,2.34,4.79,-0.044317310363990024,0.0,0.7833333333333333,1
4.016666666666667,0.17143187827498382,3.77,4.57,0.8000000000000003,3.98,0.004461794943039732,0.0,1.0,1
5.305666666666667,0.5475897694036618,4.3,6.1,1.7999999999999998,5.4350000000000005,0.030208946929702656,0.0,0.9666666666666667,1
5.921500000000001,0.17330921306535707,5.59,6.21,0.6200000000000001,5.99,-0.004544317866073991,0.0,0.5166666666666667,1
5.943666666666667,0.08372507921100401,5.76,6.17,0.41000000000000014,5.94,-0.0020955821061406526,0.0,0.7333333333333333,1
5.744,0.1027488848276872,5.51,5.89,0.3799999999999999,5.73,-0.003594887468741363,0.0,1.0,1
6.0985,0.21487845401528746,5.62,6.44,0.8200000000000003,6.17,0.0061586551819949546,0.0,0.18333333333333332,1
6.068500000000001,0.04230149721542573,5.99,6.17,0.17999999999999972,6.07,9.724923589889196e-06,0.0,0.03333333333333333,1
6.106499999999999,0.03664355332115055,6.03,6.17,0.13999999999999968,6.12,0.000455959988885731,0.0,0.0,1
6.108166666666667,0.04326244201254587,6.01,6.17,0.16000000000000014,6.12,0.0006415671019727407,0.0,0.0,1
6.156000000000001,0.06802450538837704,6.02,6.33,0.3100000000000005,6.17,0.0010886357321477377,0.0,0.0,1
6.3275,0.2312547296813624,6.1,6.86,0.7600000000000007,6.21,0.01033203667685467,0.0,0.0,1
6.281166666666667,0.15141655200876233,5.78,6.61,0.8300000000000001,6.31,0.0012767435398721592,0.0,0.06666666666666667,1
6.360833333333334,0.11155404768790589,6.05,6.65,0.6000000000000005,6.34,0.0032628507918866594,0.0,0.0,1
6.6770000000000005,0.22690159394180848,6.01,7.01,1.0,6.68,0.007751597666018272,0.016666666666666666,0.0,1
6.561999999999999,0.19968975937688946,6.33,7.06,0.7299999999999995,6.51,-0.004133370380661367,0.05,0.0,1
6.436999999999999,0.10954907576059235,6.19,6.62,0.4299999999999997,6.44,-0.004346207279799988,0.0,0.0,1
6.382166666666668,0.07855129251358994,6.21,6.49,0.28000000000000025,6.4,-0.0010216726868575612,0.0,0.0,1
6.208166666666667,0.07838987321218355,6.02,6.35,0.33000000000000007,6.215,-0.0031778271742150953,0.0,0.0,1
6.236666666666667,0.11407112790808296,6.02,6.56,0.54,6.22,0.0034970825229229674,0.0,0.0,1
6.245666666666666,0.2581237859804649,6.01,6.91,0.9000000000000004,6.15,-0.010627952208946976,0.0,0.0,1
6.179666666666666,0.1284518932865098,5.8,6.45,0.6500000000000004,6.17,0.0009508196721311126,0.0,0.06666666666666667,1
5.9525,0.14287086243644412,5.42,6.19,0.7700000000000005,5.97,-0.0009071964434565441,0.0,0.5833333333333334,1
6.339833333333333,0.2478204435114711,5.96,6.77,0.8099999999999996,6.28,-0.008052514587385453,0.0,0.05,1
6.0675,0.12737902757780292,5.86,6.4,0.54,6.04,-0.006380383439844458,0.0,0.23333333333333334,1
5.8500000000000005,0.032041639575194424,5.78,5.91,0.1299999999999999,5.85,-0.0006557377049180841,0.0,1.0,1
5.812333333333331,0.03537261966863956,5.73,5.88,0.14999999999999947,5.81,-0.0007774381772714979,0.0,1.0,1
5.836333333333333,0.0278667464113692,5.78,5.89,0.10999999999999943,5.83,0.000672964712420075,0.0,1.0,1
5.8551666666666655,0.10078841974927252,5.64,6.05,0.41000000000000014,5.855,0.0006710197277021267,0.0,0.9333333333333333,1
5.765333333333333,0.051103381057964775,5.64,5.86,0.22000000000000064,5.76,-0.0004795776604613524,0.0,1.0,1
5.982666666666666,0.17335769059631853,5.6,6.29,0.6900000000000004,5.97,0.002269519310919637,0.0,0.55,1
6.1225,0.2802714458044796,5.3,6.61,1.3100000000000005,6.215,-0.0003192553487080331,0.0,0.25,1
6.261833333333334,0.1947861362851291,5.57,6.54,0.9699999999999998,6.3,0.005636287857738162,0.0,0.08333333333333333,1
6.310833333333333,0.16778251464983546,5.76,6.65,0.8900000000000006,6.33,-0.003249513753820552,0.0,0.03333333333333333,1
6.341166666666667,0.22412118497713585,5.69,6.61,0.9199999999999999,6.41,0.009804667963323108,0.0,0.11666666666666667,1
6.474500000000001,0.11549062010974459,6.17,6.72,0.5499999999999998,6.48,-0.002709919422061728,0.0,0.0,1
6.464666666666667,0.15991108640602616,6.22,6.83,0.6100000000000003,6.43,0.004916365657126951,0.0,0.0,1
6.4544999999999995,0.12679938222772752,6.1,6.78,0.6800000000000006,6.47,0.0010172270075020533,0.0,0.0,1
6.467833333333333,0.12335709230612654,6.17,6.74,0.5700000000000003,6.49,-0.004028619060850319,0.0,0.0,1
6.3933333333333335,0.10308033544549397,6.03,6.61,0.5800000000000001,6.4,-0.0010797443734371244,0.0,0.0,1
6.5775,0.1267362747335321,6.29,6.86,0.5700000000000003,6.585,-0.00015198666296198184,0.0,0.0,1
6.435,0.28775857936819194,5.88,7.02,1.1399999999999997,6.51,0.0035587663239788968,0.016666666666666666,0.11666666666666667,1
6.448333333333333,0.16988394731567652,6.15,7.06,0.9099999999999993,6.43,-0.0001933870519589238,0.016666666666666666,0.0,1
6.066333333333333,0.19873740351417388,5.75,6.45,0.7000000000000002,6.01,0.008343984440122222,0.0,0.48333333333333334,1
6.549499999999999,0.09910306083399577,6.37,6.72,0.34999999999999964,6.54,0.004914976382328413,0.0,0.0,1
6.6825,0.11776565713313875,6.42,6.97,0.5499999999999998,6.68,0.0016707418727423635,0.0,0.0,1
6.490333333333334,0.21664076768286764,6.05,6.94,0.8900000000000006,6.51,-0.004841900527924458,0.0,0.0,1
6.515333333333333,0.14853132853225126,6.05,6.72,0.6699999999999999,6.56,-0.0028413448180050448,0.0,0.0,1
5.654666666666667,1.063161114580267,2.67,6.75,4.08,6.02,-0.03650180605723816,0.0,0.48333333333333334,1
6.4110000000000005,0.24631754572773198,5.89,6.94,1.0500000000000007,6.390000000000001,0.011637121422617344,0.0,0.06666666666666667,1
6.418,0.14481942779429385,6.02,6.74,0.7200000000000006,6.42,-0.0019316476799111552,0.0,0.0,1
6.336833333333333,0.161694069842472,6.03,6.74,0.71,6.33,0.0002486801889413029,0.0,0.0,1
6.4465,0.15492820918089775,6.08,6.72,0.6399999999999997,6.47,0.005296193387051879,0.0,0.0,1
6.363666666666666,0.21864710278335633,5.92,6.83,0.9100000000000001,6.375,-0.004001667129758359,0.0,0.016666666666666666,1
6.528,0.2506112527401753,5.94,6.97,1.0299999999999994,6.51,0.011088080022228362,0.0,0.06666666666666667,1
6.737833333333332,0.10496176552546267,6.45,6.97,0.5199999999999996,6.75,-0.0016279522089470172,0.0,0.0,1
6.5409999999999995,0.12158261937190416,6.22,6.85,0.6299999999999999,6.55,-0.00482522923034181,0.0,0.0,1
6.466333333333334,0.10628525558870129,6.28,6.74,0.45999999999999996,6.445,-0.0029469297026952336,0.0,0.0,1
6.355999999999999,0.08246615467370036,6.08,6.56,0.47999999999999954,6.37,-0.0011308696860239554,0.0,0.0,1
5.921666666666667,0.0567499388154345,5.81,6.17,0.3600000000000003,5.91,0.00020450125034732452,0.0,0.9333333333333333,1
6.019,0.14499080430611222,5.75,6.48,0.7300000000000004,6.0,0.002575715476521187,0.0,0.5,1
6.467333333333333,0.212805597253038,5.94,6.85,0.9099999999999993,6.51,0.006724645734926302,0.0,0.05,1
6.467999999999999,0.0952155449493411,6.07,6.67,0.5999999999999996,6.47,0.0011553209224784238,0.0,0.0,1
6.510499999999999,0.1005886839228614,6.31,6.85,0.54,6.485,-0.002099194220616858,0.0,0.0,1
6.485833333333334,0.12362971145948513,6.07,6.75,0.6799999999999997,6.47,-0.001564601278132885,0.0,0.0,1
6.392666666666668,0.20834159983599593,5.6,6.74,1.1400000000000006,6.4,0.002036121144762417,0.0,0.05,1
5.7025,0.42579190927024435,4.78,6.4,1.62,5.609999999999999,-0.017676854681856095,0.0,0.6666666666666666,1
6.2219999999999995,0.5758263627170955,4.86,6.88,2.0199999999999996,6.470000000000001,0.02814448457904974,0.0,0.3333333333333333,1
6.4514999999999985,0.1089162522307851,6.12,6.72,0.5999999999999996,6.47,0.002642122811892155,0.0,0.0,1
6.752833333333333,0.24392684468003012,6.35,7.11,0.7600000000000007,6.645,0.013278410669630415,0.3,0.0,1
6.331333333333333,0.3356459775153312,5.88,7.07,1.1900000000000004,6.27,-0.0064512364545707725,0.08333333333333333,0.15,1
6.2026666666666666,0.09056980119713683,5.94,6.35,0.40999999999999925,6.22,0.0024290080577938013,0.0,0.03333333333333333,1
6.3053333333333335,0.03164736253711445,6.22,6.37,0.15000000000000036,6.31,0.0004184495693248198,0.0,0.0,1
6.320666666666667,0.03380663971602159,6.26,6.38,0.1200000000000001,6.33,0.0012492358988607484,0.0,0.0,1
6.383666666666666,0.07724348228527488,6.1,6.51,0.41000000000000014,6.38,0.002157265907196354,0.0,0.0,1
6.684666666666668,0.18148890385426383,6.37,6.93,0.5599999999999996,6.695,0.009683801055848797,0.0,0.0,1
6.332833333333334,0.13400362764575524,6.22,6.9,0.6800000000000006,6.29,-0.005092247846624085,0.0,0.0,1
6.2775,0.05614341754233824,6.12,6.47,0.34999999999999964,6.26,0.00019477632675734147,0.0,0.0,1
6.270833333333333,0.05292421206047586,6.17,6.38,0.20999999999999996,6.28,-0.001727979994442919,0.0,0.0,1
6.272666666666667,0.05656461398750592,6.17,6.38,0.20999999999999996,6.26,-0.0009196999166435772,0.0,0.0,1
6.2265,0.045892083558423544,6.17,6.33,0.16000000000000014,6.215,-0.0010127813281467736,0.0,0.0,1
6.198999999999999,0.06500512800284808,6.1,6.38,0.28000000000000025,6.17,0.0022011669908307213,0.0,0.0,1
6.44,0.13697931717355485,6.17,6.79,0.6200000000000001,6.42,0.0053570436232286125,0.0,0.0,1
6.486166666666666,0.14814510529282504,6.28,6.83,0.5499999999999998,6.45,-0.006179772158933071,0.0,0.0,1
6.438666666666667,0.09278050561525424,6.21,6.62,0.41000000000000014,6.44,-0.002717421505973923,0.0,0.0,1
6.5246666666666675,0.12534574406638446,6.26,6.77,0.5099999999999998,6.54,-0.0012747985551542645,0.0,0.0,1
6.303166666666667,0.1775527308216413,6.07,6.77,0.6999999999999993,6.28,0.0042403445401499205,0.0,0.0,1
6.196666666666667,0.14928347381929302,6.03,6.77,0.7399999999999993,6.17,-0.004839121978327409,0.0,0.0,1
6.2156666666666665,0.0735610102039268,6.05,6.37,0.3200000000000003,6.24,0.0008630175048624048,0.0,0.0,1
6.520166666666666,0.19739547163555252,6.13,6.78,0.6500000000000004,6.58,0.009811336482356228,0.0,0.0,1
6.758833333333333,0.10459591557778704,6.42,6.94,0.5200000000000005,6.785,-0.00028591275354273703,0.0,0.0,1
6.7473333333333345,0.14613768241703518,6.38,6.91,0.5300000000000002,6.8,-0.0024873575993331364,0.0,0.0,1
6.596666666666667,0.09578912023583655,6.33,6.75,0.41999999999999993,6.615,0.002756321200333373,0.0,0.0,1
6.548166666666666,0.08896612963494718,6.35,6.74,0.39000000000000057,6.535,-0.002979994442900865,0.0,0.0,1
6.6485,0.1539677996638691,6.26,6.85,0.5899999999999999,6.67,0.006358710752986932,0.0,0.0,1
6.749666666666667,0.12867227967031422,6.38,6.93,0.5499999999999998,6.82,-0.004958599611003102,0.0,0.0,1
6.654999999999999,0.12359207094308274,6.22,6.9,0.6800000000000006,6.67,0.0030691858849679903,0.0,0.0,1
6.248833333333334,0.3525104805376557,5.64,6.86,1.2200000000000006,6.285,-0.015465684912475712,0.0,0.3,1
6.757999999999999,0.16971348404492406,6.22,6.95,0.7300000000000004,6.785,-0.0018455126424007044,0.0,0.0,1
6.751000000000001,0.15102648774304456,6.21,6.93,0.7199999999999998,6.79,0.005382606279522022,0.0,0.0,1
6.499333333333333,0.13454697651336836,6.29,6.93,0.6399999999999997,6.48,0.0003578771881077911,0.0,0.0,1
6.596666666666667,0.05500505027318448,6.47,6.72,0.25,6.59,-0.0015137538205057589,0.0,0.0,1
6.458166666666668,0.08519568977099459,6.24,6.64,0.39999999999999947,6.47,6.418449569326066e-05,0.0,0.0,1
6.452500000000001,0.04129669074716113,6.38,6.56,0.17999999999999972,6.45,-0.0005165323701028267,0.0,0.0,1
6.332,0.08133879763065109,6.17,6.56,0.3899999999999997,6.33,-0.0023534315087524885,0.0,0.0,1
6.330666666666667,0.08243920318769597,6.17,6.58,0.41000000000000014,6.31,-0.001971658794109532,0.0,0.0,1
6.3374999999999995,0.07877446709858894,6.12,6.54,0.41999999999999993,6.3,0.002380383439844382,0.0,0.0,1
6.427166666666668,0.06374667747333106,6.31,6.59,0.28000000000000025,6.42,0.0016529591553208552,0.0,0.0,1
6.474166666666667,0.06429856573482454,6.29,6.67,0.3799999999999999,6.47,0.0006176715754375752,0.0,0.0,1
6.4686666666666675,0.10075492819488065,6.37,6.78,0.41000000000000014,6.44,-1.4448457905008117e-05,0.0,0.0,1
6.457666666666666,0.06960284157673133,6.35,6.65,0.3000000000000007,6.45,0.0019844401222561224,0.0,0.0,1
6.423333333333334,0.08353974436691133,6.29,6.61,0.3200000000000003,6.44,0.004122811892192216,0.0,0.0,1
6.814000000000001,0.17643884681856964,6.42,7.01,0.5899999999999999,6.905,0.007881078077243612,0.03333333333333333,0.0,1
6.530666666666666,0.30186568021040233,6.24,7.01,0.7699999999999996,6.359999999999999,-0.015130869686023944,0.016666666666666666,0.0,1
6.188999999999999,0.022781571499789013,6.15,6.26,0.10999999999999943,6.19,-0.00016171158655187102,0.0,0.0,1
6.238,0.09095420092918559,6.15,6.48,0.33000000000000007,6.21,0.0038010558488468507,0.0,0.0,1
6.488333333333333,0.1094404962626825,6.22,6.72,0.5,6.49,-0.0030530702973048866,0.0,0.0,1
6.3728333333333325,0.08310819587875938,6.21,6.53,0.3200000000000003,6.359999999999999,0.0008438455126423851,0.0,0.0,1
6.665666666666667,0.24773215823187392,6.19,7.04,0.8499999999999996,6.645,0.013012503473186934,0.1,0.0,1
6.636333333333335,0.27071489718069736,6.12,7.04,0.9199999999999999,6.585,-0.014387329813837247,0.05,0.0,1
6.8226666666666675,0.1503647417300863,6.48,6.99,0.5099999999999998,6.9,0.006676298971936615,0.0,0.0,1
6.9206666666666665,0.023156472577277838,6.86,6.99,0.1299999999999999,6.91,0.0006362878577382252,0.0,0.0,1
6.7411666666666665,0.05023583271817918,6.61,6.86,0.25,6.74,0.001175048624617867,0.0,0.0,1
6.613333333333332,0.09303523824635239,6.44,6.81,0.3699999999999992,6.59,-0.0036193387051959387,0.0,0.0,1
6.6,0.059609842587724976,6.47,6.7,0.23000000000000043,6.6,-0.0011725479299805755,0.0,0.0,1
6.557999999999999,0.09956237575844937,6.4,6.77,0.3699999999999992,6.53,0.003702695193109152,0.0,0.0,1
6.773666666666668,0.10670780456721778,6.45,6.93,0.47999999999999954,6.79,-0.0006601833842735247,0.0,0.0,1
6.557833333333332,0.06625938088720378,6.44,6.67,0.22999999999999954,6.55,0.0032606279522089123,0.0,0.0,1
6.532333333333335,0.09888320832623146,6.35,6.75,0.40000000000000036,6.53,0.0006474020561266527,0.0,0.0,1
6.207666666666666,0.10408917117335292,6.1,6.58,0.4800000000000004,6.17,-0.004529591553209264,0.0,0.0,1
6.284833333333333,0.22778273029846277,6.02,6.74,0.7200000000000006,6.140000000000001,0.010868852459016351,0.0,0.0,1
6.717,0.10326825907960939,6.47,6.93,0.45999999999999996,6.7,-0.004153931647679979,0.0,0.0,1
6.403333333333333,0.16685988799655307,6.17,6.74,0.5700000000000003,6.33,-0.008397332592386827,0.0,0.0,1
6.2106666666666674,0.09594906055935207,5.97,6.56,0.5899999999999999,6.19,0.001729369269241444,0.0,0.016666666666666666,1
6.503333333333334,0.09326783415995506,6.28,6.69,0.41000000000000014,6.52,-0.0024445679355377097,0.0,0.0,1
6.525499999999999,0.0668187847839213,6.33,6.67,0.33999999999999986,6.535,0.0005398721867185286,0.0,0.0,1
6.525833333333333,0.05877334051724086,6.37,6.62,0.25,6.54,4.584606835228882e-05,0.0,0.0,1
6.528499999999998,0.05035954063862506,6.42,6.61,0.1900000000000004,6.535,0.0007510419560988267,0.0,0.0,1
6.510833333333334,0.04587271035763585,6.4,6.62,0.21999999999999975,6.51,-0.0012106140594610039,0.0,0.0,1
6.531833333333335,0.06386161253488322,6.4,6.69,0.29000000000000004,6.53,-0.0009238677410392325,0.0,0.0,1
6.577499999999999,0.04777115587185782,6.47,6.67,0.20000000000000018,6.59,3.3620450124974254e-05,0.0,0.0,1
6.570333333333334,0.03732589211555728,6.48,6.65,0.16999999999999993,6.56,0.0005757154765212367,0.0,0.0,1
6.548166666666668,0.03471270980811235,6.48,6.64,0.15999999999999925,6.54,-0.000477632675743337,0.0,0.0,1
6.560833333333333,0.033975072561446516,6.49,6.64,0.14999999999999947,6.56,-0.0003142539594332762,0.0,0.0,1
6.5785,0.032343211549463353,6.51,6.64,0.1299999999999999,6.58,0.0007643789941650013,0.0,0.0,1
6.541666666666666,0.029164285617095994,6.47,6.61,0.14000000000000057,6.54,-0.0005540427896638183,0.0,0.0,1
6.553166666666667,0.023486994036889565,6.51,6.59,0.08000000000000007,6.55,0.00016310086135034235,0.0,0.0,1
6.547833333333332,0.027330792564838276,6.49,6.59,0.09999999999999964,6.56,0.00035204223395379856,0.0,0.0,1
6.5375,0.029979159427842454,6.48,6.61,0.1299999999999999,6.53,3.3064740205564276e-05,0.0,0.0,1
6.5443333333333324,0.03489826484066061,6.48,6.69,0.20999999999999996,6.54,0.00026118366212825545,0.0,0.0,1
6.524500000000001,0.024726841016730398,6.48,6.58,0.09999999999999964,6.53,-0.000621561544873673,0.0,0.0,1
6.5070000000000014,0.02318764038591821,6.47,6.58,0.11000000000000032,6.51,-0.0005295915532092429,0.0,0.0,1
6.490000000000001,0.017701224063135627,6.45,6.53,0.08000000000000007,6.49,-0.00019560989163661734,0.0,0.0,1
6.477500000000002,0.01766588048565176,6.44,6.51,0.0699999999999994,6.48,-0.0003703806612948777,0.0,0.0,1
6.464666666666667,0.01910206504252584,6.4,6.51,0.10999999999999943,6.47,-0.00029341483745490586,0.0,0.0,1
6.443333333333333,0.019119507199599883,6.4,6.48,0.08000000000000007,6.44,-8.891358710754114e-05,0.0,0.0,1
6.435833333333335,0.019773017529507775,6.4,6.48,0.08000000000000007,6.44,0.00017477076965819328,0.0,0.0,1
6.424333333333333,0.022830291768223744,6.38,6.47,0.08999999999999986,6.42,6.61294804112224e-05,0.0,0.0,1
6.4209999999999985,0.020305992547357384,6.38,6.47,0.08999999999999986,6.42,-6.890803000836617e-05,0.0,0.0,1
6.390999999999999,0.019638397762207313,6.35,6.44,0.09000000000000075,6.38,-0.00021617115865520229,0.0,0.0,1
6.376666666666667,0.013249737942901295,6.35,6.42,0.07000000000000028,6.38,7.779938871904654e-05,0.0,0.0,1
6.367333333333332,0.01759419096052892,6.33,6.42,0.08999999999999986,6.37,-0.0005006946373993607,0.0,0.0,1
6.321666666666666,0.020179747823553786,6.28,6.38,0.09999999999999964,6.33,-0.00019005279244238343,0.0,0.0,1
6.325833333333334,0.017057907908715603,6.28,6.37,0.08999999999999986,6.33,0.00012308974715192537,0.0,0.0,1
6.324166666666667,0.016359672640028283,6.28,6.37,0.08999999999999986,6.33,0.0004665184773548156,0.0,0.0,1
6.320499999999998,0.020201072578784864,6.28,6.38,0.09999999999999964,6.33,-0.00031925534870800627,0.0,0.0,1
6.317833333333334,0.018174310318566613,6.28,6.37,0.08999999999999986,6.33,0.0002653514865239644,0.0,0.0,1
6.306666666666667,0.018678567634829207,6.26,6.33,0.07000000000000028,6.31,-0.0005568213392609487,0.0,0.0,1
6.283833333333333,0.020663306178397987,6.24,6.33,0.08999999999999986,6.28,-0.00025701583773278785,0.0,0.0,1
6.300833333333334,0.02215789300051382,6.24,6.35,0.10999999999999943,6.29,0.0003242567379826693,0.0,0.0,1
6.307166666666666,0.025761189586059156,6.28,6.37,0.08999999999999986,6.29,0.0005165323701028133,0.0,0.0,1
6.302333333333335,0.023264183248552252,6.24,6.35,0.10999999999999943,6.31,-0.00024395665462637173,0.0,0.0,1
6.305166666666666,0.024731334151009452,6.26,6.37,0.11000000000000032,6.3,0.00024145595998881228,0.0,0.0,1
6.301333333333333,0.02261759393824978,6.24,6.33,0.08999999999999986,6.31,0.0003534315087523905,0.0,0.0,1
6.3084999999999996,0.026001602514716875,6.24,6.37,0.1299999999999999,6.31,0.0005220894692969534,0.0,0.0,1
6.309166666666666,0.02722080495176844,6.24,6.37,0.1299999999999999,6.31,-0.00025479299805506746,0.0,0.0,1
6.3084999999999996,0.024346457647879623,6.26,6.37,0.11000000000000032,6.31,0.00011030841900526788,0.0,0.0,1
6.286833333333332,0.023698921681985598,6.24,6.33,0.08999999999999986,6.29,-0.000379827729924968,0.0,0.0,1
6.290166666666666,0.021330077876609357,6.24,6.33,0.08999999999999986,6.29,0.00021089191442060634,0.0,0.0,1
6.329666666666665,0.0234497097826154,6.28,6.37,0.08999999999999986,6.33,0.00047346485134758785,0.0,0.0,1
6.331333333333332,0.025785439474418248,6.28,6.38,0.09999999999999964,6.33,-0.0002045012503473379,0.0,0.0,1
6.337333333333333,0.0177826382244655,6.29,6.38,0.08999999999999986,6.33,0.00028619060850226775,0.0,0.0,1
6.316166666666665,0.02490593414340352,6.24,6.37,0.1299999999999999,6.33,-0.0003086968602390021,0.0,0.0,1
6.2945,0.03068251402129009,6.22,6.35,0.1299999999999999,6.29,-0.0008043901083634854,0.0,0.0,1
6.299666666666666,0.022133433734711962,6.24,6.35,0.10999999999999943,6.29,-0.00037843845512645647,0.0,0.0,1
6.283499999999998,0.024618759784630326,6.22,6.33,0.11000000000000032,6.29,-0.00025034731869966697,0.0,0.0,1
6.266,0.02557342370508886,6.21,6.33,0.1200000000000001,6.27,-0.0007841066963045652,0.0,0.0,1
6.2620000000000005,0.02400000000000008,6.21,6.29,0.08000000000000007,6.26,4.6679633231403794e-05,0.0,0.0,1
6.241,0.029365512652316017,6.19,6.31,0.11999999999999922,6.24,-0.000670741872742435,0.0,0.0,1
6.214333333333332,0.0248573709166695,6.17,6.28,0.11000000000000032,6.21,-0.0005701583773270966,0.0,0.0,1
6.237666666666668,0.036577163488833934,6.17,6.35,0.17999999999999972,6.22,0.0008596832453458914,0.0,0.0,1
6.214333333333333,0.030075830089218707,6.17,6.29,0.1200000000000001,6.22,-0.0002539594331759123,0.0,0.0,1
6.196666666666667,0.02958978802822945,6.12,6.26,0.13999999999999968,6.19,0.0008057793831619835,0.0,0.0,1
6.187166666666668,0.03545380405855225,6.12,6.26,0.13999999999999968,6.18,-0.0011789385940539914,0.0,0.0,1
6.203333333333333,0.026055496327817004,6.17,6.28,0.11000000000000032,6.2,-9.22478466241217e-05,0.0,0.0,1
6.210333333333334,0.027566082218713754,6.17,6.28,0.11000000000000032,6.21,-0.00015448735759938036,0.0,0.0,1
6.188000000000001,0.026570660511172822,6.1,6.26,0.16000000000000014,6.19,0.00037288135593212875,0.0,0.0,1
6.1960000000000015,0.028936712552280905,6.15,6.29,0.13999999999999968,6.19,-7.891080855792014e-05,0.0,0.0,1
6.195833333333335,0.025838709118082642,6.15,6.26,0.10999999999999943,6.19,-0.00018532925812727793,0.0,0.0,1
6.179500000000001,0.021167978961944688,6.13,6.24,0.11000000000000032,6.17,-0.00026646290636293183,0.0,0.0,1
6.178166666666668,0.019957593932023805,6.15,6.22,0.0699999999999994,6.17,0.00021756043345363336,0.0,0.0,1
6.185666666666667,0.046309346308877626,6.1,6.29,0.1900000000000004,6.18,-0.00039510975270911795,0.0,0.0,1
6.1645,0.02565313496111795,6.12,6.22,0.09999999999999964,6.17,-0.0001008613503751239,0.0,0.0,1
6.156000000000001,0.019849433241279194,6.12,6.19,0.07000000000000028,6.17,-0.0002745207001945509,0.0,0.0,1
6.127333333333334,0.023299976156401815,6.08,6.17,0.08999999999999986,6.125,-0.0004351208669075483,0.0,0.0,1
6.099833333333333,0.027048824168323625,6.05,6.15,0.10000000000000053,6.1,-0.000767157543762239,0.0,0.0,1
6.0665000000000004,0.027858272260377733,6.01,6.12,0.11000000000000032,6.07,-0.0003181439288691327,0.0,0.0,1
6.041666666666667,0.01924981962397457,6.01,6.08,0.07000000000000028,6.03,2.4451236454535266e-05,0.0,0.0,1
6.030666666666666,0.02182251640444398,5.97,6.08,0.11000000000000032,6.03,-0.0003645457071409254,0.0,0.05,1
6.004499999999999,0.025718022215300014,5.92,6.05,0.1299999999999999,6.01,-0.0009572103362045687,0.0,0.2833333333333333,1
5.9705,0.023973944189473628,5.92,6.01,0.08999999999999986,5.97,-0.0001158655181995554,0.0,0.85,1
5.941000000000002,0.02307234997422954,5.91,6.01,0.09999999999999964,5.94,0.00026729647124200655,0.0,0.9833333333333333,1
5.9384999999999994,0.020882608393908354,5.89,5.97,0.08000000000000007,5.94,-6.390664073362271e-06,0.0,1.0,1
5.923166666666668,0.0255924250945905,5.88,6.01,0.1299999999999999,5.92,-0.0001336482356210368,0.0,0.9833333333333333,1
5.908666666666667,0.024458581770458947,5.86,5.96,0.09999999999999964,5.91,-0.0002722978605168573,0.0,1.0,1
5.903666666666667,0.06118187821751005,5.83,6.17,0.33999999999999986,5.89,-0.0008652403445401655,0.0,0.9333333333333333,1
5.900333333333334,0.02851705142931554,5.83,5.96,0.1299999999999999,5.91,0.0002478466240622416,0.0,1.0,1
5.891666666666668,0.10438976109859728,5.6,6.13,0.5300000000000002,5.89,1.555987774376104e-05,0.0,0.8333333333333334,1
5.8228333333333335,0.08567558319355378,5.67,6.15,0.4800000000000004,5.81,-0.001255070853014741,0.0,0.95,1
5.826333333333333,0.027384099198054606,5.76,5.91,0.15000000000000036,5.82,0.0006985273687135107,0.0,1.0,1
5.8790000000000004,0.02263478149515324,5.81,5.92,0.11000000000000032,5.88,0.0007107529869407986,0.0,1.0,1
5.886500000000001,0.03265093158446374,5.83,5.97,0.13999999999999968,5.88,0.0005287579883300341,0.0,1.0,1
5.876333333333334,0.02449262927676178,5.83,5.94,0.11000000000000032,5.88,-0.00016949152542379846,0.0,1.0,1
5.884500000000001,0.02894966896759506,5.81,5.94,0.13000000000000078,5.88,0.00043539872186711923,0.0,1.0,1
5.899666666666667,0.034879156462786776,5.83,5.97,0.13999999999999968,5.89,0.0005068074465128571,0.0,1.0,1
5.900666666666667,0.023865363092891754,5.86,5.99,0.1299999999999999,5.89,-6.0016671297578536e-05,0.0,1.0,1
5.8870000000000005,0.023259406699226055,5.83,5.94,0.11000000000000032,5.89,-0.0007040844679077982,0.0,1.0,1
5.880666666666667,0.021592179654268812,5.83,5.94,0.11000000000000032,5.88,0.0003456515698805033,0.0,1.0,1
5.882333333333334,0.02275717225159772,5.85,5.94,0.09000000000000075,5.88,6.446235065289861e-05,0.0,1.0,1
5.874833333333333,0.021485783413431537,5.85,5.94,0.09000000000000075,5.87,-0.00018532925812734497,0.0,1.0,1
5.869666666666666,0.019745604292826468,5.83,5.91,0.08000000000000007,5.86,3.889969435843053e-06,0.0,1.0,1
5.863833333333333,0.023387437273506978,5.81,5.91,0.10000000000000053,5.86,0.0002736871353152616,0.0,1.0,1
5.854333333333333,0.019353437822659744,5.81,5.89,0.08000000000000007,5.86,0.00010113920533477526,0.0,1.0,1
5.854166666666668,0.016662499479036436,5.81,5.89,0.08000000000000007,5.86,-5.834954153925474e-06,0.0,1.0,1
5.8455,0.020690174801903785,5.81,5.89,0.08000000000000007,5.85,2.6951931091947222e-05,0.0,1.0,1
5.831,0.024474476501040916,5.78,5.91,0.1299999999999999,5.83,-7.446512920257324e-05,0.0,1.0,1
5.8278333333333325,0.019243324961023735,5.8,5.88,0.08000000000000007,5.83,1.7504862461776422e-05,0.0,1.0,1
5.825500000000001,0.0198683164863056,5.8,5.88,0.08000000000000007,5.83,-6.19616560155805e-05,0.0,1.0,1
5.813666666666665,0.019490738541391595,5.78,5.86,0.08000000000000007,5.81,-0.0003184217838288645,0.0,1.0,1
5.803333333333333,0.02919284539441501,5.73,5.86,0.1299999999999999,5.8,-0.00023617671575439065,0.0,1.0,1
5.782166666666667,0.02972606413383528,5.73,5.86,0.1299999999999999,5.78,-0.00010363989997228107,0.0,1.0,1
5.789833333333332,0.018573427853312882,5.75,5.83,0.08000000000000007,5.79,0.00020144484579043555,0.0,1.0,1
5.783499999999998,0.019817921182606335,5.73,5.83,0.09999999999999964,5.78,0.00016865796054454943,0.0,1.0,1
5.7733333333333325,0.022852182001336718,5.73,5.81,0.07999999999999918,5.76,-0.00013170325090307506,0.0,1.0,1
5.758666666666667,0.01883849486792632,5.73,5.8,0.0699999999999994,5.755,-0.00010725201444851298,0.0,1.0,1
5.7475000000000005,0.019461500456028565,5.72,5.78,0.0600000000000005,5.75,4.640177827172562e-05,0.0,1.0,1
5.745833333333334,0.017728664799007057,5.72,5.8,0.08000000000000007,5.75,-0.00022089469297030778,0.0,1.0,1
5.731166666666667,0.016940254491070124,5.69,5.76,0.0699999999999994,5.73,-0.00013475965545988358,0.0,1.0,1
5.726500000000001,0.016209565077447342,5.69,5.76,0.0699999999999994,5.72,-1.750486246185687e-05,0.0,1.0,1
5.726166666666668,0.01853749953172997,5.69,5.78,0.08999999999999986,5.72,-0.00012475687691030282,0.0,1.0,1
5.713333333333336,0.019720265943665365,5.67,5.76,0.08999999999999986,5.72,-0.00021172547929985538,0.0,1.0,1
5.703500000000001,0.019563997546513823,5.67,5.75,0.08000000000000007,5.71,-0.00013642678521814036,0.0,1.0,1
5.700666666666666,0.02301207412545754,5.65,5.75,0.09999999999999964,5.71,-0.00025673798277309624,0.0,1.0,1
5.684666666666668,0.023127665011602152,5.65,5.73,0.08000000000000007,5.69,-0.0002873020283412352,0.0,1.0,1
5.680666666666666,0.026004273153122752,5.64,5.72,0.08000000000000007,5.68,-0.00020894692970276527,0.0,1.0,1
5.6715,0.024414817904979996,5.62,5.72,0.09999999999999964,5.67,-0.00023145318143931196,0.0,1.0,1
5.663,0.022083176100069164,5.62,5.72,0.09999999999999964,5.65,-0.00020950263962213502,0.0,1.0,1
5.650666666666667,0.020645150089602764,5.6,5.71,0.11000000000000032,5.65,-0.00038621839399839735,0.0,1.0,1
5.650499999999999,0.02759377949224555,5.6,5.72,0.1200000000000001,5.65,-0.00016421228118926957,0.0,1.0,1
5.644166666666666,0.02740387239464939,5.6,5.72,0.1200000000000001,5.64,-0.00014754098360663493,0.0,1.0,1
5.632666666666667,0.02731706833139729,5.59,5.69,0.10000000000000053,5.63,-0.00019838844123374767,0.0,1.0,1
5.620000000000001,0.024426761280748503,5.56,5.67,0.11000000000000032,5.62,-0.0003156432342317878,0.0,1.0,1
5.604333333333334,0.020845996151672708,5.57,5.65,0.08000000000000007,5.6,-0.0001350375104196154,0.0,1.0,1
5.597166666666666,0.02589025985878773,5.56,5.67,0.11000000000000032,5.595,-0.00023423173103644232,0.0,1.0,1
5.591166666666666,0.020338114192050494,5.56,5.65,0.09000000000000075,5.59,-0.00011753264795783898,0.0,1.0,1
5.569999999999999,0.017029386365926387,5.53,5.6,0.0699999999999994,5.57,4.112253403721012e-05,0.0,1.0,1
5.570499999999999,0.015644487847162068,5.55,5.62,0.07000000000000028,5.57,-0.00016587941094753974,0.0,1.0,1
5.567166666666666,0.023458592360914448,5.51,5.62,0.11000000000000032,5.56,0.0001236454570713756,0.0,1.0,1
5.564166666666666,0.026538755727342444,5.53,5.64,0.10999999999999943,5.56,-0.000248680188941437,0.0,1.0,1
5.564666666666667,0.030025914733036074,5.51,5.64,0.1299999999999999,5.56,-0.00015893303695471386,0.0,1.0,1
5.536166666666668,0.11135665923309458,5.42,5.91,0.4900000000000002,5.51,0.002877188107807699,0.0,1.0,1
5.573333333333333,0.06490163497341356,5.5,5.8,0.2999999999999998,5.55,-0.0003417616004445798,0.0,1.0,1
5.554833333333333,0.09470113809007556,5.37,5.94,0.5700000000000003,5.53,0.0016813003612114348,0.0,1.0,1
5.659833333333333,0.1286661269418732,5.51,6.07,0.5600000000000005,5.63,-0.0015790497360378799,0.0,0.9666666666666667,1
5.573166666666666,0.03127787645534067,5.51,5.67,0.16000000000000014,5.56,-0.00034426229508201857,0.0,1.0,1
5.660500000000001,0.11076138015271088,5.51,5.96,0.4500000000000002,5.6,0.0037290914142816896,0.0,1.0,1
5.550333333333331,0.023520676483090724,5.5,5.6,0.09999999999999964,5.55,-0.000630175048624635,0.0,1.0,1
5.536333333333334,0.05946894614465228,5.21,5.65,0.4400000000000004,5.55,0.0009602667407612834,0.0,1.0,1
5.576833333333332,0.07216859119835689,5.48,5.88,0.39999999999999947,5.56,-0.0013812170047236224,0.0,1.0,1
5.563166666666666,0.0408856807316312,5.48,5.65,0.16999999999999993,5.56,-0.00048819116421230094,0.0,1.0,1
5.551333333333333,0.03621540494810941,5.46,5.62,0.16000000000000014,5.55,-0.00010558488469022941,0.0,1.0,1
5.5584999999999996,0.07372979949337537,5.35,5.8,0.4500000000000002,5.55,0.0012395109752708726,0.0,1.0,1
5.568499999999999,0.057931712673917474,5.48,5.8,0.3199999999999994,5.55,0.00034037232564600124,0.0,1.0,1
5.543166666666667,0.019789868339351983,5.5,5.59,0.08999999999999986,5.55,-0.00014698527368717132,0.0,1.0,1
5.533499999999999,0.019733643015588012,5.5,5.57,0.07000000000000028,5.53,-0.0002759099749931428,0.0,1.0,1
5.507333333333333,0.01701633202413355,5.48,5.55,0.0699999999999994,5.505,-0.00016949152542377165,0.0,1.0,1
5.4846666666666675,0.023976840677805908,5.43,5.53,0.10000000000000053,5.48,-0.0005390386218394271,0.0,1.0,1
5.442666666666668,0.022201101073795672,5.42,5.51,0.08999999999999986,5.44,-0.000287302028341262,0.0,1.0,1
5.418333333333334,0.020013884069704113,5.37,5.48,0.11000000000000032,5.42,-0.00011614337315922016,0.0,1.0,1
5.392833333333333,0.02739170596285594,5.35,5.46,0.11000000000000032,5.39,-0.0005976660183384941,0.0,1.0,1
5.370666666666667,0.02344260129668973,5.34,5.43,0.08999999999999986,5.37,-0.0003612114476243985,0.0,1.0,1
5.361999999999999,0.024344746182013658,5.32,5.42,0.09999999999999964,5.359999999999999,0.0006323978883023017,0.0,1.0,1
5.366666666666666,0.04169998667732266,5.28,5.43,0.14999999999999947,5.37,-0.0005684912475687863,0.0,1.0,1
5.326000000000001,0.040546269865426525,5.28,5.42,0.13999999999999968,5.32,0.0004623506529591335,0.0,1.0,1
5.335166666666668,0.03133111694288737,5.28,5.43,0.14999999999999947,5.34,-0.0001664351208669497,0.0,1.0,1
5.320333333333333,0.02732316884176414,5.28,5.39,0.10999999999999943,5.32,-0.0007513198110586388,0.0,1.0,1
5.293,0.019261360284258188,5.26,5.34,0.08000000000000007,5.28,-0.00039177549319261784,0.0,1.0,1
5.252499999999999,0.031178250966552527,5.14,5.3,0.16000000000000014,5.26,-0.0009505418171714881,0.0,1.0,1
5.200166666666666,0.01927793787957863,5.16,5.24,0.08000000000000007,5.19,-0.00018366212836900777,0.0,1.0,1
5.194500000000001,0.020930440352112407,5.14,5.26,0.1200000000000001,5.19,0.0002409002500693755,0.0,1.0,1
5.157333333333333,0.028859814429217912,5.08,5.23,0.15000000000000036,5.16,-0.0012992497916088,0.0,1.0,1
5.138333333333333,0.015509853498842499,5.1,5.18,0.08000000000000007,5.14,0.00046735204223390375,0.0,1.0,1
5.4105,0.19799347632350583,5.05,5.8,0.75,5.4350000000000005,0.005089469297026941,0.0,1.0,1
5.766,0.24083327566319954,5.39,6.15,0.7600000000000007,5.745,-0.010038899694359603,0.0,0.7166666666666667,1
5.680333333333334,0.10844302139321314,5.46,5.92,0.45999999999999996,5.68,0.0019249791608779941,0.0,1.0,1
5.910166666666666,0.06756457816209774,5.73,6.01,0.27999999999999936,5.92,0.0029549874965267725,0.0,0.9666666666666667,1
5.964,0.0399249295553542,5.85,6.02,0.16999999999999993,5.97,-0.0011586551819950444,0.0,0.8,1
5.9045000000000005,0.09182274591116661,5.6,6.05,0.4500000000000002,5.92,-0.00016976938038346323,0.0,0.9,1
5.9833333333333325,0.04129837231121279,5.88,6.05,0.16999999999999993,5.99,-8.946929702697794e-05,0.0,0.5333333333333333,1
5.9540000000000015,0.057247998509409335,5.8,6.05,0.25,5.96,-0.0019349819394276957,0.0,0.7666666666666667,1
5.986999999999999,0.07461679882349996,5.88,6.13,0.25,5.96,0.0037076965823839626,0.0,0.6666666666666666,1
6.0215000000000005,0.030595478968849937,5.97,6.08,0.11000000000000032,6.02,-0.00124284523478748,0.0,0.25,1
5.998833333333334,0.024771735685835326,5.96,6.05,0.08999999999999986,6.01,-1.528202278417672e-05,0.0,0.4666666666666667,1
5.954500000000001,0.03252819289990343,5.88,6.02,0.13999999999999968,5.96,0.0007176993609335574,0.0,0.9,1
5.962,0.03295451410656804,5.91,6.05,0.13999999999999968,5.96,5.001389274793072e-05,0.0,0.8666666666666667,1
5.936333333333335,0.06403037473643972,5.81,6.07,0.2600000000000007,5.93,-0.00133814948596837,0.0,0.85,1
5.954666666666667,0.02753583523741781,5.88,6.01,0.1299999999999999,5.96,-0.0007941094748541862,0.0,0.95,1
5.921,0.1524106295505665,5.42,6.17,0.75,5.93,-0.001159766601833918,0.0,0.8166666666666667,1
5.918333333333335,0.06598400479577529,5.59,6.01,0.41999999999999993,5.92,0.0009413726035008614,0.0,0.95,1
5.942333333333333,0.06977025791043698,5.81,6.12,0.3100000000000005,5.92,0.0026796332314530926,0.0,0.7833333333333333,1
5.9990000000000006,0.05769748694700662,5.91,6.15,0.2400000000000002,5.98,-0.00023173103639903035,0.0,0.5666666666666667,1
6.029333333333333,0.08732824412652655,5.72,6.13,0.41000000000000014,6.05,-0.00043789941650463845,0.0,0.23333333333333334,1
6.042166666666665,0.07178884933531732,5.92,6.17,0.25,6.03,-0.002911086412892539,0.0,0.31666666666666665,1
5.954,0.053047148839499327,5.85,6.05,0.20000000000000018,5.94,-0.0016182272853570612,0.0,0.7333333333333333,1
5.875666666666667,0.1594298870628995,5.42,6.1,0.6799999999999997,5.93,-0.0026451792164490706,0.0,0.7333333333333333,1
5.856833333333335,0.04522136908832173,5.73,5.92,0.1899999999999995,5.86,-0.0003826062795221252,0.0,1.0,1
5.852666666666667,0.07756431023494133,5.43,5.92,0.4900000000000002,5.87,0.0011080855793275696,0.0,1.0,1
5.8355,0.03657982139559101,5.75,5.92,0.16999999999999993,5.83,-0.000697693803834436,0.0,1.0,1
5.777499999999999,0.07695507347364,5.46,5.96,0.5,5.78,-6.751875520980099e-05,0.0,1.0,1
5.765166666666667,0.08525435798570973,5.46,5.96,0.5,5.76,0.0014845790497359707,0.0,1.0,1
5.762333333333333,0.1471435429171876,5.43,6.01,0.5800000000000001,5.75,-0.002095026396221216,0.0,0.9833333333333333,1
5.825166666666666,0.1824051503902478,5.1,6.02,0.9199999999999999,5.91,-0.006624895804390146,0.0,0.9666666666666667,1
5.720666666666667,0.08520302550705312,5.43,5.86,0.4300000000000006,5.73,0.0005279244234509459,0.0,1.0,1
5.722333333333334,0.1818916038621782,5.16,5.96,0.7999999999999998,5.805,0.008141150319533195,0.0,1.0,1
5.832833333333334,0.06153838007473235,5.73,6.01,0.27999999999999936,5.82,-0.0024537371492081355,0.0,0.9666666666666667,1
5.755666666666668,0.08614651601906032,5.32,5.86,0.54,5.76,-0.0020461239233120518,0.0,1.0,1
5.725333333333335,0.1986912736438674,5.03,5.92,0.8899999999999997,5.79,-0.0006946373992776408,0.0,1.0,1
5.754333333333334,0.05660879397722189,5.65,5.88,0.22999999999999954,5.73,-0.0011686579605446386,0.0,1.0,1
5.723166666666666,0.05783573482045697,5.6,5.86,0.2600000000000007,5.72,-0.00012197832731317246,0.0,1.0,1
5.722333333333333,0.037787417070883296,5.64,5.81,0.16999999999999993,5.72,0.00020950263962202776,0.0,1.0,1
5.712999999999999,0.11278741064498289,5.57,6.01,0.4399999999999995,5.69,-0.0017671575437621942,0.0,0.9833333333333333,1
5.633499999999999,0.06093233952508309,5.5,5.75,0.25,5.64,-0.0021919977771603896,0.0,1.0,1
5.6096666666666675,0.03628437067878612,5.51,5.67,0.16000000000000014,5.62,0.0012053348152264215,0.0,1.0,1
5.5951666666666675,0.02765813121348264,5.55,5.67,0.1200000000000001,5.595,-0.0007071408724646335,0.0,1.0,1
5.5696666666666665,0.057386603159816134,5.51,5.81,0.2999999999999998,5.56,-0.000986940816893606,0.0,1.0,1
5.556833333333333,0.06692014312264699,5.46,5.75,0.29000000000000004,5.54,-0.0005043067518755524,0.0,1.0,1
5.544,0.07439085965358909,5.28,5.72,0.4399999999999995,5.55,0.0007151986662961588,0.0,1.0,1
5.556166666666666,0.032715524687150464,5.48,5.62,0.13999999999999968,5.56,0.0002675743262016848,0.0,1.0,1
5.530333333333333,0.03114303917232365,5.48,5.6,0.11999999999999922,5.53,-0.0008302306196165992,0.0,1.0,1
5.4475,0.04581211630125809,5.35,5.56,0.20999999999999996,5.44,-0.000979438732981397,0.0,1.0,1
5.434333333333333,0.033831280725913335,5.39,5.62,0.23000000000000043,5.43,-0.00018393998332872616,0.0,1.0,1
5.465000000000002,0.05557277510916051,5.37,5.64,0.2699999999999996,5.46,-0.0006935259794387806,0.0,1.0,1
5.473833333333334,0.040418298936111687,5.4,5.57,0.16999999999999993,5.470000000000001,0.0003359266462905873,0.0,1.0,1
5.426000000000001,0.03541186241925158,5.28,5.48,0.20000000000000018,5.43,-0.0008735759933314895,0.0,1.0,1
5.499666666666666,0.04377848279184136,5.43,5.72,0.29000000000000004,5.5,0.000896360100027768,0.0,1.0,1
5.539499999999999,0.04447564876798687,5.39,5.6,0.20999999999999996,5.55,0.00155570991942199,0.0,1.0,1
5.529666666666667,0.02713955702577976,5.48,5.59,0.10999999999999943,5.53,-0.0007852181161433986,0.0,1.0,1
5.529333333333332,0.06318930992572147,5.46,5.76,0.2999999999999998,5.51,-0.001045846068352378,0.0,1.0,1
5.484999999999999,0.04927812225859796,5.42,5.62,0.20000000000000018,5.48,-0.0004267852181161841,0.0,1.0,1
5.5165,0.1059060117903291,5.21,5.75,0.54,5.5,0.003927479855515397,0.0,1.0,1
5.8225,0.18615070059855626,5.28,6.1,0.8199999999999994,5.84,-5.584884690197686e-05,0.0,0.7666666666666667,1
5.903166666666667,0.10698117695287435,5.67,6.07,0.40000000000000036,5.95,-0.004639344262295149,0.0,0.8333333333333334,1
5.841666666666668,0.05817120326148405,5.72,5.96,0.2400000000000002,5.85,-0.0005362600722423101,0.0,1.0,1
5.802833333333333,0.10332943541035254,5.55,6.08,0.5300000000000002,5.8,0.002226451792164452,0.0,0.95,1
5.758666666666667,0.055811189638717444,5.64,5.91,0.27000000000000046,5.75,-0.0025145873853849227,0.0,1.0,1
5.7205,0.04224630161327738,5.56,5.81,0.25,5.72,9.530425118080956e-05,0.0,1.0,1
5.689500000000001,0.03523374329625884,5.57,5.75,0.17999999999999972,5.69,0.000676021116976897,0.0,1.0,1
5.688833333333334,0.029387733646691613,5.6,5.75,0.15000000000000036,5.69,-0.0005093081411503361,0.0,1.0,1
5.671499999999999,0.022717467581870432,5.62,5.72,0.09999999999999964,5.67,-0.00016032231175333266,0.0,1.0,1
5.680666666666666,0.029089898972361878,5.64,5.73,0.09000000000000075,5.69,0.000264517921644836,0.0,1.0,1
5.683333333333333,0.03819540402834995,5.6,5.76,0.16000000000000014,5.68,-0.000315087524312351,0.0,1.0,1
5.663666666666668,0.04090503908104996,5.6,5.73,0.13000000000000078,5.67,-0.00020839121978334188,0.0,1.0,1
5.676500000000001,0.05221190796488228,5.59,5.81,0.21999999999999975,5.66,0.0012389552653514224,0.0,1.0,1
5.661,0.04621327370644366,5.59,5.73,0.14000000000000057,5.65,-0.00023895526535154781,0.0,1.0,1
5.667000000000001,0.04634292466673494,5.57,5.75,0.17999999999999972,5.67,0.0007074187274242849,0.0,1.0,1
5.646333333333332,0.04654627327247115,5.57,5.72,0.14999999999999947,5.64,-0.00048735759933315917,0.0,1.0,1
5.631333333333332,0.04503578823804724,5.55,5.71,0.16000000000000014,5.62,0.00014448457904973257,0.0,1.0,1
5.626333333333333,0.0465104528275336,5.56,5.72,0.16000000000000014,5.62,-0.00013892747985559252,0.0,1.0,1
5.6049999999999995,0.047311027608088765,5.51,5.72,0.20999999999999996,5.6,-0.0004923589886079563,0.0,1.0,1
5.604333333333333,0.0435264925712555,5.53,5.69,0.16000000000000014,5.6,0.00045401500416776926,0.0,1.0,1
5.602166666666666,0.03812661654132044,5.53,5.67,0.13999999999999968,5.6,-2.8619060850324652e-05,0.0,1.0,1
5.578166666666667,0.04137195775992339,5.51,5.65,0.14000000000000057,5.57,-0.0004348430119477897,0.0,1.0,1
5.574166666666667,0.036482491995780894,5.51,5.65,0.14000000000000057,5.57,-0.00036537927202005377,0.0,1.0,1
5.555833333333333,0.03318090146789595,5.5,5.62,0.1200000000000001,5.56,-2.7507641011384017e-05,0.0,1.0,1
5.551333333333333,0.04432706722634475,5.46,5.65,0.1900000000000004,5.55,-0.0007885523756599255,0.0,1.0,1
5.544166666666667,0.036253352335412374,5.48,5.64,0.15999999999999925,5.55,-0.0003970547374271199,0.0,1.0,1
5.504666666666666,0.03887872883152879,5.44,5.57,0.1299999999999999,5.5,5.557099194220483e-05,0.0,1.0,1
5.514333333333332,0.03769910107976336,5.44,5.57,0.1299999999999999,5.51,0.00012447902195046373,0.0,1.0,1
5.4905,0.037878093933037246,5.43,5.57,0.14000000000000057,5.48,-4.4734648513509084e-05,0.0,1.0,1
5.476166666666666,0.037951357756417,5.42,5.56,0.13999999999999968,5.470000000000001,0.0001392053348151232,0.0,1.0,1
5.474333333333334,0.033584057064161975,5.43,5.53,0.10000000000000053,5.46,-0.0002345095859961473,0.0,1.0,1
5.460833333333334,0.03402409277098937,5.4,5.53,0.1299999999999999,5.45,8.86357321477423e-05,0.0,1.0,1
5.4565,0.03285447711753555,5.4,5.51,0.10999999999999943,5.44,-0.00025090302861907696,0.0,1.0,1
5.444,0.031580584752872044,5.39,5.51,0.1200000000000001,5.44,-0.00012670186162826456,0.0,1.0,1
5.438833333333332,0.030336538292223797,5.39,5.5,0.11000000000000032,5.43,-0.00034648513475969873,0.0,1.0,1
5.427499999999998,0.032640720988769,5.37,5.5,0.1299999999999999,5.425,-0.000573214781883932,0.0,1.0,1
5.422499999999999,0.03181325719465612,5.35,5.5,0.15000000000000036,5.42,7.252014448457127e-05,0.0,1.0,1
5.417833333333334,0.030171270366949447,5.37,5.5,0.1299999999999999,5.42,-0.0003242567379828168,0.0,1.0,1
5.410333333333332,0.03103582159734498,5.34,5.48,0.14000000000000057,5.42,6.16838010558219e-05,0.0,1.0,1
5.410166666666666,0.02224797119339702,5.37,5.46,0.08999999999999986,5.4,0.00012142261739370885,0.0,1.0,1
5.392666666666667,0.023935097428021645,5.34,5.44,0.10000000000000053,5.39,-0.0003795498749653167,0.0,1.0,1
5.379,0.025278449319529203,5.34,5.42,0.08000000000000007,5.39,0.0002183939983328422,0.0,1.0,1
5.377833333333332,0.029613716791754254,5.32,5.46,0.13999999999999968,5.37,-0.00017199222006118362,0.0,1.0,1
5.369333333333333,0.026068286394689635,5.32,5.43,0.10999999999999943,5.37,-8.335648791377653e-06,0.0,1.0,1
5.367333333333332,0.02625938985497487,5.32,5.43,0.10999999999999943,5.37,-0.0001911642122812302,0.0,1.0,1
5.3613333333333335,0.028311756490114835,5.3,5.42,0.1200000000000001,5.35,-0.00016004445679357405,0.0,1.0,1
5.351166666666666,0.027269743102729952,5.3,5.42,0.1200000000000001,5.345,-5.4737427063116676e-05,0.0,1.0,1
5.3276666666666666,0.03298316068676389,5.21,5.4,0.1900000000000004,5.32,-0.0008141150319533745,0.0,1.0,1
5.871833333333332,0.2323753548798916,5.3,6.17,0.8700000000000001,5.915,0.010011392053348125,0.0,0.6,1
6.091499999999999,0.057902936022277904,5.99,6.17,0.17999999999999972,6.08,-0.003241178105029241,0.0,0.016666666666666666,1
5.975833333333333,0.036482491995780866,5.91,6.05,0.13999999999999968,5.98,-0.0016385106974160081,0.0,0.7,1
5.866833333333333,0.035236896697764045,5.8,5.92,0.1200000000000001,5.88,-0.0012745207001945461,0.0,1.0,1
5.863833333333333,0.044873587876265185,5.76,5.94,0.1800000000000006,5.88,-0.0008438455126424656,0.0,1.0,1
5.846166666666666,0.029217099255211713,5.8,5.92,0.1200000000000001,5.85,-0.0007643789941650684,0.0,1.0,1
5.8774999999999995,0.039311787884382374,5.8,5.97,0.16999999999999993,5.88,0.0017274242845234284,0.0,1.0,1
6.0024999999999995,0.04338298437559747,5.88,6.08,0.20000000000000018,6.015,-0.0019936093359266284,0.0,0.38333333333333336,1
5.886333333333334,0.03103582159734494,5.81,5.96,0.15000000000000036,5.88,0.00042678521811605,0.0,1.0,1
5.908833333333334,0.03082702638198434,5.85,5.99,0.14000000000000057,5.91,-0.0009355376493470431,0.0,1.0,1
5.912666666666667,0.03360886126537997,5.85,6.02,0.16999999999999993,5.91,0.0009247013059182937,0.0,0.9833333333333333,1
5.899166666666668,0.03611517071198141,5.8,5.97,0.16999999999999993,5.89,-0.0008482911919978259,0.0,1.0,1
5.820000000000001,0.03296462750686962,5.75,5.89,0.13999999999999968,5.81,-4.056682411785377e-05,0.0,1.0,1
5.891,0.06344814155408077,5.78,6.07,0.29000000000000004,5.88,0.0006357321478187884,0.0,0.8833333333333333,1
5.8581666666666665,0.03180627121950781,5.8,5.92,0.1200000000000001,5.85,-0.001042233953876106,0.0,1.0,1
5.800333333333332,0.03610016928245934,5.73,5.88,0.14999999999999947,5.8,-0.0004545707140872999,0.0,1.0,1
5.838333333333334,0.03194613522095531,5.78,5.91,0.1299999999999999,5.83,-0.0008841344818005741,0.0,1.0,1
5.828666666666667,0.07690831482283877,5.71,6.02,0.3099999999999996,5.81,0.002291191997777136,0.0,0.95,1
5.879666666666666,0.0937188466756939,5.62,6.03,0.41000000000000014,5.87,-0.00043678799666580507,0.0,0.8333333333333334,1
5.745833333333334,0.030566412212681318,5.69,5.83,0.13999999999999968,5.74,-0.001149485968324592,0.0,1.0,1
5.693666666666667,0.03728121361877702,5.62,5.78,0.16000000000000014,5.69,-0.0011180883578772176,0.0,1.0,1
5.647499999999998,0.03269174207655511,5.59,5.75,0.16000000000000014,5.64,0.0006560155598777086,0.0,1.0,1
5.601333333333333,0.023199616855073758,5.55,5.69,0.14000000000000057,5.595,-0.0004751319811058714,0.0,1.0,1
5.59,0.035260932110954414,5.55,5.71,0.16000000000000014,5.59,-0.0005195887746596889,0.0,1.0,1
5.550833333333333,0.028064904932831824,5.48,5.62,0.13999999999999968,5.55,-0.0004081689358155609,0.0,1.0,1
5.520333333333332,0.026954694499391932,5.48,5.57,0.08999999999999986,5.51,-0.00032620172270080537,0.0,1.0,1
5.5071666666666665,0.021062736975257665,5.44,5.59,0.14999999999999947,5.51,-0.0003309252570158975,0.0,1.0,1
5.486999999999999,0.027946377224964177,5.43,5.59,0.16000000000000014,5.48,-0.0006229508196721846,0.0,1.0,1
5.470666666666667,0.033259919155377085,5.4,5.55,0.14999999999999947,5.46,-0.0010286190608503067,0.0,1.0,1
5.433000000000002,0.029285946572830273,5.39,5.53,0.14000000000000057,5.43,-0.00037176993609338926,0.0,1.0,1
5.431833333333333,0.028838149886719285,5.39,5.51,0.1200000000000001,5.43,8.141150319529185e-05,0.0,1.0,1
5.437833333333334,0.07369060696965087,5.37,5.72,0.34999999999999964,5.42,0.0013367602111696842,0.0,1.0,1
5.445333333333332,0.05702241274758152,5.37,5.56,0.1899999999999995,5.425,-0.00045123645457077294,0.0,1.0,1
5.431666666666667,0.04309550118309596,5.37,5.53,0.16000000000000014,5.42,-5.557099194636128e-07,0.0,1.0,1
5.418333333333335,0.0524139506450547,5.32,5.55,0.22999999999999954,5.4,-0.0012192275632120463,0.0,1.0,1
5.385166666666667,0.036719280433521094,5.34,5.48,0.14000000000000057,5.37,0.00018866351764375123,0.0,1.0,1
5.371166666666666,0.042390709149791636,5.3,5.48,0.1800000000000006,5.359999999999999,-0.00017254792998064723,0.0,1.0,1
5.364666666666666,0.04477598562721861,5.3,5.46,0.16000000000000014,5.35,-5.7793831619911796e-05,0.0,1.0,1
5.629833333333334,0.16423044446413976,5.28,5.85,0.5699999999999994,5.69,0.005551264240066625,0.0,1.0,1
5.589999999999999,0.08792041856133313,5.35,5.75,0.40000000000000036,5.595,-0.0005790497360378173,0.0,1.0,1
5.582833333333332,0.04750760173090436,5.48,5.71,0.22999999999999954,5.57,-0.0008771881078077751,0.0,1.0,1
5.5538333333333325,0.06287796823124053,5.43,5.71,0.28000000000000025,5.55,0.0003914976382327922,0.0,1.0,1
5.550166666666667,0.05408301232570372,5.46,5.71,0.25,5.54,-0.0015384829119200394,0.0,1.0,1
5.653,0.10342952512057027,5.42,5.85,0.4299999999999997,5.65,0.0017221450402889265,0.0,1.0,1
5.597666666666666,0.03657716348883403,5.53,5.69,0.16000000000000014,5.6,0.00022672964712417963,0.0,1.0,1
5.614499999999999,0.048697193622083315,5.5,5.71,0.20999999999999996,5.62,0.0011756043345373438,0.0,1.0,1
5.546833333333334,0.04631384482227979,5.43,5.65,0.22000000000000064,5.55,-6.946373992825884e-06,0.0,1.0,1
5.529333333333333,0.03863792034891219,5.44,5.59,0.14999999999999947,5.53,0.0004629063628784898,0.0,1.0,1
5.5280000000000005,0.0388072158238644,5.43,5.6,0.16999999999999993,5.53,5.001389274743462e-06,0.0,1.0,1
5.524666666666666,0.034950759012581566,5.46,5.6,0.13999999999999968,5.51,0.0004906918588496325,0.0,1.0,1
5.525666666666666,0.03164209573056463,5.48,5.59,0.10999999999999943,5.51,0.000351764378994174,0.0,1.0,1
5.613333333333333,0.1328114787542436,5.4,5.91,0.5099999999999998,5.57,0.003911642122811864,0.0,1.0,1
5.576499999999999,0.033257831157989505,5.51,5.69,0.1800000000000006,5.57,2.3061961655943274e-05,0.0,1.0,1
5.558166666666666,0.029860322987015492,5.51,5.64,0.1299999999999999,5.56,-0.00018866351764381826,0.0,1.0,1
5.538500000000001,0.03767514653809143,5.48,5.62,0.13999999999999968,5.53,-0.00034203945540435185,0.0,1.0,1
5.841666666666668,0.16417639565080266,5.5,6.08,0.5800000000000001,5.86,0.002171158655181912,0.0,0.7833333333333333,1
5.899333333333333,0.031457201966410844,5.83,5.96,0.1299999999999999,5.91,-0.001508752431230935,0.0,1.0,1
5.810833333333332,0.036755574029284546,5.75,5.88,0.1299999999999999,5.81,-0.0015746040566824123,0.0,1.0,1
5.87816666666667,0.09000910447776314,5.75,6.02,0.2699999999999996,5.88,0.0034062239510975183,0.0,0.8833333333333333,1
5.938999999999998,0.13465635274034915,5.35,6.07,0.7200000000000006,5.99,-0.00035509863851070094,0.0,0.6166666666666667,1
6.002666666666667,0.03400326781681752,5.88,6.07,0.1900000000000004,6.01,-0.001461517088080081,0.0,0.45,1
5.896666666666667,0.0278487980989406,5.85,5.96,0.11000000000000032,5.89,0.000482911919977705,0.0,1.0,1
5.824333333333333,0.03662270091380787,5.72,5.92,0.20000000000000018,5.83,-0.0011297582661851221,0.0,1.0,1
5.821166666666667,0.029837988463627323,5.75,5.88,0.1299999999999999,5.81,5.473742706304964e-05,0.0,1.0,1
5.7766666666666655,0.04097424665431791,5.71,5.88,0.16999999999999993,5.78,-0.0010502917477077786,0.0,1.0,1
5.7376666666666685,0.03743290293608308,5.65,5.83,0.17999999999999972,5.73,-0.0011203111975549378,0.0,1.0,1
5.707000000000002,0.040632499307820064,5.62,5.8,0.17999999999999972,5.71,0.0002867463184217045,0.0,1.0,1
5.709166666666667,0.12119256944585705,5.51,5.97,0.45999999999999996,5.69,-0.0015490414003890168,0.0,1.0,1
5.7139999999999995,0.029619813188697417,5.62,5.76,0.13999999999999968,5.72,-0.0006385106974160394,0.0,1.0,1
5.648333333333334,0.030120129850686666,5.59,5.72,0.1299999999999999,5.645,-0.0004818005001389789,0.0,1.0,1
5.641666666666666,0.031736764520382786,5.59,5.71,0.1200000000000001,5.64,-0.00036343428730210544,0.0,1.0,1
5.6165,0.051342802157004826,5.56,5.76,0.20000000000000018,5.6,0.0006076687968879944,0.0,1.0,1
5.584999999999998,0.04244604418160387,5.51,5.72,0.20999999999999996,5.57,-0.0012614615170881166,0.0,1.0,1
5.626166666666667,0.07389388036607339,5.51,5.78,0.27000000000000046,5.62,-0.002454292859127612,0.0,1.0,1
5.712999999999999,0.08323260579043928,5.55,5.85,0.2999999999999998,5.73,0.0009597110308418466,0.0,1.0,1
5.563333333333333,0.06898470039718149,5.48,5.78,0.2999999999999998,5.555,0.002218393998332833,0.0,1.0,1
5.7115,0.08874730042842623,5.56,5.86,0.3000000000000007,5.74,-0.0006371214226173804,0.0,1.0,1
5.8853333333333335,0.044100894422776614,5.78,5.97,0.1899999999999995,5.885,-0.0004773548207836052,0.0,1.0,1
5.6655,0.15253879288015001,5.44,5.89,0.4499999999999993,5.67,-0.007352875798833042,0.0,1.0,1
5.563833333333333,0.030772913775302776,5.48,5.62,0.13999999999999968,5.56,0.0006621283689913257,0.0,1.0,1
5.527166666666668,0.03082702638198419,5.46,5.59,0.1299999999999999,5.53,-0.0001764378994165439,0.0,1.0,1
5.507000000000001,0.03007213549672397,5.43,5.56,0.1299999999999999,5.51,-0.0008491247568769274,0.0,1.0,1
5.475999999999999,0.02703084657695106,5.39,5.53,0.14000000000000057,5.48,-0.0006329535982217787,0.0,1.0,1
5.463666666666667,0.0257531012156249,5.42,5.55,0.1299999999999999,5.46,-0.00031731036399004455,0.0,1.0,1
5.448500000000001,0.025808590301164013,5.4,5.51,0.10999999999999943,5.44,-0.0003442622950820454,0.0,1.0,1
5.418666666666666,0.023342855200015496,5.35,5.46,0.11000000000000032,5.42,-0.0005006946373993875,0.0,1.0,1
5.385833333333334,0.027766386553209,5.32,5.44,0.1200000000000001,5.39,-0.00020644623506536672,0.0,1.0,1
5.353333333333333,0.03197221015541813,5.28,5.43,0.14999999999999947,5.35,-0.0006035009724923794,0.0,1.0,1
5.326666666666665,0.036998498468030876,5.28,5.4,0.1200000000000001,5.32,-0.001039733259238694,0.0,1.0,1
5.3004999999999995,0.026672395218027597,5.26,5.37,0.11000000000000032,5.3,-0.0002959155320922776,0.0,1.0,1
5.2843333333333335,0.02979746447080496,5.23,5.35,0.11999999999999922,5.28,-0.0007040844679077982,0.0,1.0,1
5.264833333333332,0.025915996775908258,5.19,5.35,0.15999999999999925,5.26,-0.0003798277299250217,0.0,1.0,1
5.245499999999999,0.032884900283666134,5.16,5.34,0.17999999999999972,5.24,-0.0003325923867741542,0.0,1.0,1
5.226166666666668,0.039033817247213866,5.16,5.32,0.16000000000000014,5.23,-0.0012517365934982408,0.0,1.0,1
5.191166666666666,0.03017127036694947,5.14,5.26,0.1200000000000001,5.18,0.00028146707418724265,0.0,1.0,1
5.167166666666665,0.03342113436468352,5.1,5.26,0.16000000000000014,5.18,-0.000818282856349003,0.0,1.0,1
5.134,0.031738514983113766,5.08,5.23,0.15000000000000036,5.12,-0.00044234509586002556,0.0,1.0,1
5.129833333333333,0.026044299866872095,5.08,5.19,0.11000000000000032,5.13,0.00029091414281742686,0.0,1.0,1
5.130166666666668,0.025066023927930003,5.08,5.19,0.11000000000000032,5.125,-5.973881633784673e-05,0.0,1.0,1
5.124999999999999,0.02179449471770338,5.08,5.19,0.11000000000000032,5.12,0.0002795220894692541,0.0,1.0,1
5.124,0.025961509971494337,5.07,5.19,0.1200000000000001,5.13,-0.0007368713531537112,0.0,1.0,1
5.126166666666666,0.026588949250059155,5.05,5.19,0.14000000000000057,5.13,0.0003670464017782435,0.0,1.0,1
5.110166666666667,0.027416033427337484,5.05,5.18,0.1299999999999999,5.12,-0.00043706585162551007,0.0,1.0,1
5.105833333333334,0.025185423473818143,5.07,5.16,0.08999999999999986,5.1,-0.0002470130591831534,0.0,1.0,1
5.100999999999999,0.028384267943117065,5.03,5.16,0.1299999999999999,5.1,-0.0009096971380939427,0.0,1.0,1
5.087166666666667,0.026651558220028192,5.03,5.14,0.10999999999999943,5.08,0.0004131703250902641,0.0,1.0,1
5.0794999999999995,0.029968038529962743,5.02,5.14,0.1200000000000001,5.08,0.00021978327313138056,0.0,1.0,1
5.063666666666667,0.042188729405954965,4.97,5.16,0.1900000000000004,5.07,-0.00046512920255633086,0.0,1.0,1
5.066166666666667,0.09650719604718028,4.94,5.34,0.39999999999999947,5.03,0.0036279522089468874,0.0,1.0,1
5.222666666666667,0.03477866523539333,5.14,5.3,0.16000000000000014,5.220000000000001,0.0012953598221728093,0.0,1.0,1
5.301833333333334,0.07265194805065832,5.23,5.57,0.33999999999999986,5.28,0.002843289802722966,0.0,1.0,1
5.322166666666665,0.08813042733484393,5.14,5.56,0.41999999999999993,5.32,0.0010366768546818184,0.0,1.0,1
5.317666666666666,0.02635442193552249,5.28,5.39,0.10999999999999943,5.32,-0.0003456515698805435,0.0,1.0,1
5.335166666666667,0.07904622417013696,5.24,5.62,0.3799999999999999,5.32,0.0016029452625728844,0.0,1.0,1
5.344,0.09955233129699503,5.21,5.72,0.5099999999999998,5.32,-0.002770769658238488,0.0,1.0,1
5.304833333333333,0.043069388458883626,5.24,5.5,0.2599999999999998,5.3,-0.000429841622673006,0.0,1.0,1
5.3233333333333315,0.0899938269487906,5.21,5.64,0.4299999999999997,5.3,0.00042178382884129314,0.0,1.0,1
5.275333333333333,0.035093525835338195,5.23,5.42,0.1899999999999995,5.28,-7.557654904146024e-05,0.0,1.0,1
5.345,0.16103312288677338,5.23,5.8,0.5699999999999994,5.28,0.006055570991942164,0.0,1.0,1
5.513166666666667,0.3768796963960191,4.68,5.88,1.2000000000000002,5.725,0.013379549874965218,0.0,1.0,1
5.725333333333333,0.10265584358536159,5.48,5.97,0.4899999999999993,5.73,0.0027396499027507112,0.0,1.0,1
5.707499999999999,0.11348458045038536,5.37,5.97,0.5999999999999996,5.71,-0.0026232286746318534,0.0,1.0,1
5.786500000000001,0.07247585804942214,5.51,5.91,0.40000000000000036,5.8,-0.00033425951653235736,0.0,1.0,1
5.786166666666667,0.04191625248304316,5.71,5.89,0.17999999999999972,5.78,-0.0010544595721034338,0.0,1.0,1
5.533999999999997,0.42621668980304683,4.64,6.02,1.38,5.74,-0.017779383161989487,0.0,0.9666666666666667,1
5.834999999999999,0.33190108968385945,4.57,6.1,1.5299999999999994,5.95,0.014869686023895502,0.0,0.5833333333333334,1
6.090500000000001,0.02209260811523463,6.05,6.15,0.10000000000000053,6.1,-0.00036871353153660754,0.0,0.0,1
6.0491666666666655,0.024378382956126484,6.01,6.12,0.11000000000000032,6.05,-0.0006932481244790891,0.0,0.0,1
6.013666666666666,0.012644717825593711,5.99,6.03,0.040000000000000036,6.02,-0.00034342873020283657,0.0,0.16666666666666666,1
5.9783333333333335,0.02058856208890965,5.92,6.02,0.09999999999999964,5.97,-0.00037065851625456926,0.0,0.85,1
5.961500000000002,0.015146506747981976,5.92,5.99,0.07000000000000028,5.96,-0.00021478188385666393,0.0,1.0,1
5.941666666666668,0.0213046682416997,5.91,5.99,0.08000000000000007,5.94,-0.0006018338427340957,0.0,1.0,1
5.918000000000001,0.01768238294649996,5.89,5.96,0.07000000000000028,5.92,0.0003178660739094277,0.0,1.0,1
5.911000000000001,0.015459624833740452,5.88,5.94,0.0600000000000005,5.91,-6.557377049182584e-05,0.0,1.0,1
5.898666666666666,0.022395436042987868,5.85,5.96,0.11000000000000032,5.89,-0.00010280633509309905,0.0,1.0,1
5.865500000000001,0.01596088969951233,5.83,5.89,0.05999999999999961,5.86,7.918866351761172e-05,0.0,1.0,1
5.842666666666667,0.021437246921084792,5.8,5.89,0.08999999999999986,5.85,-0.00029674909697141935,0.0,1.0,1
5.826666666666667,0.022997584414213876,5.78,5.88,0.09999999999999964,5.83,0.0005718255070852462,0.0,1.0,1
5.802833333333334,0.02846586649929272,5.75,5.86,0.11000000000000032,5.8,-0.0003342595165324378,0.0,1.0,1
5.804499999999999,0.03959903197470015,5.73,5.88,0.14999999999999947,5.8,-0.0014273409280356163,0.0,1.0,1
5.781000000000001,0.028325489110222455,5.72,5.85,0.1299999999999999,5.78,-0.0005923867741039919,0.0,1.0,1
5.746333333333335,0.0300536557214296,5.67,5.81,0.13999999999999968,5.75,-0.0009146985273687666,0.0,1.0,1
5.715000000000001,0.027958302285129258,5.65,5.78,0.1299999999999999,5.72,0.00020283412058902752,0.0,1.0,1
5.7395000000000005,0.025260311425897564,5.69,5.81,0.11999999999999922,5.75,-0.0006893581550430716,0.0,1.0,1
5.733666666666666,0.11688978664632003,5.3,5.92,0.6200000000000001,5.73,-7.279799944430308e-05,0.0,1.0,1
5.843999999999999,0.08877311905451254,5.57,6.03,0.45999999999999996,5.85,0.0016526813003611101,0.0,0.95,1
5.8345,0.030845042821605377,5.76,5.91,0.15000000000000036,5.83,-0.0009916643512086847,0.0,1.0,1
5.793499999999999,0.023581419239166457,5.73,5.85,0.11999999999999922,5.8,0.00033703806612940724,0.0,1.0,1
5.753333333333334,0.027243755655603327,5.71,5.81,0.09999999999999964,5.75,-0.0007629897193665568,0.0,1.0,1
5.7201666666666675,0.02636232581207921,5.67,5.78,0.11000000000000032,5.72,-0.0007599333148097215,0.0,1.0,1
5.699333333333333,0.022499382707581533,5.65,5.75,0.09999999999999964,5.7,-0.0002795220894693614,0.0,1.0,1
5.718000000000001,0.07858753081755399,5.56,5.92,0.3600000000000003,5.71,0.0012358988607945737,0.0,1.0,1
5.6721666666666675,0.03911912007644801,5.53,5.75,0.21999999999999975,5.67,0.0004376215615448396,0.0,1.0,1
5.6548333333333325,0.027048824168323663,5.59,5.71,0.1200000000000001,5.65,-0.000796610169491558,0.0,1.0,1
5.667833333333333,0.12223054264608162,5.5,5.94,0.4400000000000004,5.64,0.0013273131425395536,0.0,1.0,1
5.666666666666667,0.07152311203768723,5.56,5.91,0.35000000000000053,5.65,-0.0006112809113643336,0.0,1.0,1
5.666,0.040873789482584924,5.59,5.78,0.1900000000000004,5.65,0.001175326479577612,0.0,1.0,1
5.7218333333333335,0.03422921104683666,5.65,5.81,0.15999999999999925,5.73,-0.0005026396221173224,0.0,1.0,1
5.7115,0.03682503677300718,5.64,5.8,0.16000000000000014,5.71,-0.000655459849958312,0.0,1.0,1
5.662666666666666,0.03881007887420774,5.59,5.75,0.16000000000000014,5.67,-0.0005034731869964777,0.0,1.0,1
5.634999999999999,0.039728243521874214,5.56,5.72,0.16000000000000014,5.64,-0.0005646012781328762,0.0,1.0,1
5.600499999999999,0.031907418155239904,5.53,5.65,0.1200000000000001,5.595,8.363434287301223e-05,0.0,1.0,1
5.588333333333334,0.0327193452800565,5.53,5.65,0.1200000000000001,5.58,-0.000811892192275614,0.0,1.0,1
5.583500000000001,0.0319804627858948,5.53,5.65,0.1200000000000001,5.57,-0.0005632120033342574,0.0,1.0,1
5.558166666666667,0.025132427039362578,5.5,5.62,0.1200000000000001,5.56,-9.030286190614654e-05,0.0,1.0,1
5.5535,0.02515452245621048,5.48,5.6,0.11999999999999922,5.55,-0.00018699638788558832,0.0,1.0,1
5.539499999999999,0.026484272062238443,5.48,5.59,0.10999999999999943,5.55,0.00047818838566262634,0.0,1.0,1
5.523666666666666,0.0297190548675798,5.46,5.59,0.1299999999999999,5.51,-0.0004245623784384503,0.0,1.0,1
5.508,0.028971250116854225,5.44,5.56,0.11999999999999922,5.51,0.00013003612114469764,0.0,1.0,1
5.484166666666666,0.028536039591287924,5.43,5.55,0.1200000000000001,5.48,-0.0005004167824396021,0.0,1.0,1
5.4849999999999985,0.034375378785791805,5.42,5.55,0.1299999999999999,5.5,-0.0001161433731592872,0.0,1.0,1
5.448666666666667,0.031961782734315006,5.39,5.51,0.1200000000000001,5.44,8.3912197832677e-05,0.0,1.0,1
5.608500000000001,0.15872224166763774,5.24,5.92,0.6799999999999997,5.57,-0.0014912475687691184,0.0,1.0,1
5.573166666666666,0.019104246183040585,5.5,5.6,0.09999999999999964,5.57,-0.000153098082800842,0.0,1.0,1
5.564499999999999,0.014425093876066596,5.53,5.6,0.0699999999999994,5.56,3.3620450125001075e-05,0.0,1.0,1
5.553999999999999,0.03362538723444925,5.5,5.62,0.1200000000000001,5.555,-0.000780772436787998,0.0,1.0,1
5.531666666666666,0.03327494886881447,5.48,5.6,0.11999999999999922,5.53,-0.000476799110864222,0.0,1.0,1
5.509333333333333,0.03727674282385127,5.44,5.59,0.14999999999999947,5.51,-0.00020450125034735133,0.0,1.0,1
5.488999999999999,0.04190067620774941,5.43,5.57,0.14000000000000057,5.48,-8.33564879132402e-06,0.0,1.0,1
5.470999999999999,0.04952103929981003,5.39,5.6,0.20999999999999996,5.46,-0.0002500694637399888,0.0,1.0,1
5.460833333333332,0.040673155220065656,5.4,5.56,0.15999999999999925,5.46,-0.0003103639899972857,0.0,1.0,1
5.6209999999999996,0.19417947025024726,5.3,5.96,0.6600000000000001,5.55,0.007746596276743501,0.0,1.0,1
5.562500000000001,0.05239672381615728,5.48,5.78,0.2999999999999998,5.56,-0.00108446790775223,0.0,1.0,1
5.533833333333333,0.04669374214555469,5.43,5.65,0.22000000000000064,5.53,0.0009799944429007667,0.0,1.0,1
5.526833333333332,0.04310806833477406,5.42,5.65,0.23000000000000043,5.52,-6.918588496812479e-05,0.0,1.0,1
5.501666666666665,0.04270701217468719,5.44,5.59,0.14999999999999947,5.5,-0.00036343428730209205,0.0,1.0,1
5.477333333333334,0.051860925132083305,5.4,5.6,0.1999999999999993,5.45,-0.000999166435120934,0.0,1.0,1
5.471999999999999,0.044788391353117366,5.4,5.56,0.15999999999999925,5.46,-0.00014115031953320563,0.0,1.0,1
5.462666666666666,0.04571165667043311,5.39,5.56,0.16999999999999993,5.46,0.0005768268963600433,0.0,1.0,1
5.456333333333333,0.04151171186812488,5.39,5.53,0.14000000000000057,5.46,-8.669074742992802e-05,0.0,1.0,1
5.449000000000002,0.048774993593028775,5.37,5.57,0.20000000000000018,5.44,-0.0009936093359266464,0.0,1.0,1
5.4505,0.06122159205160654,5.37,5.69,0.3200000000000003,5.44,0.0007010280633508556,0.0,1.0,1
5.3968333333333325,0.15494613759482867,4.83,5.73,0.9000000000000004,5.39,-0.0043926090580717276,0.0,1.0,1
5.474666666666666,0.1296079558600559,5.16,5.69,0.5300000000000002,5.5,0.004134481800500093,0.0,1.0,1
5.463833333333334,0.024296204550413925,5.43,5.55,0.1200000000000001,5.46,-5.140316754660316e-05,0.0,1.0,1
5.4270000000000005,0.08375161689981474,5.05,5.64,0.5899999999999999,5.44,0.001074187274242783,0.0,1.0,1
5.432999999999999,0.029000000000000078,5.3,5.48,0.1800000000000006,5.44,-0.00010058349541544572,0.0,1.0,1
5.412999999999999,0.016563010998406447,5.37,5.44,0.07000000000000028,5.42,1.6115587663211246e-05,0.0,1.0,1
5.401333333333333,0.030411985941218748,5.28,5.44,0.16000000000000014,5.4,-1.1669908307891172e-05,0.0,1.0,1
5.436166666666667,0.029782078876771215,5.39,5.55,0.16000000000000014,5.43,8.530147263124218e-05,0.0,1.0,1
5.443666666666667,0.02670622066527245,5.39,5.51,0.1200000000000001,5.4350000000000005,0.00033287024173377875,0.0,1.0,1
5.4940000000000015,0.14758274515222525,5.21,5.81,0.5999999999999996,5.45,0.0028113364823561813,0.0,1.0,1
5.580166666666667,0.30660773890356313,4.83,6.01,1.1799999999999997,5.635,0.013187829952764591,0.0,0.9666666666666667,1
5.535500000000001,0.11596587141626334,5.28,5.92,0.6399999999999997,5.53,0.00010641844956927734,0.0,1.0,1
5.668833333333333,0.11906709126464052,5.42,5.92,0.5,5.67,0.0026760211169769145,0.0,1.0,1
5.509666666666666,0.3210813327215119,4.89,6.07,1.1800000000000006,5.555,0.007758821894970788,0.0,0.9,1
5.987833333333333,0.19309834857455985,5.3,6.24,0.9400000000000004,6.015,-0.003100027785495982,0.0,0.43333333333333335,1
6.1875,0.1916126735544042,5.65,6.48,0.8300000000000001,6.24,-0.00021756043345379426,0.0,0.23333333333333334,1
5.762333333333332,0.36047360821871854,4.94,6.33,1.3899999999999997,5.8149999999999995,-0.0037688246735204686,0.0,0.6833333333333333,1
6.245666666666666,0.2539577830182717,5.28,6.64,1.3599999999999994,6.275,0.010334537371492055,0.0,0.11666666666666667,1
6.4043333333333345,0.17093241029391965,5.83,6.62,0.79,6.445,-0.0032242289524868745,0.0,0.05,1
6.521166666666665,0.17601223126690815,5.97,6.74,0.7700000000000005,6.55,-0.003537371492081237,0.0,0.016666666666666666,1
6.1468333333333325,0.18507198299280442,5.67,6.45,0.7800000000000002,6.15,-0.0034284523478744808,0.0,0.18333333333333332,1
6.2315,0.14807458706116097,5.76,6.51,0.75,6.26,0.002642122811892155,0.0,0.05,1
6.3676666666666675,0.23057440351339,5.72,6.7,0.9800000000000004,6.445,0.007004723534315019,0.0,0.08333333333333333,1
4.587666666666666,0.6459421198700563,3.03,6.12,3.0900000000000003,4.705,0.012736315643234193,0.0,0.9833333333333333,1
5.736333333333334,0.132752484806207,5.42,6.12,0.7000000000000002,5.73,0.004941928313420333,0.0,0.9666666666666667,1
5.922333333333333,0.10599318636382035,5.53,6.08,0.5499999999999998,5.92,0.0042578494026118035,0.0,0.7166666666666667,1
4.808666666666666,0.911629432512039,2.49,6.07,3.58,4.975,-0.033132536815782224,0.0,0.8666666666666667,1
5.533,0.3683987875477696,4.84,6.21,1.37,5.52,0.019640455682133885,0.0,0.9166666666666666,1
5.976833333333333,0.12282089489261272,5.57,6.21,0.6399999999999997,6.01,0.0026954709641566527,0.0,0.48333333333333334,1
6.0375,0.05064994241523547,5.92,6.13,0.20999999999999996,6.04,-0.0023287024173382215,0.0,0.2,1
5.925166666666667,0.116868753546684,5.57,6.15,0.5800000000000001,5.95,0.0030883578771880504,0.0,0.7333333333333333,1
5.900499999999999,0.17341112036621714,5.44,6.28,0.8399999999999999,5.96,-0.0017752153375938803,0.0,0.7833333333333333,1
5.8868333333333345,0.10679406454584553,5.59,6.07,0.4800000000000004,5.89,0.000742706307307516,0.0,0.8666666666666667,1
5.959833333333333,0.11855366810952003,5.53,6.1,0.5699999999999994,6.0,0.0046499027507640595,0.0,0.5,1
5.979333333333333,0.08237853010476831,5.88,6.35,0.46999999999999975,5.96,-0.00023562100583495384,0.0,0.7166666666666667,1
5.999,0.07322795458930509,5.86,6.19,0.33000000000000007,5.97,-0.002261739372047844,0.0,0.5666666666666667,1
6.015000000000001,0.185791101329782,5.56,6.33,0.7700000000000005,5.98,0.0022145040288968423,0.0,0.55,1
6.080333333333331,0.05819411959601722,5.94,6.17,0.22999999999999954,6.075,0.0008663517643789452,0.0,0.08333333333333333,1
6.0325,0.12612989336394445,5.53,6.19,0.6600000000000001,6.0600000000000005,0.001925257015837699,0.0,0.15,1
5.967499999999999,0.23934372075880053,5.51,6.48,0.9700000000000006,5.955,0.0021530980828007255,0.0,0.5166666666666667,1
5.836333333333333,0.29547682744261955,5.14,6.37,1.2300000000000004,5.895,-0.0010736315643234268,0.0,0.6166666666666667,1
6.334666666666666,0.21962442689484446,5.62,6.61,0.9900000000000002,6.42,0.008762434009447043,0.0,0.1,1
6.2205,0.2178717130178522,5.67,6.62,0.9500000000000002,6.17,-0.004736593498193974,0.0,0.1,1
6.306499999999999,0.20675932062827707,5.55,6.62,1.0700000000000003,6.29,0.006484301194776269,0.0,0.05,1
6.5071666666666665,0.22475981006893164,5.64,6.69,1.0500000000000007,6.58,-0.005859683245346016,0.0,0.06666666666666667,1
6.261999999999999,0.2875691221254466,5.43,6.67,1.2400000000000002,6.35,-0.004014448457905003,0.0,0.15,1
6.145,0.18588078616862658,5.64,6.42,0.7800000000000002,6.21,0.008938594053903855,0.0,0.16666666666666666,1
6.346000000000001,0.19503162136774993,5.81,6.61,0.8000000000000007,6.390000000000001,0.002376215615448633,0.0,0.05,1
6.334,0.21483482026896852,5.76,6.62,0.8600000000000003,6.4,-0.006631286468463508,0.0,0.1,1
6.367333333333333,0.1505530545097715,5.89,6.58,0.6900000000000004,6.38,0.005204779105306953,0.0,0.016666666666666666,1
6.574166666666666,0.11797304306022158,6.05,6.69,0.6400000000000006,6.61,0.003787996665740448,0.0,0.0,1
6.503,0.08942967441887884,6.24,6.62,0.3799999999999999,6.52,-0.0041517088080022585,0.0,0.0,1
6.409,0.09765073817778687,6.13,6.56,0.4299999999999997,6.41,0.004176160044456767,0.0,0.0,1
6.416666666666667,0.12706516263537995,6.02,6.62,0.6000000000000005,6.44,0.0006624062239510441,0.0,0.0,1
6.493333333333333,0.0735224833337092,6.26,6.64,0.3799999999999999,6.49,0.0008702417338149089,0.0,0.0,1
6.424666666666668,0.1319781126635103,6.02,6.56,0.54,6.475,-0.0032520144484579367,0.0,0.0,1
6.373499999999999,0.07584688523598061,6.17,6.56,0.3899999999999997,6.37,-0.0020919699916644207,0.0,0.0,1
6.382333333333334,0.09520795951786573,6.07,6.56,0.4899999999999993,6.38,0.0021539316476798537,0.0,0.0,1
6.334333333333333,0.02883092475489161,6.26,6.4,0.14000000000000057,6.33,-0.001111419838844177,0.0,0.0,1
6.267833333333334,0.07483518928656187,6.03,6.4,0.3700000000000001,6.29,0.00025312586829669007,0.0,0.0,1
6.3135,0.030211752680041566,6.22,6.37,0.15000000000000036,6.32,-0.0008455126424007223,0.0,0.0,1
6.173833333333334,0.11123685939871238,5.89,6.29,0.40000000000000036,6.22,-0.005132814670741925,0.0,0.1,1
6.206,0.08767743913535196,6.05,6.48,0.4300000000000006,6.17,0.0023851069741594472,0.0,0.0,1
6.287166666666666,0.0767700390053886,6.17,6.45,0.28000000000000025,6.26,-0.002719922200611295,0.0,0.0,1
6.228666666666666,0.026042699979499494,6.17,6.28,0.11000000000000032,6.22,-0.0008274520700194554,0.0,0.0,1
6.115166666666667,0.08579999352499329,5.76,6.26,0.5,6.13,-0.0020586273964990844,0.0,0.06666666666666667,1
6.245,0.1779934455722083,5.78,6.54,0.7599999999999998,6.25,0.002492914698527317,0.0,0.06666666666666667,1
6.0953333333333335,0.09568118356755882,5.8,6.31,0.5099999999999998,6.1,-0.002285634898582956,0.0,0.08333333333333333,1
6.165166666666666,0.08331649829948985,5.88,6.35,0.46999999999999975,6.17,0.0008321756043344806,0.0,0.06666666666666667,1
6.188333333333334,0.07123123534580098,6.03,6.29,0.2599999999999998,6.21,-0.002761878299527687,0.0,0.0,1
6.067333333333335,0.10054628563778756,5.78,6.24,0.45999999999999996,6.1,0.003418171714365034,0.0,0.23333333333333334,1
6.1066666666666665,0.09317844290511738,5.92,6.33,0.41000000000000014,6.12,-0.0029058071686579967,0.0,0.15,1
6.043499999999999,0.06302975487815261,5.88,6.17,0.29000000000000004,6.05,-0.0006682411781051036,0.0,0.18333333333333332,1
5.972499999999999,0.08665304380112676,5.65,6.08,0.4299999999999997,6.01,1.5837732703479436e-05,0.0,0.4166666666666667,1
6.02,0.03991657967979393,5.89,6.08,0.1900000000000004,6.025,0.0012825784940261116,0.0,0.31666666666666665,1
6.039,0.03254228019054604,5.97,6.1,0.1299999999999999,6.03,-0.0006751875520978222,0.0,0.08333333333333333,1
5.9765,0.045710137460596906,5.86,6.08,0.21999999999999975,5.97,-0.0005298694081689747,0.0,0.7,1
5.970833333333333,0.03997047521469922,5.88,6.05,0.16999999999999993,5.97,0.0012061683801055229,0.0,0.75,1
5.970666666666668,0.038378234572331305,5.89,6.05,0.16000000000000014,5.97,0.00038788552375656023,0.0,0.75,1
5.961666666666667,0.021768989156340873,5.91,6.01,0.09999999999999964,5.96,-0.00024784662406233547,0.0,0.9833333333333333,1
5.9425,0.02210769096943409,5.91,6.01,0.09999999999999964,5.94,-4.47346485135359e-05,0.0,0.9833333333333333,1
5.913333333333335,0.025210227201585462,5.85,5.97,0.1200000000000001,5.91,-0.00048291191997777206,0.0,1.0,1
5.874333333333333,0.020765890836229966,5.8,5.92,0.1200000000000001,5.88,-0.00016449013614898796,0.0,1.0,1
5.844333333333333,0.027164110309172488,5.8,5.89,0.08999999999999986,5.85,0.00048680188941368217,0.0,1.0,1
5.836166666666665,0.027452484202506858,5.78,5.89,0.10999999999999943,5.83,-0.0006471242011670014,0.0,1.0,1
5.808666666666666,0.02148384405909598,5.76,5.86,0.10000000000000053,5.81,6.946373992773593e-05,0.0,1.0,1
5.772333333333333,0.02376037784959557,5.71,5.81,0.09999999999999964,5.76,-0.0006279522089469414,0.0,1.0,1
5.765499999999999,0.022317780654297383,5.72,5.81,0.08999999999999986,5.76,-0.00020144484579055622,0.0,1.0,1
5.747166666666668,0.015393902111622613,5.71,5.78,0.07000000000000028,5.75,-7.58544040011116e-05,0.0,1.0,1
5.746333333333335,0.020409692686455493,5.71,5.8,0.08999999999999986,5.75,-0.0005734926368435967,0.0,1.0,1
5.725833333333335,0.02728196392409376,5.67,5.78,0.11000000000000032,5.73,-0.000945540427896691,0.0,1.0,1
5.712833333333333,0.02310062529216226,5.67,5.78,0.11000000000000032,5.72,-0.0005043067518755524,0.0,1.0,1
5.682666666666666,0.02489087293679261,5.62,5.73,0.11000000000000032,5.69,-0.0004934704084468567,0.0,1.0,1
5.675833333333332,0.02525151260595875,5.64,5.75,0.11000000000000032,5.67,-0.0003598221728258467,0.0,1.0,1
5.621833333333332,0.02673896449420254,5.53,5.67,0.13999999999999968,5.62,-0.0007343706585162725,0.0,1.0,1
5.594,0.020264912204760847,5.56,5.65,0.09000000000000075,5.59,0.0001228118921922338,0.0,1.0,1
5.575666666666666,0.025322366047078188,5.53,5.62,0.08999999999999986,5.58,-0.0007774381772714845,0.0,1.0,1
5.565499999999999,0.01146371085934519,5.53,5.59,0.05999999999999961,5.56,-4.723534315145735e-06,0.0,1.0,1
5.5645,0.020201072578784864,5.51,5.6,0.08999999999999986,5.57,6.529591553208063e-05,0.0,1.0,1
5.527166666666667,0.021763246285627647,5.48,5.56,0.07999999999999918,5.53,0.0006293414837453993,0.0,1.0,1
5.514833333333333,0.02963622033180938,5.44,5.62,0.17999999999999972,5.51,-0.0005348707974437315,0.0,1.0,1
5.499333333333334,0.017016332024133475,5.44,5.55,0.10999999999999943,5.5,-0.00014559599888864638,0.0,1.0,1
5.499666666666667,0.02594652620722508,5.44,5.57,0.1299999999999999,5.5,-0.0007057515976661086,0.0,1.0,1
5.476500000000001,0.02135610763536587,5.43,5.53,0.10000000000000053,5.48,-0.00051486524034457,0.0,1.0,1
5.452166666666667,0.020173552543422426,5.42,5.53,0.11000000000000032,5.46,-0.0007204779105307414,0.0,1.0,1
5.447333333333334,0.01759419096052895,5.42,5.5,0.08000000000000007,5.44,-0.00010947485412619313,0.0,1.0,1
5.4558333333333335,0.023614378858841267,5.42,5.53,0.11000000000000032,5.45,-0.00013864962489580708,0.0,1.0,1
5.432999999999999,0.022678918257565447,5.37,5.48,0.11000000000000032,5.43,-0.0003323145318144358,0.0,1.0,1
5.425166666666668,0.015967849643024033,5.39,5.48,0.09000000000000075,5.43,0.00041594887468736764,0.0,1.0,1
5.429166666666665,0.028710721961586964,5.39,5.51,0.1200000000000001,5.42,0.000981105862739627,0.0,1.0,1
5.429333333333333,0.0272559881290128,5.37,5.51,0.13999999999999968,5.43,-0.0003917754931925642,0.0,1.0,1
5.399166666666668,0.026031498014691585,5.34,5.44,0.10000000000000053,5.4,-0.0006260072242290065,0.0,1.0,1
5.382833333333334,0.024296204550414056,5.34,5.44,0.10000000000000053,5.39,-0.00042539594331760547,0.0,1.0,1
5.862333333333333,0.26990965566689573,5.23,6.1,0.8699999999999992,6.02,0.012542928591275282,0.0,0.4,1
6.005666666666667,0.04244080845391879,5.92,6.08,0.16000000000000014,6.01,-0.0020811336482356446,0.0,0.45,1
5.910166666666667,0.0314373274238692,5.85,5.97,0.1200000000000001,5.91,-0.0005898860794665398,0.0,1.0,1
5.845333333333333,0.03985250584621025,5.76,5.92,0.16000000000000014,5.85,-0.0015154209502640425,0.0,1.0,1
5.786666666666666,0.04201851443775169,5.69,5.86,0.16999999999999993,5.78,-0.0014881911642123367,0.0,1.0,1
5.729333333333334,0.027620443314488773,5.65,5.8,0.14999999999999947,5.725,-0.0008463462072798373,0.0,1.0,1
5.700666666666667,0.04400252518006467,5.6,5.78,0.1800000000000006,5.71,-0.00011225340372326985,0.0,1.0,1
5.708166666666667,0.043531278665141684,5.6,5.8,0.20000000000000018,5.71,0.000693803834398432,0.0,1.0,1
5.6803333333333335,0.037813871646379886,5.6,5.76,0.16000000000000014,5.69,-0.0006485134759656067,0.0,1.0,1
5.683333333333334,0.05821416398857666,5.6,5.85,0.25,5.67,0.0021844956932481133,0.0,1.0,1
5.801833333333334,0.07473267171874842,5.67,6.03,0.3600000000000003,5.78,0.00193581550430669,0.0,0.9833333333333333,1
5.810833333333333,0.05672423546323813,5.69,5.94,0.25,5.81,-0.0009433175882190377,0.0,1.0,1
5.790333333333334,0.0540051437879352,5.72,5.96,0.2400000000000002,5.78,0.000550152820227801,0.0,1.0,1
5.751333333333335,0.04120949189473477,5.65,5.89,0.23999999999999932,5.75,-0.0009708252292303815,0.0,1.0,1
5.7058333333333335,0.028768713716273184,5.65,5.78,0.1299999999999999,5.71,-0.0006721311475410404,0.0,1.0,1
5.857666666666668,0.1743785792145608,5.62,6.17,0.5499999999999998,5.87,0.007707140872464548,0.0,0.6666666666666666,1
5.816,0.04655462741053064,5.73,5.89,0.15999999999999925,5.81,0.00027174215059738027,0.0,1.0,1
5.790499999999999,0.04620335485654687,5.69,5.92,0.22999999999999954,5.8,-0.00028257849402616987,0.0,1.0,1
5.7865,0.06257861722132667,5.69,6.02,0.3299999999999992,5.78,-0.0013734370658517083,0.0,0.9833333333333333,1
5.756500000000001,0.04396305266925843,5.67,5.89,0.21999999999999975,5.75,-1.9727702139496792e-05,0.0,1.0,1
5.7415,0.0738201643635847,5.62,6.02,0.39999999999999947,5.73,0.0005393164767990516,0.0,0.9833333333333333,1
5.7325,0.04006765112489953,5.64,5.83,0.1900000000000004,5.73,6.58516254514772e-05,0.0,1.0,1
5.712999999999998,0.04259499188089285,5.64,5.83,0.1900000000000004,5.72,-0.0008796888024451736,0.0,1.0,1
5.651,0.03935733730830894,5.57,5.73,0.16000000000000014,5.65,-0.00044067796610172856,0.0,1.0,1
5.6531666666666665,0.04337786173716837,5.57,5.76,0.1899999999999995,5.65,0.0005865518199499459,0.0,1.0,1
5.641,0.051887699248794474,5.55,5.75,0.20000000000000018,5.64,-8.11336482356405e-05,0.0,1.0,1
5.6351666666666675,0.04845931856264139,5.53,5.73,0.20000000000000018,5.64,-9.530425118091683e-05,0.0,1.0,1
5.648833333333333,0.08740884140380517,5.5,5.94,0.4400000000000004,5.64,0.0010933592664628567,0.0,1.0,1
5.604833333333333,0.055120826876558726,5.48,5.78,0.2999999999999998,5.6,-0.0004976382328424583,0.0,1.0,1
5.588333333333334,0.042196629670573964,5.51,5.69,0.1800000000000006,5.59,0.0004195609891635996,0.0,1.0,1
5.550999999999999,0.06109282554714038,5.42,5.72,0.2999999999999998,5.55,-0.0011853292581273135,0.0,1.0,1
5.504499999999999,0.04481164283234135,5.42,5.57,0.15000000000000036,5.5,-0.00043262017227010957,0.0,1.0,1
5.494333333333333,0.045363960242563506,5.42,5.59,0.16999999999999993,5.5,-0.0008535704362323012,0.0,1.0,1
5.453333333333333,0.042097769801050365,5.37,5.55,0.17999999999999972,5.44,-0.0005784940261184206,0.0,1.0,1
5.4345,0.036534230524263134,5.37,5.53,0.16000000000000014,5.43,-0.000460405668241212,0.0,1.0,1
5.3925,0.03990091895349454,5.3,5.5,0.20000000000000018,5.39,-1.4170602945289718e-05,0.0,1.0,1
5.3745,0.0424038127216567,5.28,5.51,0.22999999999999954,5.37,4.640177827171221e-05,0.0,1.0,1
5.342666666666665,0.06153228601492245,5.26,5.55,0.29000000000000004,5.34,-0.00020672409002500466,0.0,1.0,1
5.367,0.03988734135035825,5.26,5.44,0.1800000000000006,5.37,0.00024451236454564764,0.0,1.0,1
5.3285,0.03265093158446365,5.28,5.39,0.10999999999999943,5.33,5.9738816337819916e-05,0.0,1.0,1
5.3045,0.03328788568433456,5.21,5.37,0.16000000000000014,5.3,-0.00017977215893305744,0.0,1.0,1
5.292833333333333,0.03773113951219711,5.19,5.35,0.15999999999999925,5.3,0.00022756321200330802,0.0,1.0,1
5.241666666666666,0.03804237403504446,5.16,5.32,0.16000000000000014,5.24,-0.0008596832453459316,0.0,1.0,1
5.212,0.048675798230058305,5.1,5.28,0.1800000000000006,5.23,-0.0010197277021395592,0.0,1.0,1
5.177000000000001,0.04517742799230623,5.08,5.26,0.17999999999999972,5.18,-2.4451236454602307e-05,0.0,1.0,1
5.138999999999999,0.026751946969644468,5.08,5.21,0.1299999999999999,5.135,0.0001455959988885123,0.0,1.0,1
5.1338333333333335,0.030115979516233904,5.05,5.19,0.14000000000000057,5.14,-0.0009988885801612021,0.0,1.0,1
5.101166666666666,0.018627190400654126,5.07,5.13,0.05999999999999961,5.1,-0.00014142817449293744,0.0,1.0,1
5.090166666666666,0.023057295784390815,5.05,5.13,0.08000000000000007,5.08,-0.00022256182272861817,0.0,1.0,1
5.013500000000001,0.03820231232094029,4.96,5.1,0.13999999999999968,5.0,-0.0015301472631286618,0.0,1.0,1
5.054999999999999,0.02813657169355686,4.98,5.1,0.11999999999999922,5.0600000000000005,0.0008024451236454163,0.0,1.0,1
5.037999999999999,0.023151673805580527,4.98,5.08,0.09999999999999964,5.03,-0.0008919144206724479,0.0,1.0,1
5.000666666666668,0.022276045928804687,4.96,5.05,0.08999999999999986,5.0,-0.0005773826062795738,0.0,1.0,1
4.985666666666668,0.01961008810677686,4.94,5.02,0.07999999999999918,4.98,-0.00031397610447353105,0.0,1.0,1
5.019166666666666,0.040095372412398016,4.97,5.13,0.16000000000000014,5.01,-0.00011197554876357826,0.0,1.0,1
5.047999999999999,0.02937118769588091,4.98,5.1,0.11999999999999922,5.05,0.00024895804390104813,0.0,1.0,1
5.106666666666667,0.0438811526233707,5.03,5.21,0.17999999999999972,5.1,0.0010836343428730075,0.0,1.0,1
5.205833333333332,0.10250677484385558,5.0,5.44,0.4400000000000004,5.19,0.004632675743261988,0.0,1.0,1
5.150500000000002,0.0710733189506911,5.02,5.37,0.35000000000000053,5.135,-0.0008649624895804739,0.0,1.0,1
5.137833333333333,0.01941577251160055,5.1,5.21,0.11000000000000032,5.13,-0.0006404556821339744,0.0,1.0,1
5.119333333333334,0.02159217965426884,5.07,5.18,0.10999999999999943,5.12,-0.0004529035843290163,0.0,1.0,1
5.204666666666668,0.05191231924012738,5.1,5.28,0.1800000000000006,5.21,0.0012125590441789255,0.0,1.0,1
5.302666666666666,0.07704688327390158,5.19,5.5,0.3099999999999996,5.28,0.003651569880522348,0.0,1.0,1
5.531666666666665,0.04691007946652349,5.4,5.62,0.21999999999999975,5.53,-0.0002106140594609952,0.0,1.0,1
5.417333333333332,0.08070247139269583,5.21,5.57,0.3600000000000003,5.43,-0.0001944984717977035,0.0,1.0,1
5.521666666666666,0.07985751199619365,5.39,5.71,0.3200000000000003,5.505,0.0026462906362878236,0.0,1.0,1
5.756000000000001,0.10747402787030305,5.56,5.99,0.4300000000000006,5.75,0.005547652125590392,0.0,1.0,1
5.9623333333333335,0.027650597743187226,5.91,6.03,0.1200000000000001,5.97,0.00043512086690741423,0.0,0.8833333333333333,1
5.918833333333334,0.026776336982907583,5.86,5.97,0.10999999999999943,5.91,-0.0012517365934981873,0.0,1.0,1
5.832166666666668,0.027874221463966082,5.78,5.89,0.10999999999999943,5.83,-0.0013161989441512199,0.0,1.0,1
5.765666666666666,0.028773058386081986,5.73,5.85,0.11999999999999922,5.76,-0.0009808280077800158,0.0,1.0,1
5.693666666666666,0.037945867876343076,5.62,5.76,0.13999999999999968,5.71,-0.0018666296193387126,0.0,1.0,1
5.631833333333332,0.022172931445546187,5.59,5.67,0.08000000000000007,5.64,-0.0005787718810781257,0.0,1.0,1
5.5923333333333325,0.038007309238560376,5.51,5.67,0.16000000000000014,5.595,-0.0008602389552653684,0.0,1.0,1
5.562333333333332,0.021476084890459445,5.5,5.62,0.1200000000000001,5.56,-0.00023951097527093098,0.0,1.0,1
5.534166666666666,0.02410336537129651,5.44,5.57,0.1299999999999999,5.53,-0.0006237843845513129,0.0,1.0,1
5.607333333333332,0.1650441018502495,5.42,6.01,0.5899999999999999,5.53,0.005944429008057741,0.0,0.9833333333333333,1
5.715500000000001,0.04790354892907205,5.56,5.81,0.25,5.725,0.001029452625729301,0.0,1.0,1
5.590833333333332,0.19837079478144512,5.05,5.88,0.8300000000000001,5.67,-0.006534315087524388,0.0,1.0,1
5.635833333333333,0.40487155027517335,4.75,6.03,1.2800000000000002,5.9,0.017196721311475344,0.0,0.9166666666666666,1
5.906333333333333,0.04505428824084226,5.81,5.99,0.1800000000000006,5.91,-0.0019210891914420707,0.0,1.0,1
5.751833333333335,0.19637117631895182,5.12,5.96,0.8399999999999999,5.82,-0.006146985273687185,0.0,1.0,1
5.847166666666667,0.23380256390572132,5.28,6.15,0.8700000000000001,5.885,0.012247013059183073,0.0,0.6833333333333333,1
6.0675,0.04961938465290898,5.96,6.17,0.20999999999999996,6.07,-0.0007288135593220654,0.0,0.06666666666666667,1
6.040333333333333,0.03544792738025112,5.96,6.12,0.16000000000000014,6.03,-0.0012225618227286268,0.0,0.13333333333333333,1
6.001666666666666,0.02388630476979544,5.94,6.03,0.08999999999999986,6.01,-0.0004440122256182957,0.0,0.3333333333333333,1
5.863166666666667,0.2060217760874375,5.1,6.07,0.9700000000000006,5.94,-0.0019030286190608976,0.0,0.8333333333333334,1
5.925833333333334,0.05273492412265539,5.81,6.03,0.22000000000000064,5.92,0.0009088635732147205,0.0,0.9,1
5.8365,0.0380712052168915,5.76,5.92,0.16000000000000014,5.84,0.00021700472353427703,0.0,1.0,1
5.7298333333333344,0.044290392738029365,5.65,5.86,0.20999999999999996,5.725,-0.0009349819394276332,0.0,1.0,1
5.647833333333332,0.03795135775641711,5.57,5.75,0.17999999999999972,5.65,-0.0007671575437622255,0.0,1.0,1
5.722333333333334,0.13426797417436853,5.34,6.03,0.6900000000000004,5.69,0.004203389830508405,0.0,0.95,1
5.888,0.12155657119218193,5.4,6.03,0.6299999999999999,5.895,0.003444845790497343,0.0,0.8166666666666667,1
5.877000000000001,0.03252178756874646,5.81,5.94,0.13000000000000078,5.88,-0.0014292859127535513,0.0,1.0,1
5.772666666666665,0.02851120637379075,5.72,5.83,0.11000000000000032,5.78,-2.778549597114264e-05,0.0,1.0,1
5.7410000000000005,0.01912241267901796,5.71,5.78,0.07000000000000028,5.73,-0.00030564045568223384,0.0,1.0,1
5.728666666666666,0.1257174963514979,5.44,6.01,0.5699999999999994,5.72,6.50180605723354e-05,0.0,0.9833333333333333,1
5.723666666666668,0.0238024275139229,5.62,5.76,0.13999999999999968,5.725,0.0005657126979716558,0.0,1.0,1
5.697666666666667,0.028423386302284425,5.64,5.76,0.1200000000000001,5.69,-0.0010241733814949062,0.0,1.0,1
5.696666666666668,0.09294562329065785,5.44,5.91,0.46999999999999975,5.67,0.00249902750764092,0.0,1.0,1
5.595999999999999,0.07459222479588609,5.39,5.67,0.28000000000000025,5.62,0.003574326201722671,0.0,1.0,1
5.710666666666667,0.18448908429016125,5.34,6.1,0.7599999999999998,5.64,0.005808280077799319,0.0,0.8833333333333333,1
5.869666666666666,0.1363447427988659,5.35,6.13,0.7800000000000002,5.885,0.0033231453181438893,0.0,0.8333333333333334,1
5.845,0.18046698682399873,5.42,6.17,0.75,5.83,-0.0010886357321478852,0.0,0.7166666666666667,1
5.4799999999999995,0.32374372580792976,4.77,5.97,1.2000000000000002,5.535,-0.00811392053348157,0.0,1.0,1
5.952999999999999,0.2415319164555001,5.26,6.21,0.9500000000000002,6.03,0.004882467352042191,0.0,0.38333333333333336,1
6.0153333333333325,0.24538043026198234,5.51,6.33,0.8200000000000003,6.085,0.00791442067240899,0.0,0.38333333333333336,1
6.283666666666666,0.18072047169285746,5.62,6.53,0.9100000000000001,6.32,0.006267852181161416,0.0,0.08333333333333333,1
6.161500000000001,0.20549797241497703,5.71,6.49,0.7800000000000002,6.19,-0.00530008335648795,0.0,0.3,1
6.2735,0.20695269185653684,5.89,6.61,0.7200000000000006,6.23,-0.007929146985273689,0.0,0.05,1
6.218166666666668,0.20164731312092637,5.65,6.61,0.96,6.21,0.00878160600166709,0.0,0.16666666666666666,1
6.333333333333332,0.12717005237956863,6.07,6.49,0.41999999999999993,6.37,-0.0006340650180606254,0.0,0.0,1
6.310333333333333,0.12625327278486245,5.96,6.47,0.5099999999999998,6.359999999999999,-0.0036665740483468197,0.0,0.03333333333333333,1
5.5865,0.8214658138555331,3.65,6.44,2.7900000000000005,5.94,-0.03230925257015845,0.0,0.5333333333333333,1
5.673333333333334,0.2737253286701023,5.18,6.07,0.8900000000000006,5.7,-0.010222839677688316,0.0,0.8333333333333334,1
5.528166666666667,0.1720028262041708,5.19,5.85,0.6599999999999993,5.51,-0.004482078355098665,0.0,1.0,1
5.433166666666666,0.13168765655477693,5.18,5.76,0.5800000000000001,5.425,0.0022486801889413472,0.0,1.0,1
5.273,0.10589774942525144,4.91,5.46,0.5499999999999998,5.28,-0.0017627118644067937,0.0,1.0,1
5.922833333333331,0.1691852206573875,5.07,6.1,1.0299999999999994,5.95,0.006082522923034152,0.0,0.6166666666666667,1
6.015333333333333,0.21057434686009494,5.39,6.42,1.0300000000000002,6.03,0.005007502083912132,0.0,0.4666666666666667,1
6.098500000000001,0.3482232282124021,4.98,6.42,1.4399999999999995,6.1899999999999995,-0.005843567657682738,0.0,0.23333333333333334,1
6.330333333333333,0.1979559434711562,5.64,6.58,0.9400000000000004,6.41,0.0005318143928868694,0.0,0.06666666666666667,1
6.319833333333334,0.14269421463005744,6.01,6.56,0.5499999999999998,6.34,-0.003129480411225408,0.0,0.0,1
6.321833333333334,0.26193823487396584,5.83,6.77,0.9399999999999995,6.32,0.00395637677132536,0.0,0.11666666666666667,1
6.161833333333334,0.5733541420642414,4.57,6.67,2.0999999999999996,6.445,0.02360461239233116,0.0,0.2833333333333333,1
6.498833333333335,0.2658200623646672,5.56,6.72,1.1600000000000001,6.56,0.005730202834120527,0.0,0.06666666666666667,1
6.6135,0.23601430041419108,5.85,6.79,0.9400000000000004,6.72,0.00679160878021668,0.0,0.05,1
6.574333333333334,0.22731304894840995,5.8,6.83,1.0300000000000002,6.58,0.006828007779938824,0.0,0.05,1
6.660166666666666,0.21949557069689477,5.73,6.81,1.0799999999999992,6.74,-0.0033089747151987875,0.0,0.05,1
6.701000000000001,0.16620970689663905,6.07,6.9,0.8300000000000001,6.75,-0.0011892192275632773,0.0,0.0,1
6.669833333333333,0.1195476427575588,6.31,6.81,0.5,6.7,0.002199777716032223,0.0,0.0,1
6.598333333333333,0.12975832236208287,6.24,6.78,0.54,6.59,0.0023017504862461132,0.0,0.0,1
6.614833333333334,0.10047373896806185,6.47,6.79,0.3200000000000003,6.585,-0.004696026674076201,0.0,0.0,1
6.581166666666666,0.10221043108324229,6.28,6.77,0.4899999999999993,6.59,0.001520144484579014,0.0,0.0,1
6.506333333333334,0.17728476778586735,5.85,6.74,0.8900000000000006,6.535,0.0022522923034175254,0.0,0.03333333333333333,1
6.550166666666668,0.14138000408670084,6.15,6.75,0.5999999999999996,6.56,-0.005410669630452963,0.0,0.0,1
6.552166666666666,0.2080472035113399,6.08,6.9,0.8200000000000003,6.59,0.007576826896360064,0.0,0.0,1
6.732666666666668,0.03637153954521147,6.65,6.83,0.17999999999999972,6.74,0.00011503195332035998,0.0,0.0,1
6.637,0.19154894935759892,5.71,6.79,1.08,6.69,-0.005720477910530799,0.0,0.03333333333333333,1
5.249833333333333,1.310808264223092,2.51,6.56,4.05,5.655,-0.03258544040011121,0.0,0.5833333333333334,1
5.838666666666668,0.19170695228800536,5.35,6.12,0.7700000000000005,5.9,0.004331203111975517,0.0,0.8166666666666667,1
5.922833333333332,0.2647646229305486,5.39,6.38,0.9900000000000002,5.89,0.004094748541261435,0.0,0.6,1
6.509,0.09191844211038395,6.33,6.62,0.29000000000000004,6.54,0.004076687968880235,0.0,0.0,1
6.606166666666667,0.1805555470085468,5.76,6.77,1.0099999999999998,6.65,-0.0009033064740206073,0.0,0.03333333333333333,1
6.752166666666667,0.03488512895521842,6.65,6.83,0.17999999999999972,6.75,-0.0003425951653236948,0.0,0.0,1
6.381166666666668,0.29652482564234356,5.8,6.79,0.9900000000000002,6.44,-0.01168908030008341,0.0,0.11666666666666667,1
6.159499999999999,0.11876342029429765,5.91,6.38,0.46999999999999975,6.17,-0.00013531536537926675,0.0,0.08333333333333333,1
6.186333333333333,0.18104296604827147,5.76,6.54,0.7800000000000002,6.18,0.004582383995554259,0.0,0.16666666666666666,1
6.2855,0.1818554829161515,5.88,6.67,0.79,6.31,0.00315837732703525,0.0,0.06666666666666667,1
6.812166666666668,0.12741129812104138,6.33,6.97,0.6399999999999997,6.85,0.004644345651569799,0.0,0.0,1
6.482166666666668,0.21741735339101975,6.19,6.97,0.7799999999999994,6.42,-0.005733537093637189,0.0,0.0,1
6.685333333333333,0.24207758168726723,5.83,6.93,1.0999999999999996,6.79,0.00685079188663513,0.0,0.03333333333333333,1
6.7026666666666666,0.23570367460483563,5.85,6.97,1.12,6.78,-0.000513475965546045,0.0,0.016666666666666666,1
6.527500000000001,0.1885172405908807,5.91,6.75,0.8399999999999999,6.6,0.003962489580438923,0.0,0.016666666666666666,1
6.918333333333334,0.2136989055241561,6.19,7.11,0.9199999999999999,7.01,-0.004592386774103973,0.5666666666666667,0.0,1
6.4270000000000005,0.11314150432091669,6.15,6.65,0.5,6.44,-0.0013714920811337466,0.0,0.0,1
6.359166666666667,0.0942389103408047,6.17,6.53,0.3600000000000003,6.35,0.0006110030564044543,0.0,0.0,1
6.587999999999999,0.23695147182492882,6.1,6.94,0.8400000000000007,6.68,0.008752986940816845,0.0,0.0,1
5.779166666666665,1.7720245405248263,1.9,6.91,5.01,6.64,-0.07468769102528486,0.0,0.21666666666666667,1
5.004333333333333,1.2105430828993884,1.84,5.96,4.12,5.65,0.05902861906085021,0.0,1.0,1
5.965833333333333,0.28121339267933565,4.91,6.21,1.2999999999999998,6.1,0.008960544595720939,0.0,0.3333333333333333,1
6.217166666666667,0.24021581731619776,5.6,6.56,0.96,6.140000000000001,0.0035073631564323205,0.0,0.13333333333333333,1
6.141833333333335,0.17887138458183366,5.85,6.56,0.71,6.140000000000001,0.001963045290358396,0.0,0.3,1
6.019999999999999,0.13111064030047292,5.75,6.33,0.5800000000000001,5.99,0.002481800500138916,0.0,0.5166666666666667,1
6.522333333333332,0.2307189247162491,5.85,6.83,0.9800000000000004,6.585,0.0030436232286746353,0.0,0.03333333333333333,1
6.466666666666665,0.1318290138356837,6.15,6.79,0.6399999999999997,6.47,0.0008524590163934142,0.0,0.0,1
6.554499999999999,0.1537793332451839,6.01,6.77,0.7599999999999998,6.6,0.0046043345373714085,0.0,0.0,1
6.4905,0.14091871179276846,6.08,6.69,0.6100000000000003,6.54,0.0015946096137815738,0.0,0.0,1
6.451000000000001,0.2726701303773481,5.91,6.91,1.0,6.415,-0.01107696582384,0.0,0.016666666666666666,1
6.547833333333333,0.1484148652333122,6.22,6.83,0.6100000000000003,6.55,0.0027643789941650455,0.0,0.0,1
6.526666666666666,0.09247822566540848,6.21,6.7,0.4900000000000002,6.54,0.0023256460127813058,0.0,0.0,1
6.4755,0.08405206719647051,6.21,6.62,0.41000000000000014,6.485,-0.00022756321200336163,0.0,0.0,1
6.466,0.14285423806570577,6.08,6.72,0.6399999999999997,6.475,0.005429841622672902,0.0,0.0,1
6.565833333333334,0.15725024288976122,6.26,6.78,0.5200000000000005,6.62,0.00020589052514584946,0.0,0.0,1
6.507333333333333,0.1699986928054318,5.92,6.75,0.8300000000000001,6.53,0.005329813837176934,0.0,0.016666666666666666,1
6.6771666666666665,0.20221351476979857,6.05,6.88,0.8300000000000001,6.77,0.0024065018060571877,0.0,0.0,1
6.618166666666667,0.1837978206859071,6.1,6.85,0.75,6.65,0.0022842456237842966,0.0,0.0,1
6.5298333333333325,0.13116772553575148,6.17,6.7,0.5300000000000002,6.55,0.004144206724089969,0.0,0.0,1
6.466333333333333,0.25652138745574843,5.92,6.81,0.8899999999999997,6.52,0.007490414003889895,0.0,0.05,1
6.559333333333334,0.176341209653961,5.97,6.75,0.7800000000000002,6.58,0.008524034454014999,0.0,0.03333333333333333,1
6.388833333333333,0.21149540315466808,5.88,6.72,0.8399999999999999,6.4,0.008357043623228639,0.0,0.016666666666666666,1
6.489333333333334,0.1883513265740972,5.88,6.79,0.9100000000000001,6.53,-0.007473186996387904,0.0,0.03333333333333333,1
6.365833333333333,0.1333203118641551,6.02,6.65,0.6300000000000008,6.37,-0.0010466796332315065,0.0,0.0,1
6.207666666666667,0.2672038339711631,5.65,6.56,0.9099999999999993,6.31,-0.009334815226451819,0.0,0.26666666666666666,1
6.388166666666667,0.2531764316747425,5.62,6.77,1.1499999999999995,6.4,0.008801611558766277,0.0,0.08333333333333333,1
6.406999999999998,0.13690994607161797,5.99,6.61,0.6200000000000001,6.44,0.002293414837454776,0.0,0.016666666666666666,1
6.418833333333334,0.22304029282222132,5.85,6.77,0.9199999999999999,6.455,0.008236454570714072,0.0,0.05,1
6.8180000000000005,0.07518421820213776,6.62,6.93,0.3099999999999996,6.81,0.0038921922756320585,0.0,0.0,1
6.512666666666667,0.2010793099473163,5.97,6.85,0.8799999999999999,6.61,0.0045368157821616345,0.0,0.016666666666666666,1
6.500333333333333,0.1745562628177199,5.94,6.72,0.7799999999999994,6.54,-0.005136426785218184,0.0,0.016666666666666666,1
6.5104999999999995,0.15316031905599223,6.03,6.67,0.6399999999999997,6.56,0.00029091414281737324,0.0,0.0,1
7.651,0.4774051389194157,6.66,8.29,1.629999999999999,7.82,-0.005881078077243743,0.8166666666666667,0.0,0
7.1626666666666665,0.19685753449865434,6.79,7.62,0.8300000000000001,7.16,-0.0009319255348708648,0.75,0.0,0
7.361666666666667,0.3196465061421584,6.58,7.97,1.3899999999999997,7.38,-0.002964712420116782,0.8833333333333333,0.0,0
6.9905,0.34612822768448115,6.48,8.01,1.5299999999999994,6.88,0.00852431230897465,0.4,0.0,0
7.3981666666666674,0.49256299653501734,6.48,8.11,1.629999999999999,7.574999999999999,0.012024173381494708,0.75,0.0,0
7.428,0.40911612043526224,6.64,8.26,1.62,7.455,-0.005080300083356569,0.85,0.0,0
7.448833333333332,0.513673345186954,6.62,8.31,1.6900000000000004,7.415,-0.00038538482911926896,0.75,0.0,0
7.348166666666667,0.2667613894267476,6.77,7.8,1.0300000000000002,7.38,-0.00586468463462076,0.8833333333333333,0.0,0
7.439333333333333,0.35064163408750465,6.81,8.16,1.3500000000000005,7.51,0.006564601278132808,0.85,0.0,0
7.333,0.24452198265186717,6.9,7.95,1.0499999999999998,7.32,0.005406501806057213,0.95,0.0,0
7.418666666666667,0.4174544552669455,6.73,8.36,1.629999999999999,7.34,0.009919422061683723,0.7833333333333333,0.0,0
7.377166666666667,0.34785098182347507,6.73,7.99,1.2599999999999998,7.38,0.0005659905529312939,0.8166666666666667,0.0,0
7.354500000000001,0.5351430494114011,6.58,8.31,1.7300000000000004,7.44,0.01989802722978595,0.6666666666666666,0.0,0
7.518166666666667,0.43124042662481865,6.77,8.23,1.4600000000000009,7.5600000000000005,0.004498193942761796,0.8166666666666667,0.0,0
7.592833333333334,0.3725054436589559,6.79,8.03,1.2399999999999993,7.765000000000001,-0.01721172547929983,0.9333333333333333,0.0,0
7.373833333333333,0.18343111029000023,6.88,7.57,0.6900000000000004,7.445,0.003334537371492022,0.9333333333333333,0.0,0
7.383833333333333,0.1952612921759513,6.93,7.67,0.7400000000000002,7.44,-0.0038063350930814736,0.9333333333333333,0.0,0
7.400166666666667,0.14712230361920733,7.04,7.67,0.6299999999999999,7.41,-0.004956654626285114,1.0,0.0,0
7.354833333333333,0.09321108064793353,7.06,7.52,0.45999999999999996,7.38,0.0008805223673241947,1.0,0.0,0
7.479499999999999,0.3574652663779611,6.81,8.03,1.2199999999999998,7.645,0.015721311475409772,0.9166666666666666,0.0,0
7.37,0.2961868779447642,6.77,7.83,1.0600000000000005,7.47,0.004936926924145536,0.8166666666666667,0.0,0
7.578000000000002,0.23789913829183998,6.94,8.1,1.1599999999999993,7.58,0.002503473186996294,0.9833333333333333,0.0,0
7.219833333333332,0.4065976375839988,6.66,8.11,1.4499999999999993,7.07,-0.002415948874687425,0.6,0.0,0
7.620666666666665,0.5542107501262995,6.73,8.44,1.709999999999999,7.550000000000001,-0.026814670741872774,0.8,0.0,0
6.863666666666666,0.28952240366200027,6.45,7.51,1.0599999999999996,6.81,-0.012966379549875007,0.35,0.0,0
7.542833333333334,0.1311753491408436,7.01,7.75,0.7400000000000002,7.55,0.0031066963045289823,1.0,0.0,0
7.4863333333333335,0.2373321629184623,6.84,8.01,1.17,7.515,0.0020761322589607405,0.9333333333333333,0.0,0
7.437166666666667,0.4676362249536373,6.51,8.11,1.5999999999999996,7.62,0.005501806057238037,0.7166666666666667,0.0,0
7.170166666666666,0.435034449466042,6.29,7.83,1.54,7.26,0.006018060572381119,0.6166666666666667,0.0,0
7.537999999999999,0.44530064750308485,6.63,8.27,1.6399999999999997,7.609999999999999,0.014604612392331148,0.8,0.0,0
7.576666666666666,0.35228145313402776,6.7,8.04,1.339999999999999,7.68,-0.008831342039455502,0.85,0.0,0
7.180499999999999,0.45780062982336167,6.25,7.9,1.6500000000000004,7.295,0.021990275076410076,0.5666666666666667,0.0,0
7.501166666666667,0.12596417039071947,7.07,7.67,0.5999999999999996,7.515,-0.0021936649069186328,1.0,0.0,0
6.975499999999999,0.2876828404105234,6.51,7.58,1.0700000000000003,6.955,-0.01399694359544322,0.48333333333333334,0.0,0
7.024666666666666,0.2298729117481127,6.55,7.44,0.8900000000000006,7.07,0.011195332036676848,0.6333333333333333,0.0,0
7.248666666666666,0.09601157337645405,7.03,7.38,0.34999999999999964,7.27,0.003252570158377253,1.0,0.0,0
7.208499999999999,0.15447572624849515,6.84,7.4,0.5600000000000005,7.24,-0.0032156154487358053,0.85,0.0,0
7.478166666666666,0.2733952673734902,6.93,8.1,1.17,7.390000000000001,-0.0038141150319534007,0.9666666666666667,0.0,0
7.207333333333334,0.1708299999674791,6.99,7.57,0.5800000000000001,7.14,-0.008618505140316814,0.9833333333333333,0.0,0
7.151833333333333,0.11521706567267818,7.01,7.58,0.5700000000000003,7.13,0.0022775771047512964,1.0,0.0,0
7.358666666666666,0.12141480781006724,7.1,7.57,0.47000000000000064,7.38,-0.0025095859961100854,1.0,0.0,0
7.334666666666667,0.1135116244659062,7.06,7.49,0.4300000000000006,7.36,-0.0014609613781606978,1.0,0.0,0
7.427499999999999,0.22028485346629412,6.79,7.97,1.1799999999999997,7.44,0.005780216726868593,0.95,0.0,0
7.388833333333334,0.1254736581473932,7.09,7.68,0.5899999999999999,7.390000000000001,0.0030088913587106936,1.0,0.0,0
7.213333333333335,0.05889727403614606,7.07,7.38,0.3099999999999996,7.21,0.001317588218949651,1.0,0.0,0
7.2105,0.14249473674490576,6.99,7.49,0.5,7.23,-0.003893581550430758,0.95,0.0,0
6.998833333333334,0.11878680716121444,6.66,7.25,0.5899999999999999,7.02,-0.0006065573770492146,0.5666666666666667,0.0,0
7.051833333333334,0.22104668938685532,6.5,7.57,1.0700000000000003,7.07,-0.004389830508474651,0.7166666666666667,0.0,0
7.318166666666667,0.12515978676165213,7.04,7.83,0.79,7.34,0.0025621005834953344,1.0,0.0,0
7.3056666666666645,0.12441016392919389,7.01,7.55,0.54,7.36,-0.0034698527368714495,1.0,0.0,0
7.290000000000001,0.20774984957876627,7.03,7.86,0.8300000000000001,7.23,0.008896915809947155,1.0,0.0,0
7.394333333333334,0.18802807119032938,7.14,7.95,0.8100000000000005,7.33,-0.009037510419561098,1.0,0.0,0
7.314499999999999,0.0830145569563957,7.07,7.47,0.39999999999999947,7.32,-8.419005279247584e-05,1.0,0.0,0
7.135,0.1185959527134042,6.93,7.34,0.41000000000000014,7.14,-0.0031608780216727693,0.8333333333333334,0.0,0
6.999333333333332,0.061559366107486455,6.9,7.16,0.2599999999999998,6.99,-0.0010903028619060882,0.48333333333333334,0.0,0
7.365333333333335,0.2036292928065333,6.9,7.86,0.96,7.4,0.0070958599611002674,0.9333333333333333,0.0,0
7.248666666666667,0.07209869778451078,7.09,7.38,0.29000000000000004,7.25,-0.0010025006946374074,1.0,0.0,0
7.315833333333333,0.11359711948617165,7.01,7.65,0.6400000000000006,7.3,-0.0008721867185329913,1.0,0.0,0
7.207166666666667,0.10656909599983581,6.91,7.42,0.5099999999999998,7.21,-0.003417338149486053,0.95,0.0,0
7.2943333333333324,0.14530848411416164,6.97,7.6,0.6299999999999999,7.295,0.004940816893581499,0.9666666666666667,0.0,0
7.337666666666667,0.10916908394270279,7.1,7.53,0.4300000000000006,7.34,-0.0018744095582106535,1.0,0.0,0
7.129666666666667,0.16936121817648284,6.81,7.53,0.7200000000000006,7.12,0.004333981661572593,0.7,0.0,0
7.263666666666666,0.1581978367600378,6.91,7.51,0.5999999999999996,7.3100000000000005,-0.004682967490969731,0.9,0.0,0
7.0295,0.22610045702445336,6.38,7.38,1.0,7.04,0.008957210336204478,0.6,0.0,0
7.244833333333333,0.14711097473978244,6.97,7.55,0.5800000000000001,7.220000000000001,-0.005549597110308542,0.9666666666666667,0.0,0
7.312666666666668,0.23135734745674758,6.97,8.03,1.0599999999999996,7.3,0.00850514031675463,0.95,0.0,0
7.3205,0.1207535368702162,7.12,7.53,0.41000000000000014,7.34,-0.0029233120311198,1.0,0.0,0
7.343333333333334,0.15981934245335333,7.06,7.64,0.5800000000000001,7.35,0.0043762156154486505,1.0,0.0,0
7.523166666666667,0.1335725978218919,7.16,7.73,0.5700000000000003,7.53,-0.00014809669352605832,1.0,0.0,0
7.300666666666667,0.17811856226183226,6.91,7.65,0.7400000000000002,7.32,0.0021367046401777824,0.9666666666666667,0.0,0
7.424833333333333,0.13081146314023429,7.17,7.68,0.5099999999999998,7.42,0.000435954431786556,1.0,0.0,0
7.533833333333332,0.10691260709362367,7.32,7.7,0.3799999999999999,7.55,-0.003851347596554661,1.0,0.0,0
7.307166666666666,0.14222156032832095,7.03,7.58,0.5499999999999998,7.3,-0.0022170047235343616,1.0,0.0,0
7.340333333333333,0.15534871168510614,6.9,7.65,0.75,7.36,0.0035404278966378847,0.9666666666666667,0.0,0
7.363833333333334,0.07910102541827269,7.23,7.6,0.3699999999999992,7.36,-5.473742706306304e-05,1.0,0.0,0
7.607666666666669,0.277773088849314,7.16,8.39,1.2300000000000004,7.595000000000001,0.010715754376215575,1.0,0.0,0
7.604666666666665,0.1351476558764113,7.19,7.9,0.71,7.64,-0.0012047791053071053,1.0,0.0,0
7.567833333333334,0.18590402242973533,7.16,8.01,0.8499999999999996,7.53,-0.005253959433175916,1.0,0.0,0
7.556500000000001,0.13624518340110234,7.32,7.98,0.6600000000000001,7.52,0.002510975270908503,1.0,0.0,0
7.433166666666667,0.11586618239254375,7.19,7.77,0.5799999999999992,7.43,-0.0026599055293137566,1.0,0.0,0
7.355500000000001,0.089320117181592,7.14,7.57,0.4300000000000006,7.36,0.0011511530980827683,1.0,0.0,0
7.347333333333334,0.11411787278462948,7.14,7.6,0.45999999999999996,7.34,-0.0031153098082800914,1.0,0.0,0
7.330333333333333,0.1595615520383557,6.91,7.67,0.7599999999999998,7.38,0.005582106140594549,0.9833333333333333,0.0,0
7.217166666666667,0.21959881349608626,6.7,7.55,0.8499999999999996,7.27,-0.005945262572937003,0.8166666666666667,0.0,0
7.409499999999999,0.1708647125652339,6.93,7.68,0.75,7.445,-0.0011711586551820506,0.9333333333333333,0.0,0
7.606833333333332,0.17854496788079902,7.23,8.06,0.8300000000000001,7.59,-0.007218393998332998,1.0,0.0,0
7.448999999999999,0.10468524251297313,7.23,7.65,0.41999999999999993,7.445,-0.0021522645179217178,1.0,0.0,0
7.419166666666667,0.09487345372770098,7.1,7.64,0.54,7.42,0.0013928869130313526,1.0,0.0,0
7.366833333333333,0.15203608855210074,6.78,7.7,0.9199999999999999,7.38,0.0022742428452347425,0.9666666666666667,0.0,0
7.287666666666668,0.13780864349605296,7.04,7.57,0.5300000000000002,7.25,-0.004093914976382387,1.0,0.0,0
7.118333333333334,0.10058440347400897,6.94,7.42,0.47999999999999954,7.1,-0.004248958043901151,0.8833333333333333,0.0,0
7.051166666666668,0.18028765595261617,6.53,7.34,0.8099999999999996,7.07,-0.007336760211169844,0.7,0.0,0
7.164,0.1208745906577006,6.91,7.44,0.5300000000000002,7.18,0.004114476243400931,0.8833333333333333,0.0,0
7.172833333333333,0.10675660271019413,6.9,7.38,0.47999999999999954,7.19,-0.001712420116699158,0.9666666666666667,0.0,0
7.0875,0.11880831901288168,6.75,7.29,0.54,7.1,-0.0022709085857183365,0.8166666666666667,0.0,0
6.984499999999999,0.18341596622613487,6.7,7.42,0.7199999999999998,6.97,0.0029638788552375467,0.43333333333333335,0.0,0
7.110166666666667,0.15072592861069248,6.77,7.36,0.5900000000000007,7.14,0.0012478466240621834,0.7666666666666667,0.0,0
7.261166666666667,0.05612758284084179,7.14,7.4,0.2600000000000007,7.25,0.0009449847179771738,1.0,0.0,0
7.388166666666667,0.1845218294824641,7.01,7.77,0.7599999999999998,7.35,0.006314809669352552,1.0,0.0,0
7.605833333333333,0.12251927286032277,7.38,7.86,0.4800000000000004,7.63,0.0010183384273408599,1.0,0.0,0
7.446333333333333,0.09132299211528763,7.21,7.65,0.4400000000000004,7.44,0.00015282022784100294,1.0,0.0,0
7.3365,0.08850282481367468,7.12,7.52,0.39999999999999947,7.36,0.0007927202000555272,1.0,0.0,0
7.294833333333332,0.06566307096754528,7.12,7.55,0.4299999999999997,7.29,0.00023923312031115895,1.0,0.0,0
7.291166666666668,0.07591863334444901,7.12,7.44,0.3200000000000003,7.29,-0.00035871075298701333,1.0,0.0,0
7.067333333333334,0.07366289583109141,6.94,7.25,0.3099999999999996,7.06,-0.0008235621005835587,0.8,0.0,0
7.136833333333333,0.2028504512086566,6.33,7.44,1.1100000000000003,7.14,-0.006017504862461829,0.9166666666666666,0.0,0
6.541999999999999,0.15501397786436333,6.29,6.96,0.6699999999999999,6.51,0.006605723812169979,0.0,0.0,0
6.859833333333333,0.35897303365139965,6.2,7.55,1.3499999999999996,6.88,0.01133064740205605,0.31666666666666665,0.0,0
6.513666666666667,0.4118250707386437,5.22,7.27,2.05,6.515000000000001,0.010489024729091356,0.16666666666666666,0.06666666666666667,0
6.289666666666667,0.17479480032947842,5.89,6.64,0.75,6.24,0.00616282300639061,0.0,0.05,0
6.3545,0.2086977479514334,5.97,6.75,0.7800000000000002,6.3100000000000005,0.004517088080022165,0.0,0.016666666666666666,0
6.476166666666668,0.2181443838887956,6.03,7.09,1.0599999999999996,6.44,0.0005715476521256216,0.03333333333333333,0.0,0
6.336833333333333,0.24066222295066494,5.74,6.86,1.12,6.36,0.0027460405668241275,0.0,0.1,0
6.3149999999999995,0.3336939715767528,5.66,7.19,1.5300000000000002,6.24,0.01415782161711579,0.08333333333333333,0.06666666666666667,0
6.711833333333333,0.3389173530851175,6.01,7.12,1.1100000000000003,6.88,-0.012585440400111218,0.18333333333333332,0.0,0
6.235166666666666,0.12478637300959147,5.89,6.47,0.5800000000000001,6.27,-0.0015912753542651808,0.0,0.06666666666666667,0
6.343166666666666,0.19042489041322536,5.86,6.77,0.9099999999999993,6.3,0.006895526535148585,0.0,0.03333333333333333,0
6.679333333333333,0.33774678220360427,5.68,7.38,1.7000000000000002,6.64,0.0088935815504306,0.18333333333333332,0.016666666666666666,0
6.524666666666667,0.19512787829751263,6.14,6.86,0.7200000000000006,6.55,-0.008586273964990324,0.0,0.0,0
6.452499999999999,0.139399007648309,6.16,6.68,0.5199999999999996,6.44,0.0022253403723256054,0.0,0.0,0
6.458666666666668,0.15866596638500924,6.17,6.84,0.6699999999999999,6.42,-0.0021744929146985327,0.0,0.0,0
6.591,0.42382268304878,5.92,7.17,1.25,6.625,0.008248402333981641,0.23333333333333334,0.08333333333333333,0
7.1803333333333335,0.23719869776670832,6.75,7.82,1.0700000000000003,7.17,-0.00504973603778831,0.8333333333333334,0.0,0
6.988833333333333,0.2538115552049503,6.45,7.58,1.13,6.95,0.0005154209502639263,0.4,0.0,0
6.867,0.38614030265349586,6.29,7.71,1.42,6.82,0.0023701028063350827,0.38333333333333336,0.0,0
6.742,0.2667820583672497,6.25,7.32,1.0700000000000003,6.88,0.009906085023617615,0.05,0.0,0
6.6945,0.18676567314864548,6.27,7.06,0.79,6.67,-0.0059374826340651025,0.08333333333333333,0.0,0
6.401833333333332,0.1931363220341759,6.03,6.93,0.8999999999999995,6.355,-0.006159766601833855,0.0,0.0,0
6.349166666666668,0.14155436725473675,6.03,6.62,0.5899999999999999,6.35,-0.004094748541261542,0.0,0.0,0
6.492499999999999,0.23174429155141374,6.09,7.14,1.0499999999999998,6.51,-0.002360933592664711,0.016666666666666666,0.0,0
6.389333333333332,0.42181696925983847,5.72,7.44,1.7200000000000006,6.33,0.011879410947485378,0.11666666666666667,0.1,0
6.7915,0.3462264432419916,6.09,7.7,1.6100000000000003,6.720000000000001,-0.0027360377882746137,0.21666666666666667,0.0,0
6.798,0.3841388637806212,5.88,7.77,1.8899999999999997,6.75,-0.006717977215893369,0.25,0.016666666666666666,0
6.834833333333333,0.30313083900447263,6.23,7.52,1.2899999999999991,6.84,-0.004701028063350945,0.31666666666666665,0.0,0
6.881833333333334,0.2198445789390516,6.4,7.38,0.9799999999999995,6.890000000000001,0.005717421505973776,0.3333333333333333,0.0,0
7.013333333333334,0.36651360441629205,6.4,8.11,1.709999999999999,6.99,0.009807168657960493,0.48333333333333334,0.0,0
7.068166666666667,0.21839941747989067,6.66,7.55,0.8899999999999997,7.06,-0.004501528202278443,0.5666666666666667,0.0,0
6.948166666666667,0.2680204697821086,6.48,7.88,1.3999999999999995,6.9,-0.003639622117254832,0.3,0.0,0
6.780666666666667,0.19916380751085833,6.47,7.55,1.08,6.75,-0.004723534315087544,0.11666666666666667,0.0,0
6.899333333333333,0.16764910444801734,6.35,7.21,0.8600000000000003,6.9,-0.0002572936926924526,0.31666666666666665,0.0,0
6.944833333333333,0.28911642214781846,6.2,7.91,1.71,6.95,-0.007119477632675822,0.36666666666666664,0.0,0
6.6555,0.248706151914262,6.29,7.32,1.0300000000000002,6.58,0.008572103362044954,0.13333333333333333,0.0,0
6.777833333333333,0.15353709287624565,6.4,7.16,0.7599999999999998,6.77,0.0022814670741872333,0.06666666666666667,0.0,0
6.869000000000001,0.26633750518217797,6.3,7.52,1.2199999999999998,6.859999999999999,0.0022634065018059934,0.35,0.0,0
7.139166666666667,0.3074588951749847,6.45,7.49,1.04,7.24,0.013352875798832988,0.7833333333333333,0.0,0
6.929166666666666,0.25834274176415767,6.47,7.25,0.7800000000000002,7.05,-0.013707418727424333,0.6,0.0,0
6.664333333333332,0.2867017420402061,6.09,7.3,1.21,6.609999999999999,0.0015170880800221785,0.15,0.0,0
6.487,0.33571466058743005,6.1,7.51,1.4100000000000001,6.455,-0.011360377882745274,0.06666666666666667,0.0,0
6.250333333333333,0.24609596140981718,5.96,6.83,0.8700000000000001,6.18,-0.0014742984162268056,0.0,0.05,0
5.975333333333334,0.16223919241525941,5.71,6.36,0.6500000000000004,5.965,-0.006496248958043933,0.0,0.5333333333333333,0
5.873333333333333,0.25410409065752737,5.61,6.64,1.0299999999999994,5.76,0.0036988052236731884,0.0,0.7666666666666667,0
5.642833333333333,0.06418960628914579,5.48,5.81,0.3299999999999992,5.63,-0.00010419560989170446,0.0,1.0,0
5.480666666666667,0.06749979423836952,5.31,5.68,0.3700000000000001,5.48,0.001040288969158037,0.0,1.0,0
6.0971666666666655,0.2867350209204,5.5,6.53,1.0300000000000002,6.13,0.012788830230619589,0.0,0.4166666666666667,0
6.417666666666667,0.07499703697850708,6.17,6.57,0.40000000000000036,6.42,-0.0008491247568769944,0.0,0.0,0
6.705000000000001,0.24246992940706416,6.29,7.25,0.96,6.720000000000001,0.010552931369824884,0.11666666666666667,0.0,0
6.3776666666666655,0.20924759390625158,6.12,7.01,0.8899999999999997,6.34,0.003081411503195305,0.016666666666666666,0.0,0
7.0198333333333345,0.23373412007853903,6.47,7.44,0.9700000000000006,7.07,-0.0022459016393443242,0.6333333333333333,0.0,0
6.4541666666666675,0.4122955722402181,5.68,7.23,1.5500000000000007,6.54,-0.0053206446235066155,0.06666666666666667,0.18333333333333332,0
6.050000000000001,0.22034064536530704,5.68,6.35,0.6699999999999999,6.18,0.007399277577104714,0.0,0.38333333333333336,0
6.144166666666667,0.2981235295794159,5.76,6.66,0.9000000000000004,5.965,0.004601555987774318,0.0,0.5166666666666667,0
6.301333333333333,0.10439455073049658,6.12,6.51,0.3899999999999997,6.295,-0.003413726035009821,0.0,0.0,0
6.141,0.1723339780774528,5.92,6.71,0.79,6.08,0.004819116421228059,0.0,0.06666666666666667,0
6.541833333333333,0.26323938197432045,5.96,7.06,1.0999999999999996,6.615,0.010978327313142503,0.016666666666666666,0.016666666666666666,0
6.848999999999999,0.10092406386321685,6.53,7.03,0.5,6.84,0.0032497916087801896,0.08333333333333333,0.0,0
6.9591666666666665,0.06960104564987195,6.78,7.04,0.2599999999999998,6.98,0.00319894415115301,0.35,0.0,0
6.890833333333334,0.10600773032608941,6.64,7.03,0.39000000000000057,6.91,-0.005167824395665532,0.21666666666666667,0.0,0
6.7174999999999985,0.23978201906453842,6.32,7.17,0.8499999999999996,6.77,-0.009935259794387403,0.13333333333333333,0.0,0
6.688666666666666,0.3724534273644901,6.35,7.78,1.4300000000000006,6.53,-0.008360100027785596,0.16666666666666666,0.0,0
6.6741666666666655,0.11653742841775001,6.48,6.94,0.45999999999999996,6.645,-0.0033267574326202014,0.0,0.0,0
6.5218333333333325,0.04264159419575625,6.36,6.58,0.21999999999999975,6.53,-0.00046596276743544586,0.0,0.0,0
6.588666666666668,0.10626173137849561,6.4,6.91,0.5099999999999998,6.575,0.0012675743262016265,0.0,0.0,0
6.810500000000001,0.20159716433190888,6.55,7.55,1.0,6.78,0.006369824951375346,0.1,0.0,0
6.071833333333332,0.21100941263892056,5.77,6.93,1.1600000000000001,6.03,-0.0051894970825230174,0.0,0.36666666666666664,0
6.246000000000001,0.7506002042809918,4.44,7.53,3.09,6.41,-0.010308974715198715,0.11666666666666667,0.26666666666666666,0
6.400166666666666,0.5314116159396175,5.0,7.44,2.4400000000000004,6.46,0.015277299249791652,0.08333333333333333,0.13333333333333333,0
6.3293333333333335,0.39987025673613463,5.55,7.09,1.54,6.48,0.007215337593776028,0.016666666666666666,0.23333333333333334,0
6.367333333333333,0.448140107059785,5.44,7.4,1.96,6.25,0.011177549319255325,0.11666666666666667,0.21666666666666667,0
5.581999999999999,0.13830883317175846,5.36,5.84,0.47999999999999954,5.53,-0.005337593776048928,0.0,1.0,0
6.078166666666667,0.2937997711972484,5.48,6.84,1.3599999999999994,6.07,0.00204695748819118,0.0,0.31666666666666665,0
6.469666666666666,0.43372405461947294,5.86,7.44,1.58,6.34,-0.002919699916643568,0.15,0.1,0
5.922166666666666,0.10035091208133372,5.64,6.09,0.4500000000000002,5.96,-0.0051211447624340345,0.0,0.7833333333333333,0
5.921000000000001,0.36132026421629526,5.57,6.78,1.21,5.71,0.01608780216726866,0.0,0.6666666666666666,0
6.276833333333334,0.1888958413753169,5.92,6.86,0.9400000000000004,6.27,0.0028721867185329017,0.0,0.03333333333333333,0
6.282333333333335,0.2857992691072219,5.92,6.93,1.0099999999999998,6.18,0.0037277021394831376,0.0,0.1,0
6.2681666666666676,0.39516870518242664,5.64,7.36,1.7200000000000006,6.175,-0.013572381217004811,0.06666666666666667,0.18333333333333332,0
5.921,0.2875337661330694,5.25,6.88,1.63,5.84,-0.0010658516254516066,0.0,0.7333333333333333,0
6.525333333333334,0.22506640995246024,6.17,7.17,1.0,6.44,-0.0029041400388997267,0.03333333333333333,0.0,0
6.799,0.36101108016236844,6.4,7.68,1.2799999999999994,6.65,-0.016096693525979516,0.16666666666666666,0.0,0
7.006833333333333,0.5345480697644402,6.35,7.83,1.4800000000000004,6.6899999999999995,0.02854931925534869,0.4166666666666667,0.0,0
6.367499999999999,0.46187164522913365,5.74,7.86,2.12,6.37,-0.00920839121978334,0.06666666666666667,0.35,0
7.054,0.23103535083041582,6.71,7.51,0.7999999999999998,7.035,-0.0006218393998333511,0.5166666666666667,0.0,0
6.702,0.5437456513236067,5.79,7.44,1.6500000000000004,6.83,-0.028010558488469076,0.4,0.18333333333333332,0
6.1825,0.31663662138167153,5.66,6.81,1.1499999999999995,6.25,0.00014476243400945096,0.0,0.4166666666666667,0
6.2665,0.795440810703935,5.0,7.58,2.58,6.515000000000001,0.014120866907474208,0.2,0.3333333333333333,0
6.6081666666666665,0.41820844749425545,6.12,7.64,1.5199999999999996,6.45,0.010143651014170557,0.18333333333333332,0.0,0
6.0699999999999985,0.24207436873820407,5.77,6.94,1.1700000000000008,6.02,-0.005880522367324319,0.0,0.45,0
6.291166666666666,0.45263705720539005,5.72,7.36,1.6400000000000006,6.140000000000001,0.005569602667407583,0.11666666666666667,0.35,0
6.253666666666666,0.46381018627116083,5.76,7.49,1.7300000000000004,6.16,0.012569046957488141,0.1,0.38333333333333336,0
6.1113333333333335,0.10835845862486021,5.86,6.35,0.4899999999999993,6.14,-0.0037849402611836395,0.0,0.16666666666666666,0
6.421499999999999,0.25174606915170167,6.03,6.99,0.96,6.37,-0.0048721867185329325,0.0,0.0,0
5.6658333333333335,0.38585097151908554,5.23,6.91,1.6799999999999997,5.51,-0.01268824673520425,0.0,0.8666666666666667,0
5.611500000000001,0.16430484878217477,5.48,6.6,1.1199999999999992,5.59,0.0020591831064184275,0.0,0.9666666666666667,0
6.0630000000000015,0.19199218734104784,5.71,6.53,0.8200000000000003,6.03,-0.008772992497916113,0.0,0.36666666666666664,0
5.527833333333333,0.09106941796722366,5.4,5.79,0.3899999999999997,5.51,-0.0034812447902195284,0.0,1.0,0
5.5615,0.24523339223414636,5.31,6.36,1.0500000000000007,5.46,0.00575520978049458,0.0,0.9,0
5.435666666666667,0.19197540351710568,5.03,5.71,0.6799999999999997,5.46,-0.009201444845790541,0.0,1.0,0
5.304166666666668,0.428191124252814,4.83,6.32,1.4900000000000002,5.04,0.019446790775215276,0.0,0.9333333333333333,0
5.856499999999999,0.21694719019460323,5.5,6.32,0.8200000000000003,5.77,0.008502083912197795,0.0,0.7666666666666667,0
5.562333333333332,0.10057114673481427,5.33,5.84,0.5099999999999998,5.57,-0.0044762434009447535,0.0,1.0,0
5.637833333333334,0.29902670820885263,5.28,6.73,1.4500000000000002,5.5600000000000005,0.006376493470408414,0.0,0.9,0
5.836833333333332,0.3110010271508583,5.59,6.88,1.29,5.705,-0.0003220338983051635,0.0,0.85,0
5.716833333333333,0.09989146888276065,5.5,5.84,0.33999999999999986,5.74,-0.0052095026396221785,0.0,1.0,0
5.860333333333333,0.20804620213361802,5.51,6.57,1.0600000000000005,5.81,-0.00039510975270911795,0.0,0.8333333333333334,0
6.033166666666668,0.18106620949868651,5.77,6.58,0.8100000000000005,5.97,0.0018057793831619655,0.0,0.5833333333333334,0
5.535333333333335,0.6601501512703168,3.87,6.71,2.84,5.495,0.025783273131425335,0.0,0.7166666666666667,0
6.116333333333333,0.3375843927408705,5.66,6.63,0.9699999999999998,6.25,-0.018117254792998104,0.0,0.4166666666666667,0
6.1111666666666675,0.1081217163920161,5.68,6.27,0.5899999999999999,6.14,0.003303973325923829,0.0,0.08333333333333333,0
6.165000000000002,0.03681032463861201,6.09,6.23,0.14000000000000057,6.17,-0.00014670741872749315,0.0,0.0,0
6.2135,0.04760339623738349,6.12,6.33,0.20999999999999996,6.2,0.0006082245068073775,0.0,0.0,0
6.217166666666667,0.038647624621558456,6.14,6.32,0.1800000000000006,6.22,0.0009894415115309777,0.0,0.0,0
6.2571666666666665,0.059247831652774974,6.17,6.44,0.27000000000000046,6.25,0.001925257015837659,0.0,0.0,0
6.294833333333334,0.05509058197389298,6.17,6.4,0.23000000000000043,6.295,-0.0004442900805779739,0.0,0.0,0
6.2686666666666655,0.04968120592560349,6.16,6.36,0.20000000000000018,6.27,0.00019283134203937973,0.0,0.0,0
6.326499999999999,0.05240308515090821,6.2,6.5,0.2999999999999998,6.33,0.0008732981383717443,0.0,0.0,0
6.330666666666667,0.0474997076014392,6.23,6.45,0.21999999999999975,6.33,-0.0006185051403167438,0.0,0.0,0
6.377833333333333,0.058540346960213964,6.27,6.48,0.21000000000000085,6.38,0.0009377604890246964,0.0,0.0,0
6.4085,0.049289113064313404,6.3,6.5,0.20000000000000018,6.4,0.0008055015282021847,0.0,0.0,0
6.448333333333333,0.07627071667568243,6.29,6.62,0.33000000000000007,6.43,0.0025240344540149594,0.0,0.0,0
6.368333333333334,0.06137770134358426,6.23,6.53,0.2999999999999998,6.36,-0.001904417893859436,0.0,0.0,0
6.275833333333334,0.09068795705911324,6.01,6.42,0.41000000000000014,6.3,-0.0006126701861628987,0.0,0.0,0
6.290666666666668,0.054798621231641295,6.17,6.36,0.1900000000000004,6.3,-0.0004951375382050464,0.0,0.0,0
6.322000000000001,0.04452714527865746,6.2,6.4,0.20000000000000018,6.325,0.0008752431230896926,0.0,0.0,0
6.329500000000001,0.046526873954737154,6.22,6.4,0.1800000000000006,6.35,0.0004026118366212331,0.0,0.0,0
6.331500000000002,0.05137525344625238,6.2,6.4,0.20000000000000018,6.35,-9.919422061688054e-05,0.0,0.0,0
6.323166666666666,0.040393550090192465,6.22,6.38,0.16000000000000014,6.33,-0.0003864962489580487,0.0,0.0,0
6.2828333333333335,0.04531709267913031,6.17,6.36,0.1900000000000004,6.29,-0.000541539316476839,0.0,0.0,0
6.318500000000001,0.05078795789029787,6.18,6.4,0.22000000000000064,6.33,0.0002836899138648826,0.0,0.0,0
6.318333333333334,0.053546449202745636,6.2,6.4,0.20000000000000018,6.32,-0.0006096137816060231,0.0,0.0,0
6.2923333333333344,0.049205916536756225,6.18,6.36,0.1800000000000006,6.3,-0.0004829119199777989,0.0,0.0,0
6.2945,0.046203354856547016,6.18,6.36,0.1800000000000006,6.3,0.0006882467352042115,0.0,0.0,0
6.3213333333333335,0.04477598562721856,6.23,6.4,0.16999999999999993,6.325,0.00011836621283684668,0.0,0.0,0
6.333500000000001,0.038808289492495436,6.23,6.38,0.14999999999999947,6.35,-0.00022367324256741133,0.0,0.0,0
6.3358333333333325,0.048726846353479125,6.22,6.44,0.22000000000000064,6.35,0.0005343150875242412,0.0,0.0,0
6.363,0.04259499188089301,6.27,6.42,0.15000000000000036,6.38,-1.0558488469057801e-05,0.0,0.0,0
6.353666666666667,0.043930500667405316,6.25,6.42,0.16999999999999993,6.36,0.00019616560155596028,0.0,0.0,0
6.3435,0.040075969524558434,6.27,6.44,0.17000000000000082,6.35,-0.0007999444290081251,0.0,0.0,0
6.373000000000001,0.10218121158021175,6.22,6.97,0.75,6.36,0.0023706585162544527,0.0,0.0,0
6.850666666666666,0.5103327890264896,5.9,7.45,1.5499999999999998,7.1,0.007012503473186934,0.55,0.05,0
7.270833333333333,0.05762787712749981,7.19,7.51,0.3199999999999994,7.25,-0.001560155598777498,1.0,0.0,0
7.1418333333333335,0.06157628511763998,7.04,7.29,0.25,7.14,-0.002594887468741341,1.0,0.0,0
6.9971666666666685,0.06821758489487068,6.9,7.23,0.33000000000000007,6.97,-0.0034006668519033514,0.43333333333333335,0.0,0
6.642333333333332,0.37009173037084864,5.96,7.06,1.0999999999999996,6.84,-0.016794109474854192,0.05,0.03333333333333333,0
6.362833333333334,0.1846175476190952,5.94,6.96,1.0199999999999996,6.34,-0.0010555709919421868,0.0,0.016666666666666666,0
6.415000000000001,0.19657483731817427,6.09,6.88,0.79,6.41,0.00445179216449011,0.0,0.0,0
6.4865,0.2177523440363693,6.16,6.83,0.6699999999999999,6.505,0.00025479299805496023,0.0,0.0,0
6.475333333333334,0.2620398612594826,6.12,6.93,0.8099999999999996,6.425000000000001,-0.0026512920255626874,0.0,0.0,0
6.387666666666666,0.2419253787614869,6.09,7.07,0.9800000000000004,6.32,-0.006725201444845873,0.03333333333333333,0.0,0
6.338333333333335,0.3034642574596811,5.97,7.29,1.3200000000000003,6.22,0.014825229230341712,0.08333333333333333,0.016666666666666666,0
6.8196666666666665,0.3039789831916382,6.33,7.53,1.2000000000000002,6.7,-0.012285079188663568,0.25,0.0,0
6.3755,0.8513996809176444,3.61,7.65,4.040000000000001,6.465,-0.009811336482356216,0.2,0.18333333333333332,0
4.989999999999999,1.9197612698805373,1.91,6.94,5.03,6.125,0.044596276743539796,0.0,0.48333333333333334,0
5.020833333333333,1.2780366344079848,2.43,7.07,4.640000000000001,5.0600000000000005,0.006428730202834065,0.03333333333333333,0.6833333333333333,0
6.486000000000001,0.539969752239265,5.07,7.06,1.9899999999999993,6.715,0.027070297304806847,0.03333333333333333,0.2,0
6.977166666666666,0.05888100051988094,6.86,7.17,0.3099999999999996,6.97,0.0013645457071408133,0.4166666666666667,0.0,0
6.917166666666666,0.10106254938843016,6.7,7.12,0.41999999999999993,6.93,-0.001407335370936401,0.18333333333333332,0.0,0
6.784000000000002,0.2915201536772372,4.94,7.1,2.1599999999999993,6.85,-0.0003973325923868383,0.05,0.016666666666666666,0
6.9715,0.24999883333061107,5.59,7.19,1.6000000000000005,7.04,-0.008501528202278478,0.5833333333333334,0.016666666666666666,0
6.550666666666667,0.3247607666507079,5.68,7.03,1.3500000000000005,6.5600000000000005,0.01454848569046956,0.03333333333333333,0.05,0
6.997000000000001,0.14405207391773298,6.68,7.29,0.6100000000000003,6.99,-0.0006562934148375208,0.48333333333333334,0.0,0
7.176166666666666,0.15177935374161475,6.84,7.49,0.6500000000000004,7.19,-0.0070661294804112975,0.8666666666666667,0.0,0
7.1641666666666675,0.4608517175356469,6.47,8.21,1.740000000000001,7.01,0.017970825229230315,0.5166666666666667,0.0,0
7.197500000000001,0.09838063833905548,7.07,7.44,0.3700000000000001,7.165,-0.0029749930536260814,1.0,0.0,0
6.9801666666666655,0.10586928523209903,6.7,7.1,0.39999999999999947,7.01,-0.004419283134204023,0.55,0.0,0
7.187666666666668,0.08595282944085612,6.97,7.34,0.3700000000000001,7.175000000000001,-0.0012108919144207223,0.9833333333333333,0.0,0
6.945833333333332,0.13047722236296858,6.66,7.16,0.5,6.96,-0.0003198110586274565,0.45,0.0,0
7.191333333333334,0.18141542259564253,6.75,7.49,0.7400000000000002,7.23,0.00822784106696303,0.7833333333333333,0.0,0
7.124499999999999,0.11929550145192684,6.88,7.36,0.4800000000000004,7.14,-0.00488163378716313,0.8166666666666667,0.0,0
6.957166666666667,0.4122705085526034,6.23,7.98,1.75,6.96,-0.004356487913309288,0.43333333333333335,0.0,0
6.8181666666666665,0.279907673270233,6.25,7.3,1.0499999999999998,6.82,0.013655181994998574,0.4,0.0,0
6.930499999999999,0.1726598293369557,6.6,7.19,0.5900000000000007,6.965,-3.250903028626156e-05,0.43333333333333335,0.0,0
6.909833333333334,0.2923040179143778,6.42,7.67,1.25,6.84,0.0009544317866073311,0.3333333333333333,0.0,0
7.015000000000001,0.4869377099109632,6.03,8.06,2.0300000000000002,6.91,-0.009113642678521888,0.4666666666666667,0.0,0
6.8205,0.24850503013017664,6.44,7.57,1.13,6.77,0.0005148652403445164,0.15,0.0,0
6.793833333333333,0.1849873118772084,6.42,7.1,0.6799999999999997,6.84,0.007762989719366418,0.11666666666666667,0.0,0
6.590833333333333,1.079219303735601,2.28,7.51,5.23,6.94,-0.033781883856626935,0.36666666666666664,0.11666666666666667,0
5.9143333333333326,1.0693944807953497,2.83,6.86,4.03,6.355,0.03358544040011115,0.0,0.38333333333333336,0
6.643500000000001,0.25070450733881916,5.5,7.03,1.5300000000000002,6.73,0.0016407335370936347,0.016666666666666666,0.016666666666666666,0
6.715000000000001,0.2739555925084696,6.29,7.78,1.4900000000000002,6.68,-0.0083412058905252,0.06666666666666667,0.0,0
6.046833333333335,0.845435768635849,4.22,7.07,2.8500000000000005,6.43,-0.018980550152820266,0.016666666666666666,0.36666666666666664,0
6.956999999999999,0.2094063036300484,6.5,7.4,0.9000000000000004,6.93,-0.0005712697971659301,0.3,0.0,0
6.540000000000001,0.23560560264985214,6.05,7.07,1.0200000000000005,6.5,-0.006612948041122603,0.06666666666666667,0.0,0
6.830000000000001,0.27770487932335647,6.29,7.19,0.9000000000000004,6.97,0.011538205056960276,0.4666666666666667,0.0,0
6.518,0.3701972447223236,5.86,7.04,1.1799999999999997,6.575,-0.0016793553764935401,0.1,0.08333333333333333,0
6.822000000000001,0.3898922928194401,5.97,7.83,1.8600000000000003,6.87,0.0033720477910530538,0.26666666666666666,0.016666666666666666,0
7.012166666666667,0.2993832085397502,6.55,7.7,1.1500000000000004,6.93,-0.0044487357599333425,0.4666666666666667,0.0,0
6.888833333333333,0.395272444720797,6.38,8.01,1.63,6.76,-0.009487913309252674,0.31666666666666665,0.0,0
6.6518333333333315,0.35384785650835243,6.14,7.57,1.4300000000000006,6.575,-0.001445123645457165,0.15,0.0,0
6.411833333333334,0.269013578756827,6.1,7.14,1.04,6.34,-0.006693803834398471,0.05,0.0,0
6.265666666666667,0.0866480749289267,6.05,6.51,0.45999999999999996,6.27,-0.00018338427340927596,0.0,0.0,0
6.328,0.30374770232327136,5.86,7.17,1.3099999999999996,6.3,0.007760489024729059,0.016666666666666666,0.16666666666666666,0
6.8439999999999985,0.4488139926517444,5.99,7.78,1.79,6.9,0.013205890525145817,0.38333333333333336,0.016666666666666666,0
7.127166666666667,0.37189197206835334,6.18,7.97,1.79,7.13,-0.005985829397054764,0.6333333333333333,0.0,0
6.800166666666667,0.34629703852168425,6.3,7.7,1.4000000000000004,6.7,-0.008279244234509632,0.26666666666666666,0.0,0
7.0915,0.3634043890764117,6.25,7.82,1.5700000000000003,7.07,-0.001198944151153153,0.6833333333333333,0.0,0
6.774333333333333,0.42787602046491097,5.89,7.38,1.4900000000000002,6.93,0.020151153098082734,0.4,0.05,0
6.662999999999999,0.3453997683844041,6.1,7.45,1.3500000000000005,6.555,-0.003701028063351016,0.21666666666666667,0.0,0
6.609333333333334,0.30449338617155913,6.01,7.53,1.5200000000000005,6.63,-0.01107363156432346,0.06666666666666667,0.0,0
6.555166666666667,0.28938147640940826,6.03,7.25,1.2199999999999998,6.555,0.0011522645179215748,0.05,0.0,0
6.496666666666666,0.24534103248788655,5.92,7.12,1.2000000000000002,6.51,-0.004897471519866676,0.03333333333333333,0.05,0
6.626333333333333,0.38804624581213115,5.89,7.49,1.6000000000000005,6.585,-0.004770769658238399,0.2,0.016666666666666666,0
6.762666666666666,0.3727280808072049,6.17,7.55,1.38,6.73,-0.0023134203945541117,0.21666666666666667,0.0,0
6.6543333333333345,0.22559821709303368,6.12,6.93,0.8099999999999996,6.75,-0.010407891080855863,0.0,0.0,0
6.534833333333333,0.35729302477875985,6.03,7.64,1.6099999999999994,6.44,0.012910530702973003,0.11666666666666667,0.0,0
6.644333333333334,0.2846305597710048,6.16,7.34,1.1799999999999997,6.63,-0.00960711308696861,0.11666666666666667,0.0,0
6.701666666666666,0.18378580527946714,6.18,7.09,0.9100000000000001,6.71,0.00754320644623501,0.03333333333333333,0.0,0
7.244,0.29508303916016587,6.57,7.93,1.3599999999999994,7.23,0.0016449013614892364,0.85,0.0,0
7.169666666666666,0.2745721924902245,6.47,7.82,1.3500000000000005,7.109999999999999,0.005781050291747667,0.7666666666666667,0.0,0
6.929333333333333,0.25365900119824036,6.38,7.32,0.9400000000000004,6.97,-0.006935815504306788,0.4666666666666667,0.0,0
6.8084999999999996,0.5231055502158878,5.99,7.78,1.79,6.77,0.025560711308696797,0.31666666666666665,0.016666666666666666,0
6.784999999999999,0.21226163101229578,6.33,7.34,1.0099999999999998,6.8,0.00042511808835777985,0.15,0.0,0
6.7195,0.35491513070028446,6.01,7.44,1.4300000000000006,6.68,-0.013476243400944712,0.25,0.0,0
6.3455,0.2343531878739153,6.05,7.27,1.2199999999999998,6.25,0.0074217838288413145,0.016666666666666666,0.0,0
6.501166666666667,0.3318689081884928,5.74,7.49,1.75,6.47,0.0019424840233397437,0.08333333333333333,0.05,0
7.021000000000001,0.5888115148330575,6.17,7.98,1.8100000000000005,6.97,0.027051958877465917,0.4666666666666667,0.0,0
7.016000000000001,0.14528363064479546,6.68,7.44,0.7600000000000007,7.035,-0.002181717143651077,0.6166666666666667,0.0,0
7.270666666666667,0.269071655057822,6.33,7.6,1.2699999999999996,7.36,-0.004181161433731711,0.8666666666666667,0.0,0
5.927999999999999,0.5138767686258383,5.28,7.45,2.17,5.76,-0.016978605168102328,0.1,0.6833333333333333,0
6.161166666666667,0.3031286397261437,5.57,6.83,1.2599999999999998,6.18,-0.0034895804390109196,0.0,0.2833333333333333,0
5.856666666666667,0.2660116956493121,5.18,6.62,1.4400000000000004,5.89,-0.011162545151430961,0.0,0.7666666666666667,0
5.620666666666667,0.41850076330741487,4.61,6.78,2.17,5.66,0.0037371492081132818,0.0,0.8833333333333333,0
5.876833333333335,0.32173742745012157,5.25,6.66,1.4100000000000001,5.89,0.011701861628230014,0.0,0.6666666666666666,0
5.915,0.15791875548310702,5.59,6.32,0.7300000000000004,5.91,0.0011919977771603137,0.0,0.7,0
6.100999999999999,0.23365002318282221,5.13,6.57,1.4400000000000004,6.12,-0.006275632120033357,0.0,0.26666666666666666,0
6.104333333333335,0.37026281956949925,5.57,6.97,1.3999999999999995,5.98,-0.004333425951653264,0.0,0.5333333333333333,0
6.144,0.2842604439594085,5.53,6.51,0.9799999999999995,6.225,0.01205834954153928,0.0,0.25,0
6.260500000000001,0.1740059864870555,5.92,6.58,0.6600000000000001,6.26,-0.008530980828007878,0.0,0.08333333333333333,0
6.360333333333333,0.25005310547072906,5.9,6.81,0.9099999999999993,6.32,0.007402611836621214,0.0,0.05,0
6.567166666666667,0.14145778718598548,6.27,6.86,0.5900000000000007,6.59,0.0033262017227007517,0.0,0.0,0
6.457333333333334,0.11741474448391143,6.29,6.79,0.5,6.45,-0.004315643234231729,0.0,0.0,0
6.595833333333332,0.20390595599169944,6.03,7.03,1.0,6.58,0.0001714365101417066,0.016666666666666666,0.0,0
6.4656666666666665,0.13594565907825895,6.12,6.77,0.6499999999999995,6.49,-0.0019344262295082721,0.0,0.0,0
6.341333333333333,0.24209823534168018,5.71,6.81,1.0999999999999996,6.355,-0.006650736315643273,0.0,0.1,0
5.705666666666667,0.6547375216239116,3.46,6.48,3.0200000000000005,5.99,-0.021653792720200106,0.0,0.5,0
4.071666666666666,0.7195488555724034,2.93,6.45,3.52,3.8099999999999996,0.007267018616282276,0.0,0.95,0
5.048500000000001,1.237637298780759,2.93,6.58,3.65,5.29,-0.025859127535426542,0.0,0.6333333333333333,0
4.515833333333333,1.288884907800365,2.96,6.73,3.7700000000000005,4.385,0.009043345373714875,0.0,0.7833333333333333,0
4.599,0.9177739373070037,3.04,6.3,3.26,4.56,0.024291747707696546,0.0,0.9333333333333333,0
6.440833333333333,0.432832884096802,4.02,6.97,2.95,6.5,-0.0010222283967769176,0.0,0.08333333333333333,0
6.303499999999999,0.36950789346552987,5.55,7.16,1.6100000000000003,6.29,-0.009531814392886962,0.08333333333333333,0.15,0
6.391166666666667,0.4807774664251874,5.31,7.23,1.9200000000000008,6.380000000000001,-0.005883023061961691,0.13333333333333333,0.16666666666666666,0
6.419166666666666,0.3461901773431605,5.64,7.17,1.5300000000000002,6.42,0.004224784662406173,0.05,0.13333333333333333,0
6.503000000000001,0.3007119330300457,5.76,7.12,1.3600000000000003,6.57,-0.003659349819394329,0.03333333333333333,0.08333333333333333,0
6.449,0.25901544355501277,5.71,6.83,1.12,6.52,0.006632397888302234,0.0,0.08333333333333333,0
6.820333333333333,0.3026106776407968,6.14,7.38,1.2400000000000002,6.8,0.0028552375659904954,0.31666666666666665,0.0,0
6.083166666666667,0.49807125215396864,3.98,6.81,2.8299999999999996,6.165,0.007944706863017464,0.0,0.31666666666666665,0
5.890500000000001,0.35844769492912076,5.1,6.64,1.54,5.945,-0.01818143928869139,0.0,0.6333333333333333,0
5.092333333333333,1.1003308088429085,2.83,6.91,4.08,4.9350000000000005,0.0414231731036399,0.0,0.6833333333333333,0
5.501833333333333,1.2607940509412665,3.02,6.91,3.89,6.22,-0.0023059183106419563,0.0,0.4,0
6.283166666666668,0.5970775819681132,4.64,7.38,2.74,6.3100000000000005,-0.014412058905251554,0.13333333333333333,0.13333333333333333,0
5.276666666666666,0.6693969093312444,3.92,6.48,2.5600000000000005,5.45,0.02683801055848848,0.0,0.8333333333333334,0
4.334333333333333,1.1045623064765921,3.04,6.71,3.67,3.705,-0.04471853292581275,0.0,0.8833333333333333,0
5.256,1.3613757747220272,2.67,6.84,4.17,5.74,-0.03123589886079469,0.0,0.5666666666666667,0
3.825,0.8908002020655362,2.19,5.57,3.3800000000000003,3.8,-0.017234231731036477,0.0,1.0,0
4.5393333333333326,1.1529930133738404,2.06,6.5,4.4399999999999995,4.4350000000000005,-0.013458182828563526,0.0,0.8833333333333333,0
6.0471666666666675,1.1418276163920524,2.82,6.96,4.140000000000001,6.475,-0.002677132536815842,0.0,0.23333333333333334,0
3.231666666666667,0.5659068435312967,2.73,4.87,2.14,3.0,0.009312586829674884,0.0,1.0,0
3.025833333333334,0.059869070107657026,2.89,3.13,0.23999999999999977,3.02,0.0021375382050569445,0.0,1.0,0
4.815500000000001,0.7476127005341737,3.54,5.97,2.4299999999999997,4.765,-0.03467935537649352,0.0,1.0,0
3.3306666666666667,0.29572998194674516,3.04,4.05,1.0099999999999998,3.19,-0.014322311753264825,0.0,1.0,0
3.5191666666666657,0.5271757824061682,2.91,4.48,1.5700000000000003,3.13,0.026698249513753814,0.0,1.0,0
3.612166666666666,0.3807803026534971,3.06,4.39,1.3299999999999996,3.65,0.005896915809947168,0.0,1.0,0
3.3578333333333332,0.20273210292293514,3.15,3.89,0.7400000000000002,3.29,-0.003821894970825268,0.0,1.0,0
3.8753333333333333,0.31545980550442376,3.09,4.54,1.4500000000000002,3.825,-0.00031897749374832144,0.0,1.0,0
3.6335,0.29989901077974007,3.19,4.38,1.19,3.5999999999999996,-0.0022964712420116915,0.0,1.0,0
3.4814999999999996,0.383657073439289,3.16,4.51,1.3499999999999996,3.35,-0.004936093359266502,0.0,1.0,0
3.33,0.09973297682645733,3.15,3.42,0.27,3.39,0.004557377049180293,0.0,1.0,0
3.8024999999999998,0.3691053372683738,3.26,4.33,1.0700000000000003,3.77,0.017529591553209198,0.0,1.0,0
3.9590000000000005,0.07365912480247548,3.77,4.07,0.30000000000000027,3.95,0.0004918032786885128,0.0,1.0,0
4.287000000000001,1.0164108421302875,3.47,6.36,2.89,3.76,0.040096137816060015,0.0,0.85,0
4.9325,0.42265283231828304,3.96,5.61,1.6500000000000004,4.94,-0.01893498193942767,0.0,1.0,0
3.6420000000000003,0.3046243588421649,3.13,4.07,0.9400000000000004,3.635,-0.017140872464573523,0.0,1.0,0
3.3000000000000003,0.06491019437140311,3.16,3.39,0.22999999999999998,3.33,0.002602945262572933,0.0,1.0,0
3.5518333333333336,0.34039433831301535,3.19,4.31,1.1199999999999997,3.3449999999999998,0.01329174770769657,0.0,1.0,0
3.975833333333333,0.5886093545147089,3.09,5.33,2.24,3.78,0.0205270908585718,0.0,1.0,0
4.582166666666668,0.5374479561367367,3.02,5.35,2.3299999999999996,4.73,-0.002448180050013928,0.0,1.0,0
4.026333333333334,0.48581878194331773,3.08,4.72,1.6399999999999997,3.915,-0.02548041122534043,0.0,1.0,0
3.127666666666666,0.03963864556493098,2.96,3.19,0.22999999999999998,3.13,0.00037899416504581286,0.0,1.0,0
3.3474999999999997,0.38963070122018534,3.08,4.28,1.2000000000000002,3.165,0.0007977215893303443,0.0,1.0,0
3.3255000000000003,0.16749552232821033,3.02,3.62,0.6000000000000001,3.35,-0.007714642956376817,0.0,1.0,0
4.384,0.42246972278101375,3.42,5.16,1.7400000000000002,4.37,-0.0015537649347041492,0.0,1.0,0
5.092500000000001,0.8356307497932325,3.87,6.47,2.5999999999999996,5.24,-0.02963406501806065,0.0,0.8166666666666667,0
4.224333333333333,0.43894330183091096,3.48,5.18,1.6999999999999997,4.140000000000001,0.012653514865240316,0.0,1.0,0
3.933833333333333,0.5975954363577046,3.29,5.42,2.13,3.67,-0.029887468741317067,0.0,1.0,0
5.102999999999999,0.3597652012076766,4.15,5.89,1.7399999999999993,5.115,-0.0023200889135871253,0.0,1.0,0
4.741833333333332,0.2914875164088888,3.87,5.23,1.3600000000000003,4.73,0.005697971658794092,0.0,1.0,0
4.753333333333333,0.3204718743075939,4.29,5.53,1.2400000000000002,4.61,-0.006000000000000053,0.0,1.0,0
5.103333333333334,0.1849023766447822,4.59,5.44,0.8500000000000005,5.12,0.0009208113364823166,0.0,1.0,0
4.793166666666666,0.2598364335927935,4.28,5.2,0.9199999999999999,4.89,-0.013452903584328997,0.0,1.0,0
3.0955,0.36854861732657923,2.69,4.26,1.5699999999999998,2.89,-0.015621839399833309,0.0,1.0,0
4.557666666666667,0.2158113888458057,3.93,4.85,0.9199999999999995,4.625,-0.002250625173659376,0.0,1.0,0
4.7755,0.6076084951128756,3.77,5.88,2.11,4.695,0.028202000555709893,0.0,1.0,0
5.289666666666666,0.4046313823167397,4.53,6.03,1.5,5.4350000000000005,0.015386496248958006,0.0,0.9833333333333333,0
6.024166666666667,0.43108889905550674,5.16,6.7,1.54,6.03,0.007244512364545643,0.0,0.48333333333333334,0
6.1931666666666665,0.20174647181274052,5.81,6.71,0.9000000000000004,6.15,0.001974159488746783,0.0,0.16666666666666666,0
6.4336666666666655,0.22579464613276873,6.03,7.03,1.0,6.4,0.0027413170325089682,0.016666666666666666,0.0,0
5.042999999999998,1.4844003278540912,1.15,6.75,5.6,5.355,-0.038865240344540204,0.0,0.65,0
5.617333333333333,0.94769345723651,2.96,6.63,3.67,6.0,0.027617671575437593,0.0,0.5,0
6.182833333333335,0.20008407954879595,5.61,6.63,1.0199999999999996,6.22,-0.0029699916643512974,0.0,0.21666666666666667,0
5.799333333333333,0.4641008032265787,3.96,6.55,2.59,5.79,-0.001558766323978973,0.0,0.75,0
4.751833333333335,1.1018537284453362,2.37,6.44,4.07,4.68,0.002053070297304797,0.0,0.8333333333333334,0
5.3695,0.8456701977327411,3.02,6.55,3.53,5.395,0.005222839677688247,0.0,0.7,0
4.888999999999999,0.41328642206908595,3.67,5.29,1.62,5.025,-0.004838566268407931,0.0,1.0,0
6.077833333333334,0.3287911782406713,5.35,6.63,1.2800000000000002,6.07,-0.007411225340372417,0.0,0.38333333333333336,0
5.609166666666666,0.8356260959437674,3.22,6.53,3.31,5.99,0.013510697415948828,0.0,0.5166666666666667,0
6.275333333333333,0.2233641769746339,5.83,6.84,1.0099999999999998,6.23,0.008412892470130575,0.0,0.08333333333333333,0
6.133166666666668,0.6093233724568772,4.87,7.14,2.2699999999999996,6.225,-0.021565156988052295,0.06666666666666667,0.4,0
6.16,0.1294217910554479,5.92,6.58,0.6600000000000001,6.13,-0.00363100861350383,0.0,0.08333333333333333,0
6.422666666666665,0.20252462127411133,6.05,6.78,0.7300000000000004,6.45,-0.006149485968324556,0.0,0.0,0
6.151666666666666,0.08647093281688492,5.9,6.4,0.5,6.15,0.002340650180605657,0.0,0.03333333333333333,0
6.4288333333333325,0.14779593664539256,6.1,6.68,0.5800000000000001,6.475,0.006663239788830199,0.0,0.0,0
6.544999999999999,0.07163565220382001,6.44,6.75,0.3099999999999996,6.53,0.002362878577382552,0.0,0.0,0
6.474333333333333,0.06851682680594266,6.36,6.7,0.33999999999999986,6.45,-0.002650736315643264,0.0,0.0,0
6.434833333333335,0.052201266481017645,6.32,6.58,0.2599999999999998,6.44,-0.0007043623228674764,0.0,0.0,0
6.454999999999999,0.048836461788299076,6.33,6.58,0.25,6.45,0.00027729924979154715,0.0,0.0,0
6.408666666666666,0.07278888804084191,6.27,6.81,0.54,6.4,0.0003667685468185385,0.0,0.0,0
6.393666666666665,0.08698595033426694,6.23,6.66,0.4299999999999997,6.37,0.0017210336204500796,0.0,0.0,0
6.6961666666666675,0.12592447030749118,6.48,6.96,0.47999999999999954,6.66,0.0025548763545428705,0.0,0.0,0
6.5968333333333335,0.0774056773685812,6.44,6.81,0.3699999999999992,6.6,-9.808280077804717e-05,0.0,0.0,0
6.518166666666668,0.06009691247384409,6.44,6.7,0.2599999999999998,6.505,-0.0024326201722701403,0.0,0.0,0
6.501333333333332,0.0322214559295855,6.42,6.58,0.16000000000000014,6.5,0.001108085579327516,0.0,0.0,0
6.548166666666666,0.051364438627863516,6.42,6.71,0.29000000000000004,6.55,0.00048763545429282394,0.0,0.0,0
6.481666666666667,0.4531598932925208,3.62,6.9,3.2800000000000002,6.54,-0.007548763545429351,0.0,0.03333333333333333,0
6.294833333333333,0.6596476121553251,2.89,6.84,3.9499999999999997,6.47,0.020534315087524242,0.0,0.11666666666666667,0
6.222833333333333,0.349428541415202,5.48,6.71,1.2299999999999995,6.335,-0.006053626007224283,0.0,0.2833333333333333,0
6.5504999999999995,0.15041525853449844,6.07,6.9,0.8300000000000001,6.529999999999999,-0.00422478466240624,0.0,0.0,0
6.465333333333334,0.11149688585586398,6.29,6.86,0.5700000000000003,6.45,-0.001446512920255636,0.0,0.0,0
6.712166666666669,0.1406069185906425,6.38,6.96,0.5800000000000001,6.73,9.585996110027317e-05,0.0,0.0,0
6.664666666666665,0.22745304765794833,6.25,7.03,0.7800000000000002,6.635,-0.005379827729925052,0.06666666666666667,0.0,0
6.526833333333333,0.12332195893495831,6.33,6.81,0.47999999999999954,6.53,-0.0021219783273131497,0.0,0.0,0
6.543666666666667,0.1295372104412044,6.36,6.84,0.47999999999999954,6.53,-0.0006590719644346377,0.0,0.0,0
6.499999999999999,0.10219262856651323,6.35,6.73,0.3800000000000008,6.48,-0.0013481522645179508,0.0,0.0,0
6.508166666666668,0.12474629809693308,6.35,6.75,0.40000000000000036,6.48,0.0009327590997498994,0.0,0.0,0
6.467166666666667,0.09909745483893895,6.29,6.68,0.3899999999999997,6.45,-0.0010744651292025687,0.0,0.0,0
6.432500000000002,0.10367617855611762,6.25,6.68,0.4299999999999997,6.42,-0.0004604056682411583,0.0,0.0,0
6.3691666666666675,0.10596055345688268,6.16,6.68,0.5199999999999996,6.38,-0.0019763823284246374,0.0,0.0,0
6.270333333333334,0.14846960033024345,6.03,6.64,0.6099999999999994,6.225,-0.0009791608780217054,0.0,0.0,0
6.576833333333335,0.27038547585910677,5.72,6.91,1.1900000000000004,6.705,0.010269241455959935,0.0,0.06666666666666667,0
6.710833333333334,0.1760046558727606,6.18,6.88,0.7000000000000002,6.77,-0.005436787996665795,0.0,0.0,0
6.391833333333334,0.13613096227122212,5.92,6.68,0.7599999999999998,6.390000000000001,0.0022731314253959228,0.0,0.016666666666666666,0
6.497666666666666,0.15305082670654072,6.27,6.83,0.5600000000000005,6.47,-0.003482634065018107,0.0,0.0,0
6.5443333333333324,0.09720025148572861,6.35,6.73,0.3800000000000008,6.55,-0.0009880522367325065,0.0,0.0,0
6.312666666666666,0.404008525762624,5.46,7.06,1.5999999999999996,6.38,-0.010220616838010583,0.016666666666666666,0.26666666666666666,0
6.339499999999999,0.45467360087576375,5.13,7.1,1.9699999999999998,6.4350000000000005,0.012757710475131906,0.016666666666666666,0.16666666666666666,0
6.866999999999999,0.7394148587453009,3.82,7.65,3.8300000000000005,7.03,0.022572936926924084,0.5166666666666667,0.08333333333333333,0
7.226166666666665,0.12494120839641162,6.78,7.64,0.8599999999999994,7.23,-0.0015056960266741264,0.9833333333333333,0.0,0
6.988333333333333,0.14838201448363686,6.71,7.3,0.5899999999999999,6.96,0.006364545707140844,0.36666666666666664,0.0,0
5.238833333333334,1.9969160320075776,2.15,7.32,5.17,6.24,-0.046478744095582177,0.11666666666666667,0.38333333333333336,0
5.580499999999998,1.3969543359275087,2.45,6.83,4.38,6.35,0.022304251180883552,0.0,0.4,0
4.120166666666667,1.2444188625842811,2.27,6.6,4.33,3.815,-0.005919699916643602,0.0,0.9166666666666666,0
3.991833333333333,1.8150560061759957,2.12,6.5,4.38,3.0,0.09337010280633513,0.0,0.65,0
6.212333333333333,0.14252913932089667,5.88,6.44,0.5600000000000005,6.24,-0.007547652125590504,0.0,0.1,0
4.708333333333332,1.0482559589888127,3.09,6.03,2.9400000000000004,5.125,-0.05703917754931931,0.0,0.9833333333333333,0
3.2106666666666666,0.40586478317565594,2.19,4.41,2.22,3.15,-0.006058349541539341,0.0,1.0,0
5.547333333333333,0.34894061895336226,4.54,5.96,1.42,5.68,0.014643512086690746,0.0,1.0,0
4.3265,1.58744220367231,2.04,5.86,3.8200000000000003,5.335,-0.050973325923867836,0.0,1.0,0
5.952333333333333,0.17004280506847547,5.64,6.27,0.6299999999999999,5.94,0.007995554320644629,0.0,0.5833333333333334,0
2.866,0.9663819120823816,2.08,6.03,3.95,2.575,-0.03904417893859411,0.0,0.9666666666666667,0
2.4218333333333333,0.15693408028709235,2.11,2.83,0.7200000000000002,2.37,0.005512920255626551,0.0,1.0,0
2.904166666666667,0.17762593341689223,2.61,3.28,0.6699999999999999,2.875,0.004327590997499272,0.0,1.0,0
4.879499999999999,1.716967700142706,2.42,6.55,4.13,6.1899999999999995,0.0879752709085857,0.0,0.45,0
6.255166666666667,0.12762564615137334,5.97,6.5,0.5300000000000002,6.29,-0.0058035565434843344,0.0,0.03333333333333333,0
6.068333333333333,0.0655023324436279,5.92,6.25,0.33000000000000007,6.07,0.002318421783828815,0.0,0.15,0
6.1416666666666675,0.04579543888011368,6.05,6.25,0.20000000000000018,6.14,-0.00014448457904981302,0.0,0.0,0
6.105499999999998,0.1276508911053894,5.86,6.33,0.46999999999999975,6.12,-0.005996943595443178,0.0,0.25,0
6.1931666666666665,0.06548515523044561,6.05,6.38,0.33000000000000007,6.18,0.0018796888024450616,0.0,0.0,0
6.2175,0.04780603169754489,6.14,6.32,0.1800000000000006,6.2,-0.0017663239788830926,0.0,0.0,0
6.126166666666666,0.057939384033852286,5.99,6.27,0.27999999999999936,6.13,-0.0012739649902751764,0.0,0.03333333333333333,0
6.245000000000001,0.06200806399171001,6.09,6.4,0.3100000000000005,6.25,0.0024873575993331364,0.0,0.0,0
6.285833333333333,0.030457164820266697,6.23,6.4,0.16999999999999993,6.29,-0.0004526257293693113,0.0,0.0,0
5.960499999999999,0.12164737289943146,5.86,6.44,0.5800000000000001,5.92,-0.00434537371492086,0.0,0.85,0
6.070166666666666,0.04387450537866172,5.96,6.18,0.21999999999999975,6.07,0.0006271186440677057,0.0,0.05,0
6.123000000000001,0.04375309512861163,6.03,6.23,0.20000000000000018,6.12,0.0003173103639899775,0.0,0.0,0
6.088833333333333,0.13050021285636107,5.88,6.33,0.4500000000000002,6.095,-0.005228396776882494,0.0,0.3333333333333333,0
5.999499999999999,0.07225937078792388,5.89,6.25,0.3600000000000003,5.99,-0.0005865518199500531,0.0,0.6,0
5.9365,0.10435236780575069,5.81,6.33,0.5200000000000005,5.92,-0.004280911364267908,0.0,0.85,0
6.230833333333334,0.2023881721401283,5.89,6.75,0.8600000000000003,6.17,0.007282300639066339,0.0,0.06666666666666667,0
6.5360000000000005,0.40002999887508434,5.86,7.09,1.2299999999999995,6.46,0.015448735759933292,0.21666666666666667,0.13333333333333333,0
6.427833333333334,0.13376710690184224,6.05,6.81,0.7599999999999998,6.42,-0.0015751597666018758,0.0,0.0,0
6.47,0.03894440481849306,6.35,6.58,0.23000000000000043,6.47,0.0008346762989719058,0.0,0.0,0
6.478,0.04952440475832762,6.38,6.63,0.25,6.48,0.00047013059183103413,0.0,0.0,0
6.480166666666667,0.09594254646517475,6.29,6.62,0.33000000000000007,6.5,-0.004028063350930856,0.0,0.0,0
6.399666666666667,0.052787835299011446,6.25,6.5,0.25,6.4,0.0015259794387329393,0.0,0.0,0
6.371,0.06847627326307996,6.23,6.53,0.2999999999999998,6.37,-0.0015293136982495199,0.0,0.0,0
6.324333333333333,0.08373304140076504,6.14,6.55,0.41000000000000014,6.3100000000000005,-0.0006235065295915944,0.0,0.0,0
6.289333333333333,0.04366030488008786,6.18,6.36,0.1800000000000006,6.3,0.001198666296193354,0.0,0.0,0
6.368499999999998,0.049322915566701916,6.29,6.53,0.2400000000000002,6.36,0.0014195609891636085,0.0,0.0,0
6.276,0.09731735028589038,6.1,6.51,0.41000000000000014,6.27,-0.0014309530425118617,0.0,0.0,0
6.309499999999999,0.04443815927780986,6.17,6.4,0.23000000000000043,6.32,0.0003075854404000749,0.0,0.0,0
6.3309999999999995,0.04541292033478296,6.22,6.48,0.2600000000000007,6.33,-4.167824395674077e-05,0.0,0.0,0
6.289333333333333,0.04218477871881706,6.18,6.4,0.22000000000000064,6.295,-0.001021394831897789,0.0,0.0,0
6.752666666666668,0.29314312014592614,6.03,7.38,1.3499999999999996,6.75,0.012571269797165862,0.16666666666666666,0.0,0
6.708,0.068381283989115,6.5,6.86,0.3600000000000003,6.71,0.0007785495971102508,0.0,0.0,0
6.669833333333334,0.15539725079793257,6.22,7.04,0.8200000000000003,6.6899999999999995,-0.0028871908863574002,0.016666666666666666,0.0,0
6.509333333333333,0.2292441687129444,6.14,6.94,0.8000000000000007,6.53,0.001058071686579505,0.0,0.0,0
6.879833333333332,0.31239126997333894,6.23,7.49,1.2599999999999998,6.83,0.002385940539038549,0.36666666666666664,0.0,0
6.999000000000001,0.2163076512747527,6.38,7.23,0.8500000000000005,7.095,0.00417393720477906,0.65,0.0,0
7.125166666666668,0.13348522598233692,6.62,7.3,0.6799999999999997,7.16,-0.003934704084467954,0.9,0.0,0
6.651000000000001,0.26797201346409294,6.2,7.23,1.0300000000000002,6.63,-0.009574326201722723,0.13333333333333333,0.0,0
6.439000000000001,0.39530874010069655,5.92,7.55,1.63,6.34,0.004325090302861846,0.11666666666666667,0.03333333333333333,0
6.218833333333333,0.2058566788380261,5.84,6.6,0.7599999999999998,6.26,0.0071956098916365315,0.0,0.25,0
6.6031666666666675,0.15972363284401245,6.07,6.88,0.8099999999999996,6.64,0.0042920255626562286,0.0,0.0,0
6.4270000000000005,0.0871837140755084,6.27,6.66,0.39000000000000057,6.43,6.66851903301363e-06,0.0,0.0,0
6.471166666666665,0.12463401978949765,6.18,6.99,0.8100000000000005,6.47,-0.0007021394831897962,0.0,0.0,0
6.5874999999999995,0.13156272268389704,6.35,6.83,0.4800000000000004,6.59,-0.0011844956932481718,0.0,0.0,0
6.619833333333334,0.23482966640146266,6.27,7.25,0.9800000000000004,6.52,0.008535982217282554,0.13333333333333333,0.0,0
6.505499999999999,0.2668983889048416,6.14,7.32,1.1800000000000006,6.45,-0.009916365657126995,0.1,0.0,0
6.780166666666667,0.29729610192907385,6.4,7.29,0.8899999999999997,6.609999999999999,0.013734092803556521,0.36666666666666664,0.0,0
6.9141666666666675,0.13251781850838856,6.44,7.23,0.79,6.905,-0.0009455404278967447,0.23333333333333334,0.0,0
6.778,0.06209669878504017,6.55,6.9,0.35000000000000053,6.78,0.0005079188663517441,0.0,0.0,0
6.906833333333334,0.12071304357396052,6.66,7.23,0.5700000000000003,6.88,-0.0022475687691025543,0.2,0.0,0
6.878833333333333,0.11606164549736302,6.7,7.3,0.5999999999999996,6.85,0.0030427896637954532,0.15,0.0,0
6.772666666666666,0.1366121842621986,6.45,7.09,0.6399999999999997,6.78,-0.006760766879688889,0.03333333333333333,0.0,0
6.801833333333333,0.09233077613787412,6.57,7.16,0.5899999999999999,6.81,0.0011455959988884942,0.03333333333333333,0.0,0
6.866,0.17543469820230354,6.5,7.3,0.7999999999999998,6.84,0.0015187552097804488,0.21666666666666667,0.0,0
7.386499999999999,0.5038710979341178,6.44,8.08,1.6399999999999997,7.46,0.019800222283967703,0.7166666666666667,0.0,0
6.821833333333333,0.43942193719577644,6.3,7.95,1.6500000000000004,6.71,0.009471797721589289,0.18333333333333332,0.0,0
7.241,0.4940637610673344,6.71,7.98,1.2700000000000005,6.9350000000000005,-0.02452903584328986,0.35,0.0,0
6.840166666666665,0.0916968132246457,6.5,6.99,0.4900000000000002,6.84,0.0019886079466517777,0.0,0.0,0
6.848666666666666,0.1161675035837858,6.53,7.07,0.54,6.87,-0.0032736871353154086,0.08333333333333333,0.0,0
6.718833333333334,0.0721131441247402,6.57,6.86,0.29000000000000004,6.73,0.000992220061128041,0.0,0.0,0
6.726833333333333,0.1132032341508944,6.5,7.04,0.54,6.75,0.001370102806335034,0.03333333333333333,0.0,0
6.697666666666667,0.2647915322580304,6.3,7.67,1.37,6.67,0.002896915809947129,0.13333333333333333,0.0,0
7.206333333333333,0.3568471505965669,6.71,7.86,1.1500000000000004,7.03,-0.008485134759655509,0.5833333333333334,0.0,0
6.792,0.1093739761856845,6.51,7.01,0.5,6.83,-0.0036810225062518143,0.016666666666666666,0.0,0
7.060833333333333,0.2137544671398056,6.48,7.64,1.1599999999999993,7.07,-0.005731314253959508,0.6833333333333333,0.0,0
7.270499999999999,0.3515177804891241,6.51,8.11,1.5999999999999996,7.220000000000001,0.009046123923311965,0.8333333333333334,0.0,0
6.938833333333333,0.10507285832009877,6.63,7.16,0.5300000000000002,6.96,-0.0008355098638511147,0.25,0.0,0
6.873500000000001,0.1070642330566096,6.66,7.07,0.41000000000000014,6.87,-0.0026110030564046195,0.15,0.0,0
6.718666666666667,0.1431720022288653,6.4,6.97,0.5699999999999994,6.71,0.000904140038899682,0.0,0.0,0
6.732333333333334,0.1686847816359127,6.45,7.17,0.7199999999999998,6.7,0.004949152542372824,0.1,0.0,0
7.114666666666668,0.4028128873586621,6.3,7.84,1.54,6.94,0.000874131703250886,0.43333333333333335,0.0,0
6.919666666666666,0.34944702348456524,6.16,7.83,1.67,6.890000000000001,0.009116976938038293,0.35,0.0,0
6.9925000000000015,0.12816168174094256,6.75,7.3,0.5499999999999998,6.99,-0.0013628785773826774,0.5,0.0,0
6.796333333333333,0.284663348926802,6.23,7.29,1.0599999999999996,6.86,0.0004378994165045178,0.18333333333333332,0.0,0
7.451166666666667,0.2896267233680085,6.78,8.08,1.2999999999999998,7.52,0.009175048624617843,0.95,0.0,0
6.683833333333334,0.4976213140754948,6.1,7.8,1.7000000000000002,6.49,-0.022983328702417396,0.26666666666666666,0.0,0
6.303166666666668,0.20172168670940888,5.97,6.81,0.8399999999999999,6.27,0.0003559322033897757,0.0,0.016666666666666666,0
6.261666666666667,0.21865624975187783,5.83,6.88,1.0499999999999998,6.25,-0.007587107529869457,0.0,0.11666666666666667,0
6.446666666666666,0.17872387143921833,6.01,6.9,0.8900000000000006,6.44,0.0031853292581272372,0.0,0.0,0
6.553999999999999,0.25039435563393464,6.05,7.21,1.1600000000000001,6.555,-0.0005190330647402789,0.016666666666666666,0.0,0
7.0865,0.28744753144414603,6.51,7.71,1.2000000000000002,7.06,0.0015212559044177937,0.6166666666666667,0.0,0
6.567333333333333,0.2225448768725585,6.12,7.03,0.9100000000000001,6.625,0.003704362322867369,0.016666666666666666,0.0,0
6.770166666666667,0.09630665720614659,6.62,7.03,0.41000000000000014,6.77,0.0006298971936648629,0.016666666666666666,0.0,0
6.775166666666666,0.4051974484399207,5.9,7.68,1.7799999999999994,6.74,0.007342317310363931,0.21666666666666667,0.016666666666666666,0
7.361499999999999,0.1339505505774425,7.14,7.65,0.5100000000000007,7.32,-0.005485690469574932,1.0,0.0,0
6.8004999999999995,0.0740140752379798,6.64,6.96,0.3200000000000003,6.8,-0.002096971380939191,0.0,0.0,0
6.811833333333334,0.07488862100182887,6.58,6.94,0.3600000000000003,6.82,0.0008116143373159358,0.0,0.0,0
6.535500000000001,0.22952432696049166,6.1,7.25,1.1500000000000004,6.53,0.0006882467352041579,0.06666666666666667,0.0,0
6.326833333333331,0.18674841959765612,6.01,6.68,0.6699999999999999,6.32,-0.006534315087524335,0.0,0.0,0
6.500333333333333,0.49419620485075455,5.96,7.47,1.5099999999999998,6.225,-0.009937760489024788,0.25,0.016666666666666666,0
6.621666666666667,0.39986733911247224,6.03,7.27,1.2399999999999993,6.625,-0.010162267296471248,0.23333333333333334,0.0,0
6.489166666666666,0.41109322408535137,6.01,7.49,1.4800000000000004,6.37,-0.0011478188385663085,0.16666666666666666,0.0,0
6.264333333333334,0.3741540086945779,5.77,7.32,1.5500000000000007,6.07,0.01350708530147261,0.06666666666666667,0.23333333333333334,0
6.447000000000001,0.32467573567073554,5.96,7.29,1.33,6.355,-0.0031392053348152974,0.13333333333333333,0.03333333333333333,0
6.319000000000001,0.08947439112207843,6.05,6.45,0.40000000000000036,6.325,0.0033592664629063696,0.0,0.0,0
6.324999999999998,0.32801676786408346,5.83,7.12,1.29,6.279999999999999,-0.0061066963045291025,0.06666666666666667,0.16666666666666666,0
6.246166666666667,0.11378476269792115,5.92,6.38,0.45999999999999996,6.29,0.0015101417060294198,0.0,0.05,0
6.232166666666667,0.27041999227539043,5.76,6.91,1.1500000000000004,6.16,0.011021116976937917,0.0,0.16666666666666666,0
6.543666666666666,0.45122044378428694,5.89,7.27,1.38,6.495,-0.022036121144762538,0.21666666666666667,0.05,0
5.761166666666667,0.868558368153165,4.09,7.55,3.46,5.89,-0.029590163934426327,0.11666666666666667,0.6,0
4.814166666666667,0.4534103794822327,4.05,5.42,1.37,4.885,0.02140122256182269,0.0,1.0,0
4.249666666666666,0.41914582453153726,3.82,5.1,1.2799999999999998,4.085,-0.016689080300083373,0.0,1.0,0
5.817166666666666,0.21889945687968757,5.29,6.1,0.8099999999999996,5.885,-0.007408446790775247,0.0,0.7333333333333333,0
4.8773333333333335,0.5288190196613163,4.35,5.79,1.4400000000000004,4.54,-0.026761878299527683,0.0,1.0,0
4.416666666666668,0.2673428925971705,4.11,5.5,1.3899999999999997,4.355,0.004942484023339784,0.0,1.0,0
4.524833333333334,0.3564196574576411,4.24,5.68,1.4399999999999995,4.4,-0.01038649624895807,0.0,1.0,0
5.088833333333334,0.5645620475692247,4.33,6.09,1.7599999999999998,5.234999999999999,0.025025006946373947,0.0,0.9666666666666667,0
5.0456666666666665,0.26209010325119536,4.67,5.43,0.7599999999999998,5.109999999999999,-0.010262295081967243,0.0,1.0,0
5.308000000000001,0.28488477202780305,4.96,5.92,0.96,5.26,0.007005834954153947,0.0,1.0,0
5.420333333333334,0.3791831864533142,4.87,6.29,1.42,5.36,0.004704084467907726,0.0,0.8666666666666667,0
5.830499999999999,0.2571473313102821,5.16,6.27,1.1099999999999994,5.81,-0.011635732147818927,0.0,0.7166666666666667,0
6.1339999999999995,0.2033978039868343,5.7,6.58,0.8799999999999999,6.15,0.0005029174770769336,0.0,0.2,0
6.319333333333334,0.12301580747566103,6.1,6.66,0.5600000000000005,6.325,0.004340650180605674,0.0,0.0,0
6.4515,0.13421158668311767,6.22,6.73,0.5100000000000007,6.465,-0.0008060572381218226,0.0,0.0,0
6.394,0.1273080254081939,6.09,6.77,0.6799999999999997,6.390000000000001,-0.001648235621005924,0.0,0.0,0
5.661666666666666,0.5243985973368818,5.05,6.58,1.5300000000000002,5.6899999999999995,0.010268963601000257,0.0,0.6,0
5.8309999999999995,0.38791622806992754,4.42,6.45,2.0300000000000002,5.86,-0.011451514309530482,0.0,0.7666666666666667,0
6.177999999999999,0.6020625659624865,4.76,7.45,2.6900000000000004,5.945,0.025887746596276733,0.2,0.5666666666666667,0
6.841499999999999,0.26843885088911146,6.48,7.53,1.0499999999999998,6.785,-0.005657404834676411,0.15,0.0,0
6.052833333333334,0.4293797529253356,5.44,6.84,1.3999999999999995,5.92,-0.02407918866351773,0.0,0.5666666666666667,0
5.9188333333333345,0.45542687545739863,5.07,6.51,1.4399999999999995,5.945,0.024459849958321678,0.0,0.5333333333333333,0
6.460166666666668,0.031224545188396586,6.38,6.51,0.1299999999999999,6.45,-0.0010422339538761194,0.0,0.0,0
6.493833333333331,0.1005168587297121,6.14,6.6,0.45999999999999996,6.53,0.0027382606279521596,0.0,0.0,0
6.545000000000001,0.14269431196325474,5.97,6.73,0.7600000000000007,6.5600000000000005,0.001355932203389771,0.0,0.016666666666666666,0
6.486166666666666,0.08972349500301215,6.23,6.77,0.5399999999999991,6.475,0.0020991942206168043,0.0,0.0,0
6.566166666666667,0.028230696453014063,6.47,6.62,0.15000000000000036,6.575,-0.0006571269797166626,0.0,0.0,0
6.63,0.07637626158259724,6.48,6.77,0.28999999999999915,6.63,-0.0018894137260350582,0.0,0.0,0
6.426833333333334,0.08764495928967563,6.18,6.57,0.39000000000000057,6.45,-0.0021286468463462705,0.0,0.0,0
6.342666666666667,0.24981904562213736,5.12,6.51,1.3899999999999997,6.42,0.0028330091692136536,0.0,0.06666666666666667,0
5.123833333333334,1.0218367313595433,4.11,6.93,2.8199999999999994,4.695,-0.041106696304529115,0.0,0.7,0
5.1275,0.6017824219211901,4.28,6.48,2.2,5.01,-0.005801889413726105,0.0,0.8333333333333334,0
5.060833333333333,1.2041750864757539,2.78,6.44,3.6600000000000006,4.64,0.05429146985273684,0.0,0.6333333333333333,0
6.823833333333335,0.2611263529830381,6.07,7.23,1.1600000000000001,6.88,0.00844373437065846,0.16666666666666666,0.0,0
7.0538333333333325,0.2068904030855199,6.86,7.68,0.8199999999999994,6.97,-0.0025698805223673825,0.38333333333333336,0.0,0
7.530833333333334,0.38102620936389964,6.51,7.98,1.4700000000000006,7.63,-0.00021811614337321765,0.8833333333333333,0.0,0
7.101833333333333,0.16040045372615233,6.53,7.42,0.8899999999999997,7.095,0.0006221172547928818,0.75,0.0,0
7.0073333333333325,0.18613495701297547,6.55,7.47,0.9199999999999999,7.01,9.113642678514084e-05,0.55,0.0,0
7.016333333333333,0.5870376667831649,6.1,7.97,1.87,6.93,0.0256043345373715,0.4666666666666667,0.0,0
7.645666666666667,0.31873377954371607,7.09,8.11,1.0199999999999996,7.66,-0.012719644345651666,1.0,0.0,0
7.384333333333332,0.2793764883132119,6.51,7.77,1.2599999999999998,7.38,0.0024812447902193987,0.9166666666666666,0.0,0
7.5058333333333325,0.32121795127642266,6.6,7.97,1.37,7.545,-0.0026954709641567867,0.95,0.0,0
7.0375000000000005,0.29306782491430206,6.48,7.75,1.2699999999999996,7.01,-0.006913864962489611,0.5166666666666667,0.0,0
6.9110000000000005,0.1676275633659333,6.57,7.23,0.6600000000000001,6.96,0.0077160322311752684,0.4166666666666667,0.0,0
6.9065,0.12119990374033585,6.57,7.23,0.6600000000000001,6.94,-0.004720477910530763,0.2,0.0,0
6.597333333333333,0.10833384615263239,6.45,6.93,0.47999999999999954,6.57,-0.0015548763545429824,0.0,0.0,0
6.828166666666666,0.2520746692725965,6.5,7.78,1.2800000000000002,6.8,0.009096693525979386,0.16666666666666666,0.0,0
7.374666666666665,0.25888521695059297,6.9,7.78,0.8799999999999999,7.32,-0.009243123089747255,0.9666666666666667,0.0,0
6.942333333333334,0.106729668893997,6.64,7.21,0.5700000000000003,6.96,0.0006312864684634147,0.21666666666666667,0.0,0
7.070000000000001,0.13780420893427028,6.6,7.36,0.7600000000000007,7.07,-0.00024062239510981798,0.8,0.0,0
7.036166666666666,0.06715880847331612,6.91,7.21,0.2999999999999998,7.04,-0.0012206168380106115,0.7166666666666667,0.0,0
7.029833333333333,0.1002079781698487,6.53,7.14,0.6099999999999994,7.04,0.0026838010558488017,0.7833333333333333,0.0,0
7.0408333333333335,0.2734245274700538,6.27,7.36,1.0900000000000007,7.15,-0.00258155043067522,0.7333333333333333,0.0,0
7.325500000000001,0.44070937135486465,6.53,7.9,1.37,7.359999999999999,0.007422895248680107,0.7333333333333333,0.0,0
7.758,0.3870478006654991,6.53,8.08,1.5499999999999998,7.985,-0.001213670464017866,0.95,0.0,0
7.2425000000000015,0.27218024052699585,6.48,7.78,1.2999999999999998,7.23,-0.0013651014170603843,0.8333333333333334,0.0,0
6.5425,0.6297211684547377,4.54,7.73,3.1900000000000004,6.575,-0.018219783273131486,0.13333333333333333,0.11666666666666667,0
7.000333333333334,0.26705159717843957,6.45,7.65,1.2000000000000002,7.035,-0.0023395387607669706,0.5666666666666667,0.0,0
7.018666666666666,0.2385474562616188,6.51,7.49,0.9800000000000004,7.07,0.00042789663795492357,0.7166666666666667,0.0,0
6.8998333333333335,0.2413123264337918,6.48,7.29,0.8099999999999996,6.98,0.00484995832175597,0.48333333333333334,0.0,0
6.416,0.4125174743773489,5.5,7.1,1.5999999999999996,6.529999999999999,-0.0132664629063629,0.03333333333333333,0.25,0
5.6901666666666655,0.18819751740008567,5.38,6.05,0.6699999999999999,5.64,0.001225618227285355,0.0,0.9333333333333333,0
5.593,0.25134504835650395,5.15,6.18,1.0299999999999994,5.550000000000001,0.006771881078077183,0.0,0.9166666666666666,0
5.778833333333333,0.3611790491647537,5.07,6.38,1.3099999999999996,5.835,-0.012473186996387962,0.0,0.7,0
5.413833333333333,0.3344402869804347,4.97,6.18,1.21,5.285,-0.01573520422339544,0.0,0.9166666666666666,0
6.1445,0.43828234811211214,4.98,6.75,1.7699999999999996,6.175,0.0042892470130591245,0.0,0.2,0
6.1321666666666665,0.1428879708800647,5.84,6.38,0.54,6.13,-0.004495971103084223,0.0,0.2,0
5.688166666666667,0.6070872855053235,4.87,6.57,1.7000000000000002,6.005,-0.03010086135037512,0.0,0.5,0
6.153333333333334,0.2940162504957091,5.57,6.78,1.21,6.234999999999999,0.0031853292581271973,0.0,0.3333333333333333,0
6.185833333333333,0.2911030268173491,5.77,6.81,1.04,6.140000000000001,0.013000555709919351,0.0,0.38333333333333336,0
6.557166666666666,0.32151771162548554,5.76,7.06,1.2999999999999998,6.59,-0.013531258682967548,0.03333333333333333,0.06666666666666667,0
6.2330000000000005,0.16448201522760278,5.77,6.57,0.8000000000000007,6.27,-0.004434009447068696,0.0,0.08333333333333333,0
6.416833333333333,0.5013664384016501,5.89,7.52,1.63,6.21,0.019643512086690695,0.18333333333333332,0.11666666666666667,0
5.837833333333334,0.5737888452112754,5.18,6.91,1.7300000000000004,5.5,-0.03050208391219792,0.0,0.6,0
4.938999999999999,0.1521150880090467,4.64,5.23,0.5900000000000007,4.92,-0.0049752709085857634,0.0,1.0,0
4.987833333333333,0.197155536456767,4.69,5.66,0.9699999999999998,4.96,0.005734092803556505,0.0,1.0,0
5.812166666666667,0.207910971865898,5.13,6.18,1.0499999999999998,5.84,0.005090580716865748,0.0,0.8666666666666667,0
6.239333333333334,0.34045981978625456,5.74,7.09,1.3499999999999996,6.279999999999999,0.009909974993053539,0.016666666666666666,0.31666666666666665,0
6.126333333333333,0.15254471111411527,5.79,6.47,0.6799999999999997,6.12,-0.0038355098638511278,0.0,0.23333333333333334,0
6.106833333333333,0.3128923758880821,5.53,6.66,1.13,6.109999999999999,0.00972297860516803,0.0,0.36666666666666664,0
6.476833333333333,0.3313532438685673,5.72,7.03,1.3100000000000005,6.505,0.006382606279522057,0.016666666666666666,0.15,0
6.2798333333333325,0.1693663845697316,5.96,6.63,0.6699999999999999,6.27,-0.004135315365379302,0.0,0.03333333333333333,0
6.293833333333334,0.1247676729855223,6.01,6.55,0.54,6.3100000000000005,0.0011161433731591752,0.0,0.0,0
7.1836666666666655,0.6071517291602011,6.18,7.88,1.7000000000000002,7.324999999999999,0.031686023895526445,0.55,0.0,0
6.514166666666667,0.5192118760411998,6.1,7.82,1.7200000000000006,6.3100000000000005,-0.018509308141150305,0.13333333333333333,0.0,0
6.700999999999999,0.4813096716252438,6.1,7.71,1.6100000000000003,6.505,0.021085857182550703,0.25,0.0,0
7.146333333333334,0.5471287681057256,6.2,7.8,1.5999999999999996,7.15,-0.028882467352042255,0.5666666666666667,0.0,0
6.600666666666666,0.15574409209412157,6.35,6.99,0.6400000000000006,6.55,-0.0024073353709363828,0.0,0.0,0
6.578666666666666,0.07610227037057139,6.33,6.7,0.3700000000000001,6.59,0.0023523200889135746,0.0,0.0,0
6.307499999999999,0.2544643065998321,5.76,6.88,1.12,6.4,-0.012803278688524638,0.0,0.18333333333333332,0
5.900666666666666,0.16702162202009124,5.51,6.16,0.6500000000000004,5.95,-0.006546262850791931,0.0,0.6166666666666667,0
5.389333333333334,0.14225407629387016,5.0,5.79,0.79,5.38,-0.0034659627674354185,0.0,1.0,0
6.063500000000001,0.6765644216677866,4.98,7.17,2.1899999999999995,6.22,0.03489774937482632,0.1,0.35,0
6.608666666666667,0.4143608196836289,5.99,7.1,1.1099999999999994,6.484999999999999,-0.020554042789663884,0.38333333333333336,0.016666666666666666,0
6.285666666666666,0.2383650328569376,6.01,7.03,1.0200000000000005,6.18,0.007409280355654282,0.016666666666666666,0.0,0
6.364333333333333,0.13442924615656457,6.03,6.63,0.5999999999999996,6.36,-0.005611003056404579,0.0,0.0,0
6.391333333333334,0.08948867091549764,6.12,6.53,0.41000000000000014,6.41,0.0015709919422061804,0.0,0.0,0
6.348833333333333,0.09748660876699371,6.12,6.55,0.4299999999999997,6.36,-0.0011878299527646986,0.0,0.0,0
6.4055,0.21158469541375938,6.17,6.96,0.79,6.32,0.007125034731869895,0.0,0.0,0
6.772499999999999,0.23585041163132758,6.4,7.51,1.1099999999999994,6.76,0.0013728813559321642,0.11666666666666667,0.0,0
6.3708333333333345,0.27377783978173903,5.97,6.94,0.9700000000000006,6.23,-0.013067240900250156,0.0,0.016666666666666666,0
7.0393333333333326,0.7111513356678888,5.99,7.93,1.9399999999999995,7.175000000000001,0.03183439844401215,0.55,0.05,0
7.054,0.321580472043935,6.25,7.65,1.4000000000000004,7.035,-0.010313976104473484,0.5333333333333333,0.0,0
6.340999999999998,0.09390953093270137,6.2,6.63,0.4299999999999997,6.33,0.0015120866907473815,0.0,0.0,0
6.192166666666668,0.09955051760566368,6.03,6.47,0.4399999999999995,6.175,0.0002703528757988151,0.0,0.0,0
6.244833333333332,0.4534405204164661,5.7,7.32,1.62,6.07,0.00744456793553758,0.13333333333333333,0.4,0
5.970666666666665,0.19439535888378492,5.74,6.38,0.6399999999999997,5.83,0.008883023061961624,0.0,0.5666666666666667,0
6.323499999999999,0.2352220582059996,5.96,6.81,0.8499999999999996,6.32,-0.007251736593498227,0.0,0.03333333333333333,0
6.180833333333334,0.13723813448001815,5.9,6.47,0.5699999999999994,6.14,0.005266185051403096,0.0,0.05,0
6.309,0.1053359704311242,6.12,6.63,0.5099999999999998,6.29,0.002201722700750185,0.0,0.0,0
6.259999999999999,0.1276322843170959,5.94,6.66,0.7199999999999998,6.27,-0.005247568769102634,0.0,0.03333333333333333,0
6.083666666666667,0.12199681234451255,5.71,6.35,0.6399999999999997,6.07,0.0029002500694637226,0.0,0.25,0
6.953333333333334,0.529369646109618,5.7,7.38,1.6799999999999997,7.25,0.02135259794387326,0.7166666666666667,0.08333333333333333,0
5.899166666666667,0.1720299554018298,5.59,6.64,1.0499999999999998,5.86,-0.0027277021394832494,0.0,0.7666666666666667,0
6.261000000000001,0.15718036348942155,6.03,6.91,0.8799999999999999,6.225,-0.004238399555432106,0.0,0.0,0
6.259999999999999,0.13060117406312502,5.96,6.53,0.5700000000000003,6.27,0.00012336760211163037,0.0,0.016666666666666666,0
6.795499999999999,0.6032838607709199,5.7,7.7,2.0,7.04,0.029043901083634274,0.5,0.16666666666666666,0
6.955,0.3731107967704321,6.2,7.55,1.3499999999999996,7.045,-0.011933870519588803,0.5166666666666667,0.0,0
6.319333333333334,0.11105354064093993,6.09,6.6,0.5099999999999998,6.32,-0.005187552097804908,0.0,0.0,0
6.200166666666667,0.07847487212831611,5.89,6.35,0.45999999999999996,6.21,-0.00016587941094752632,0.0,0.016666666666666666,0
6.276,0.15534048624446456,5.96,6.63,0.6699999999999999,6.234999999999999,-0.003853848291192059,0.0,0.016666666666666666,0
6.234500000000001,0.08570151690606188,6.07,6.44,0.3700000000000001,6.22,-0.0004915254237288681,0.0,0.0,0
6.512999999999999,0.17204941150727593,6.16,6.86,0.7000000000000002,6.55,0.005516532370102736,0.0,0.0,0
6.600333333333334,0.13396475490051682,6.23,6.84,0.6099999999999994,6.6,-0.0019388719088636191,0.0,0.0,0
6.399333333333333,0.09175813618178805,6.23,6.58,0.34999999999999964,6.4,-0.0005551542095027053,0.0,0.0,0
6.536333333333333,0.13326623311585295,6.2,6.88,0.6799999999999997,6.53,0.0034876354542927564,0.0,0.0,0
6.786833333333334,0.07921472225680161,6.63,6.97,0.33999999999999986,6.785,-0.0006437899416505013,0.0,0.0,0
6.676166666666668,0.2932580869397391,6.22,7.51,1.29,6.6899999999999995,-0.013858016115587683,0.1,0.0,0
6.472166666666667,0.11758814660594928,6.27,6.71,0.4400000000000004,6.45,0.0008332870241733005,0.0,0.0,0
6.232166666666667,0.5775958554406552,5.38,7.42,2.04,6.15,-0.027590163934426322,0.11666666666666667,0.4166666666666667,0
5.511166666666666,0.16398263796986418,5.15,5.97,0.8199999999999994,5.49,-0.0015601555987774577,0.0,1.0,0
5.763999999999999,0.5194041457927215,5.05,6.73,1.6800000000000006,5.58,0.00022283967768818908,0.0,0.7166666666666667,0
5.491499999999999,0.21243685336275026,5.09,5.96,0.8700000000000001,5.45,0.006511530980827976,0.0,1.0,0
6.176333333333333,0.27229253060306713,5.66,6.66,1.0,6.14,0.012765212559044142,0.0,0.38333333333333336,0
6.337333333333333,0.23377957329264007,5.92,6.73,0.8100000000000005,6.42,0.004719644345651501,0.0,0.13333333333333333,0
6.382833333333333,0.12177974197523808,6.07,6.58,0.5099999999999998,6.42,-0.002322033898305114,0.0,0.0,0
6.479666666666666,0.33437487279332995,6.09,7.23,1.1400000000000006,6.37,0.016333981661572607,0.15,0.0,0
7.087166666666667,0.23418718771292527,6.36,7.71,1.3499999999999996,7.13,-0.006192553487079795,0.7666666666666667,0.0,0
7.535500000000001,0.8618882854910297,6.05,8.31,2.2600000000000007,8.11,-0.03698833009169218,0.6833333333333333,0.0,0
7.019166666666666,0.48707046604047843,6.22,7.86,1.6400000000000006,6.87,-0.014686579605446039,0.4166666666666667,0.0,0
7.013666666666667,0.21610928305425064,6.58,7.6,1.0199999999999996,6.96,2.778549597076722e-06,0.36666666666666664,0.0,0
7.058833333333333,0.12416510066126563,6.84,7.3,0.45999999999999996,7.03,0.0033089747151985997,0.6,0.0,0
7.269166666666666,0.10627467033849392,6.99,7.52,0.5299999999999994,7.24,0.0023398166157265416,0.9833333333333333,0.0,0
7.1641666666666675,0.400721398092102,6.55,7.98,1.4300000000000006,6.99,0.00304667963323135,0.48333333333333334,0.0,0
6.8215,0.21315741444606928,6.2,7.14,0.9399999999999995,6.905,0.002217004723534241,0.2,0.0,0
7.036833333333333,0.2620209385187035,6.7,7.8,1.0999999999999996,6.9350000000000005,0.0023175882189496464,0.31666666666666665,0.0,0
6.789833333333332,0.13012163113367772,6.63,7.17,0.54,6.75,-0.005654626285079254,0.1,0.0,0
6.775000000000001,0.12199043678365393,6.44,7.12,0.6799999999999997,6.75,0.0025996110030563394,0.06666666666666667,0.0,0
6.937500000000001,0.34593171291455777,6.1,7.64,1.54,6.98,-0.01194915254237294,0.4666666666666667,0.0,0
5.9766666666666675,0.6053364537364507,5.05,7.47,2.42,5.74,-0.028951931091970046,0.11666666666666667,0.6333333333333333,0
5.5825000000000005,0.21146020114117614,5.2,6.23,1.0300000000000002,5.51,-0.0019380383439844774,0.0,0.9666666666666667,0
5.958666666666668,0.6845155626832422,4.77,7.23,2.460000000000001,5.71,0.034042789663795446,0.05,0.5166666666666667,0
6.450666666666666,0.2375630910352495,6.09,7.07,0.9800000000000004,6.36,0.002023339816615639,0.03333333333333333,0.0,0
6.655666666666666,0.44128738431497855,5.07,7.09,2.0199999999999996,6.79,-0.01323756599055299,0.1,0.06666666666666667,0
5.752,0.9503188938456395,3.85,7.06,3.2099999999999995,6.0600000000000005,0.048517921644901325,0.05,0.48333333333333334,0
7.046166666666667,0.32667053569137344,6.27,7.73,1.4600000000000009,6.99,4.918032786885597e-05,0.48333333333333334,0.0,0
6.420166666666668,0.24064144604692592,5.76,6.79,1.0300000000000002,6.46,-0.011044456793553833,0.0,0.08333333333333333,0
6.643666666666666,0.25635890639665493,5.99,6.97,0.9799999999999995,6.74,-0.00611558766323985,0.0,0.016666666666666666,0
4.299999999999999,0.6010518557772976,3.33,6.03,2.7,4.18,-0.029114754098360698,0.0,0.9833333333333333,0
3.9856666666666665,0.4999578871153938,3.13,5.0,1.87,3.9400000000000004,-0.0076260072242289876,0.0,1.0,0
4.078666666666667,0.6787475393857588,3.09,5.35,2.26,3.955,0.033832731314253926,0.0,1.0,0
5.026333333333334,1.1627065646824033,3.37,6.71,3.34,5.58,-0.03985273687135315,0.0,0.8166666666666667,0
4.897833333333334,0.7800023326175948,3.42,5.86,2.4400000000000004,5.085,0.027934704084467864,0.0,1.0,0
4.428,0.6854701549544906,3.57,5.64,2.07,4.1,-0.03639955543206451,0.0,1.0,0
4.962000000000001,0.925636357684089,3.42,6.29,2.87,5.1,-0.015371492081133682,0.0,0.8,0
4.172,0.8128484893672785,3.44,5.68,2.2399999999999998,3.6399999999999997,0.028676854681856052,0.0,1.0,0
5.123999999999999,0.5147141601575252,3.7,6.1,2.3999999999999995,5.24,0.01756265629341483,0.0,0.9833333333333333,0
6.5345,0.4856899731310087,5.2,7.01,1.8099999999999996,6.7,0.023615170880800167,0.016666666666666666,0.18333333333333332,0
6.607333333333333,0.2510037626986673,5.92,6.97,1.0499999999999998,6.62,-0.00862406223951102,0.0,0.016666666666666666,0
6.122166666666667,0.12190285294264262,5.92,6.45,0.5300000000000002,6.09,-0.0038702417338150425,0.0,0.11666666666666667,0
5.927666666666668,0.2384069816278224,5.46,6.42,0.96,5.95,0.004368991386496147,0.0,0.5833333333333334,0
5.572833333333334,0.693303905625488,4.13,6.5,2.37,5.745,-0.026184773548207925,0.0,0.6333333333333333,0
5.464666666666665,0.7904481148198294,3.96,6.45,2.49,5.68,0.0018677410391775057,0.0,0.7,0
4.4270000000000005,0.3074209925601482,3.87,5.16,1.29,4.4,0.005403167546540666,0.0,1.0,0
4.228000000000001,0.2804389416611038,3.9,4.87,0.9700000000000002,4.18,-0.013340372325646036,0.0,1.0,0
3.9563333333333337,0.16299250153168265,3.62,4.16,0.54,3.99,-0.0032392331203112325,0.0,1.0,0
5.182666666666667,0.8356990420533511,3.93,6.45,2.52,5.465,-0.030912475687691083,0.0,0.7833333333333333,0
4.180833333333333,0.057656791061899665,4.0,4.33,0.33000000000000007,4.18,-0.0010511253125869203,0.0,1.0,0
4.337999999999999,0.23446250588669112,3.82,4.94,1.1200000000000006,4.285,-0.003360377882745283,0.0,1.0,0
4.135166666666666,0.05928720116704974,3.98,4.26,0.2799999999999998,4.13,-0.001297860516810248,0.0,1.0,0
4.2535,0.24704132582761662,4.11,5.02,0.9099999999999993,4.16,0.008902195054181702,0.0,1.0,0
4.401666666666667,0.49398099378642313,3.72,5.55,1.8299999999999996,4.345000000000001,-0.012948596832453498,0.0,1.0,0
4.232333333333333,0.1586018775284693,4.0,4.61,0.6100000000000003,4.1899999999999995,-0.00036565712697973193,0.0,1.0,0
5.6605,0.47710734291841145,4.24,6.29,2.05,5.65,0.02163962211725475,0.0,0.7333333333333333,0
4.796333333333334,0.9420190491114759,3.19,6.38,3.19,4.795,0.015474854126146104,0.0,0.9166666666666666,0
6.058166666666666,0.4173147959141743,5.27,6.71,1.4400000000000004,6.01,0.021402333981661525,0.0,0.48333333333333334,0
6.219833333333332,0.2877353625971074,5.68,6.7,1.0200000000000005,6.109999999999999,-0.013187829952764697,0.0,0.35,0
6.321666666666666,0.23931267320297844,5.94,6.81,0.8699999999999992,6.3,0.005014726312864623,0.0,0.1,0
5.876166666666667,1.0178360897293608,3.83,6.73,2.9000000000000004,6.365,-0.04008585718255075,0.0,0.25,0
4.006833333333334,0.4470327790616205,3.44,5.27,1.8299999999999996,3.87,0.008776048902472869,0.0,1.0,0
5.771999999999999,0.2945550316437774,4.77,6.16,1.3900000000000006,5.86,0.00884579049736035,0.0,0.7333333333333333,0
4.551333333333334,0.8694259919944627,3.48,6.47,2.9899999999999998,4.33,-0.04079744373437073,0.0,0.8333333333333334,0
3.972166666666667,0.41349764879084333,3.39,4.9,1.5100000000000002,3.82,0.019402333981661548,0.0,1.0,0
4.012,0.24761394683391055,3.39,4.53,1.1400000000000001,3.98,0.010539038621839381,0.0,1.0,0
4.094166666666666,0.15098887008282733,3.76,4.49,0.7300000000000004,4.04,-0.004199777716032274,0.0,1.0,0
4.290166666666666,0.2571412819616658,3.7,4.79,1.0899999999999999,4.22,0.0017324256737982257,0.0,1.0,0
4.741666666666665,0.6704579695170227,3.8,5.72,1.92,4.885,0.037079188663517636,0.0,1.0,0
6.041666666666667,0.26069245396742036,5.59,6.4,0.8100000000000005,6.165,0.013592108919144147,0.0,0.4666666666666667,0
5.339500000000002,0.9638454665211292,4.22,6.5,2.2800000000000002,5.755,-0.0506043345373716,0.0,0.55,0
6.431500000000001,0.2420111912012886,4.97,6.73,1.7600000000000007,6.45,-0.002466518477354873,0.0,0.03333333333333333,0
5.800666666666667,0.6421444974112569,4.7,6.63,1.9299999999999997,5.734999999999999,-0.01135537649347045,0.0,0.5166666666666667,0
6.526833333333334,0.08149625076584117,6.38,6.68,0.2999999999999998,6.52,0.0010639066407334573,0.0,0.0,0
6.374833333333332,0.2242505419292349,5.86,6.73,0.8700000000000001,6.42,-0.012338149485968387,0.0,0.08333333333333333,0
5.4405,0.28616093956606536,5.02,5.94,0.9200000000000008,5.44,-0.0141642122811893,0.0,1.0,0
6.346666666666668,0.15996527400935767,5.97,6.63,0.6600000000000001,6.390000000000001,0.005626007224228916,0.0,0.05,0
6.990333333333334,0.26422191851211396,6.23,7.16,0.9299999999999997,7.109999999999999,0.01136093359266459,0.75,0.0,0
7.057999999999999,0.17064387868696998,6.5,7.23,0.7300000000000004,7.109999999999999,-0.002609058071686644,0.8,0.0,0
7.001666666666667,0.3476931917014705,5.5,7.3,1.7999999999999998,7.14,-0.008197832731314273,0.65,0.03333333333333333,0
6.448166666666668,0.17559889584568075,5.59,6.66,1.0700000000000003,6.48,0.005353987218671831,0.0,0.05,0
6.562333333333333,0.050211773741048196,6.48,6.71,0.22999999999999954,6.55,-0.0010525145873854587,0.0,0.0,0
6.3885,0.23987375151663987,5.88,6.66,0.7800000000000002,6.505,-0.010473742706307394,0.0,0.13333333333333333,0
4.757499999999999,0.5065261592455024,3.76,5.74,1.9800000000000004,4.869999999999999,0.007863573214781837,0.0,1.0,0
6.282333333333332,0.438996456578967,5.09,6.77,1.6799999999999997,6.475,0.022317310363989942,0.0,0.2,0
6.224999999999999,0.4300755747540193,4.56,6.81,2.25,6.285,-0.012148374548485722,0.0,0.16666666666666666,0
4.45,0.25228951623085727,4.13,5.38,1.25,4.39,-0.006066129480411249,0.0,1.0,0
5.5808333333333335,0.9489560784825023,4.0,6.63,2.63,5.98,0.04271992220061128,0.0,0.5166666666666667,0
6.359166666666667,0.23311150169440856,5.83,6.66,0.8300000000000001,6.48,-0.006808835787718912,0.0,0.1,0
5.769333333333333,0.38899814338317285,4.94,6.64,1.6999999999999993,5.824999999999999,6.501806057236222e-05,0.0,0.65,0
5.583166666666666,0.30653706500555883,4.97,6.22,1.25,5.61,0.0024042789663795343,0.0,0.9333333333333333,0
4.917,0.8957367544838905,3.04,6.09,3.05,5.279999999999999,-0.01628674631842179,0.0,0.9666666666666667,0
4.198166666666666,0.7689917460906557,3.09,5.59,2.5,3.955,-0.018281467074187333,0.0,1.0,0
3.8588333333333336,0.6886389757259525,3.13,4.89,1.7599999999999998,3.34,-0.034137538205056994,0.0,1.0,0
4.629833333333333,1.3957835214992649,3.15,6.68,3.53,3.71,0.06937121422617391,0.0,0.6,0
6.056666666666667,0.08802777339504214,5.92,6.29,0.3700000000000001,6.03,0.0025768268963600473,0.0,0.25,0
6.701666666666667,0.21524533805765822,6.14,7.01,0.8700000000000001,6.76,0.00803834398444007,0.016666666666666666,0.0,0
4.947166666666666,1.1166319770731188,4.03,6.9,2.87,4.285,-0.05552792442345099,0.0,0.75,0
4.773666666666666,0.865168512808664,3.69,5.9,2.2100000000000004,5.23,0.03826840789108084,0.0,1.0,0
3.2136666666666667,0.334853035756816,2.8,4.26,1.46,3.16,-0.005105307029730521,0.0,1.0,0
3.2560000000000002,0.32590489410255874,2.93,4.28,1.35,3.13,0.007248680188941351,0.0,1.0,0
4.471166666666666,0.9848047042716416,3.33,6.22,2.8899999999999997,3.8600000000000003,0.04136398999722144,0.0,0.9,0
4.339166666666667,0.604572277638405,3.62,5.74,2.12,4.095000000000001,-0.02539344262295088,0.0,1.0,0
5.504333333333333,0.8044674566997032,3.85,6.38,2.53,5.84,0.02892747985551543,0.0,0.7333333333333333,0
4.2655,0.9503743560653699,3.04,5.88,2.84,4.34,-0.04084884690191722,0.0,1.0,0
5.184666666666666,0.21451081298827088,4.38,5.59,1.21,5.22,0.0027713253681577775,0.0,1.0,0
5.171999999999999,0.2029679777698935,4.92,5.71,0.79,5.1,-0.007410391775493222,0.0,1.0,0
5.3740000000000006,0.13678693894764468,5.09,5.7,0.6100000000000003,5.36,0.005981661572659014,0.0,1.0,0
5.650833333333334,0.16062681040916613,5.4,6.1,0.6999999999999993,5.63,0.00150958599611005,0.0,0.9666666666666667,0
5.707166666666667,0.08681573718066458,5.61,5.94,0.33000000000000007,5.68,0.001078910808557862,0.0,1.0,0
5.888166666666665,0.08289534901843953,5.79,6.05,0.2599999999999998,5.85,-5.696026674074319e-05,0.0,0.8,0
5.685833333333331,0.25927650405610525,5.2,6.14,0.9399999999999995,5.61,0.005630730758543995,0.0,0.8166666666666667,0
5.310833333333333,0.9519931576551495,3.78,6.63,2.85,5.385,-0.03601917199222011,0.0,0.6666666666666666,0
5.097833333333332,0.6114248159467813,4.42,6.09,1.67,4.73,0.030902750764101105,0.0,0.9666666666666667,0
5.956333333333333,0.18841414195566336,5.4,6.22,0.8199999999999994,6.03,-0.0050108363434287935,0.0,0.4,0
6.179333333333332,0.2421078731107732,5.51,6.57,1.0600000000000005,6.225,0.012300639066407328,0.0,0.25,0
6.5699999999999985,0.24285798319182347,5.71,6.86,1.1500000000000004,6.62,0.00027174215059734005,0.0,0.03333333333333333,0
6.795166666666666,0.22479243512380234,5.86,7.06,1.1999999999999993,6.85,4.0288969158028106e-05,0.1,0.016666666666666666,0
6.896833333333333,0.19174194173999126,6.38,7.19,0.8100000000000005,6.96,-0.004611003056404597,0.31666666666666665,0.0,0
6.633833333333334,0.11828062206276886,6.4,6.9,0.5,6.64,-0.003996387885523803,0.0,0.0,0
6.631666666666667,0.10021920419205531,6.4,6.83,0.4299999999999997,6.625,0.0029458182828563063,0.0,0.0,0
6.703333333333333,0.09917436944874192,6.44,6.84,0.39999999999999947,6.73,-0.002209502639622139,0.0,0.0,0
6.296,0.13607840876984617,5.97,6.55,0.5800000000000001,6.27,0.003021950541817096,0.0,0.016666666666666666,0
6.283833333333333,0.0853442375845545,6.17,6.53,0.3600000000000003,6.27,-0.0013695470964157177,0.0,0.0,0
6.2665000000000015,0.04816032253491108,6.16,6.38,0.21999999999999975,6.27,0.0004165045846068044,0.0,0.0,0
6.227666666666667,0.044548350761341886,6.14,6.35,0.20999999999999996,6.22,-0.00038566268407894713,0.0,0.0,0
6.1065000000000005,0.10465538686565538,5.89,6.33,0.4400000000000004,6.12,-0.004186996387885637,0.0,0.2,0
6.004499999999999,0.04458792811213968,5.92,6.12,0.20000000000000018,5.99,4.862461794936554e-05,0.0,0.5333333333333333,0
6.068666666666666,0.05891990797307435,5.96,6.2,0.2400000000000002,6.07,0.00027674353987213715,0.0,0.11666666666666667,0
6.186166666666667,0.16785997802401328,5.99,6.66,0.6699999999999999,6.13,0.00789469297026944,0.0,0.06666666666666667,0
6.141499999999999,0.12037199286655784,5.99,6.64,0.6499999999999995,6.12,-0.004444845790497406,0.0,0.03333333333333333,0
6.095166666666668,0.09800496019193226,5.96,6.4,0.4400000000000004,6.07,0.0017741039177548725,0.0,0.06666666666666667,0
6.005833333333333,0.049641772284594717,5.89,6.1,0.20999999999999996,6.01,0.0005698805223672441,0.0,0.4666666666666667,0
5.945333333333332,0.07568501980063312,5.79,6.14,0.34999999999999964,5.94,-5.1681022506321556e-05,0.0,0.7,0
5.985166666666665,0.07172846173048895,5.83,6.14,0.3099999999999996,6.01,-0.0003148096693526594,0.0,0.48333333333333334,0
6.041499999999999,0.07959951842400384,5.88,6.16,0.28000000000000025,6.05,0.0019836065573769672,0.0,0.31666666666666665,0
6.103,0.07574738719366272,5.96,6.25,0.29000000000000004,6.12,0.00013337038066122455,0.0,0.11666666666666667,0
6.169666666666668,0.10089543542147424,5.92,6.35,0.4299999999999997,6.1899999999999995,0.00413503751041953,0.0,0.1,0
6.246000000000001,0.05468698809284226,6.16,6.36,0.20000000000000018,6.24,-0.00012281189219228743,0.0,0.0,0
6.305833333333334,0.08083505152813075,6.14,6.45,0.3100000000000005,6.32,0.0013951097527090193,0.0,0.0,0
6.218833333333335,0.06921203331470303,6.09,6.4,0.3100000000000005,6.2,-0.002277577104751377,0.0,0.0,0
6.158166666666667,0.04514759745053505,6.07,6.27,0.1999999999999993,6.16,-0.00037593776048904453,0.0,0.0,0
6.2201666666666675,0.08141440631458025,6.05,6.42,0.3700000000000001,6.22,0.00262489580439007,0.0,0.0,0
6.23,0.05253570214625483,6.14,6.38,0.2400000000000002,6.22,-0.00013837176993616914,0.0,0.0,0
6.2620000000000005,0.06410408203331003,6.16,6.4,0.2400000000000002,6.27,0.0013892747985550804,0.0,0.0,0
6.304333333333334,0.061410277822382675,6.18,6.47,0.29000000000000004,6.295,0.0009986107252014167,0.0,0.0,0
6.2985,0.05850427334819224,6.18,6.42,0.2400000000000002,6.3,-0.00024923589886080674,0.0,0.0,0
6.291833333333333,0.07235310789608304,6.14,6.44,0.3000000000000007,6.29,0.0005370936371214117,0.0,0.0,0
6.263999999999999,0.059307110310091275,6.14,6.4,0.2600000000000007,6.25,-0.0001711586551820016,0.0,0.0,0
6.240333333333334,0.05819411959601721,6.09,6.35,0.2599999999999998,6.25,0.0002556265629341154,0.0,0.0,0
6.239833333333334,0.05321314582778291,6.1,6.33,0.23000000000000043,6.25,-0.0002803556543484763,0.0,0.0,0
6.248499999999999,0.04346742075010503,6.14,6.3,0.16000000000000014,6.25,0.0005126424006667826,0.0,0.0,0
6.2360000000000015,0.0346506373197762,6.14,6.3,0.16000000000000014,6.23,-1.3337038066161339e-05,0.0,0.0,0
6.241166666666668,0.04111332576617404,6.12,6.3,0.17999999999999972,6.25,0.00037260350097241036,0.0,0.0,0
6.257833333333335,0.029217099255211543,6.17,6.3,0.1299999999999999,6.25,0.00014531814392886093,0.0,0.0,0
6.253833333333334,0.027147232312377926,6.18,6.3,0.1200000000000001,6.25,0.0001547652125589781,0.0,0.0,0
6.249333333333335,0.032034703404623874,6.17,6.32,0.15000000000000036,6.25,-0.0006840789108086233,0.0,0.0,0
6.219499999999999,0.03662535551590819,6.16,6.29,0.1299999999999999,6.22,0.0007693803834398119,0.0,0.0,0
6.269333333333334,0.032499572646762946,6.2,6.33,0.1299999999999999,6.27,-0.0002589608224507228,0.0,0.0,0
6.278833333333335,0.05924783165277495,6.09,6.36,0.27000000000000046,6.295,-0.0009538760766880418,0.0,0.0,0
6.2860000000000005,0.09248783703817497,6.09,6.47,0.3799999999999999,6.27,0.0034909697138093506,0.0,0.0,0
6.381666666666666,0.04546671554249578,6.29,6.47,0.17999999999999972,6.38,-0.0009441511530981124,0.0,0.0,0
6.372333333333334,0.05788974194295765,6.25,6.5,0.25,6.36,0.0018860794665183972,0.0,0.0,0
6.435333333333334,0.0377918274528002,6.35,6.5,0.15000000000000036,6.44,-0.00045679355376498004,0.0,0.0,0
6.394499999999999,0.04684815898197073,6.3,6.47,0.16999999999999993,6.4,0.00011697693803833514,0.0,0.0,0
6.450166666666665,0.041971882122307645,6.35,6.55,0.20000000000000018,6.45,0.0010994720755764871,0.0,0.0,0
6.4975,0.04570284455042152,6.42,6.6,0.17999999999999972,6.5,0.0010889135871074828,0.0,0.0,0
6.545333333333334,0.04124991582482987,6.47,6.62,0.15000000000000036,6.55,0.0006479577660460493,0.0,0.0,0
6.578166666666665,0.039937103327885644,6.51,6.66,0.15000000000000036,6.57,5.307029730471243e-05,0.0,0.0,0
6.614333333333334,0.037610577708346256,6.55,6.71,0.16000000000000014,6.62,0.00014948596832450284,0.0,0.0,0
6.640666666666667,0.038291281282065104,6.58,6.73,0.15000000000000036,6.63,-1.8894137260368415e-05,0.0,0.0,0
6.603833333333332,0.29460194424944913,5.72,6.93,1.21,6.75,-0.011262850791886716,0.0,0.1,0
6.727500000000001,0.328874976244773,5.88,7.29,1.4100000000000001,6.855,-0.007944706863017612,0.2,0.03333333333333333,0
7.004,0.11697863052711809,6.62,7.12,0.5,7.04,0.004865796054459516,0.7666666666666667,0.0,0
7.046999999999999,0.04637887450122089,6.96,7.17,0.20999999999999996,7.04,-0.0016665740483467484,0.8166666666666667,0.0,0
6.9145,0.06288680306709828,6.79,7.06,0.2699999999999996,6.92,-0.002656571269797243,0.1,0.0,0
6.791666666666666,0.05013869652163771,6.71,6.93,0.21999999999999975,6.78,-0.0012575715476521798,0.0,0.0,0
6.72,0.052599112793531674,6.63,6.84,0.20999999999999996,6.7,-0.0012414559599889686,0.0,0.0,0
6.781333333333334,0.13633863070392857,6.42,7.1,0.6799999999999997,6.77,-0.001393164767991165,0.08333333333333333,0.0,0
6.6081666666666665,0.08507823197243551,6.45,6.81,0.35999999999999943,6.62,0.0021692136704640173,0.0,0.0,0
6.662999999999999,0.08802083086785015,6.51,6.9,0.39000000000000057,6.66,0.0028163378716309245,0.0,0.0,0
6.689000000000001,0.09961090971039942,6.51,6.94,0.4300000000000006,6.67,0.0024784662406223353,0.0,0.0,0
6.787166666666667,0.20175142846802574,6.48,7.23,0.75,6.720000000000001,0.008217004723534307,0.23333333333333334,0.0,0
6.7570000000000014,0.07948375095997086,6.58,6.93,0.34999999999999964,6.76,-0.0003889969435955009,0.0,0.0,0
6.7735,0.2492711040881661,6.29,7.23,0.9400000000000004,6.775,0.012650458460683474,0.21666666666666667,0.0,0
7.287166666666666,0.03605974979884849,7.21,7.36,0.15000000000000036,7.29,-0.0001069741594888214,1.0,0.0,0
7.149166666666668,0.1065722238150678,7.03,7.49,0.45999999999999996,7.1,-0.003762989719366543,1.0,0.0,0
7.0945,0.017647001633894252,7.06,7.14,0.08000000000000007,7.095,-0.0007449291469853302,1.0,0.0,0
6.927833333333334,0.08475635013902427,6.73,7.06,0.3299999999999992,6.91,-0.0046093359266463395,0.3,0.0,0
6.736666666666666,0.13614534716822158,6.53,6.99,0.45999999999999996,6.705,0.007295915532092205,0.0,0.0,0
7.068833333333333,0.028699109548710446,6.99,7.12,0.1299999999999999,7.07,0.00144012225618218,0.9833333333333333,0.0,0
7.1608333333333345,0.02019006906597632,7.09,7.19,0.10000000000000053,7.17,0.0008371769936092776,1.0,0.0,0
7.187333333333333,0.01998888580075336,7.16,7.23,0.07000000000000028,7.19,0.00014781883856620584,1.0,0.0,0
7.180833333333335,0.019603712800272285,7.14,7.23,0.09000000000000075,7.17,-0.0005193109196999571,1.0,0.0,0
7.148000000000001,0.01458309523615169,7.12,7.19,0.07000000000000028,7.14,0.00012836899138645428,1.0,0.0,0
7.027666666666666,0.06143741169316584,6.91,7.16,0.25,7.01,-0.0019594331758822307,0.6666666666666666,0.0,0
6.9525,0.06331469023852196,6.84,7.04,0.20000000000000018,6.98,-0.0032089469297027916,0.43333333333333335,0.0,0
6.917166666666666,0.01817431031856643,6.86,6.96,0.09999999999999964,6.93,-0.0004115031953321146,0.0,0.0,0
6.794499999999998,0.03989256405229766,6.73,6.9,0.16999999999999993,6.78,-0.001938038343984504,0.0,0.0,0
6.6945,0.07269628601242298,6.53,6.81,0.27999999999999936,6.73,-0.0038057793831620633,0.0,0.0,0
6.2705,0.0883256285948007,6.16,6.53,0.3700000000000001,6.25,-0.004285357043623228,0.0,0.0,0
5.810833333333333,0.18591478035797893,5.53,6.22,0.6899999999999995,5.77,-0.008642122811892234,0.0,0.8333333333333334,0
5.1105,0.16317092265474265,4.85,5.55,0.7000000000000002,5.07,-0.0072800777993887525,0.0,1.0,0
4.3741666666666665,0.28768206795388235,3.85,4.83,0.98,4.43,-0.01648874687413168,0.0,1.0,0
3.6374999999999997,0.15919197006549457,3.37,3.89,0.52,3.6399999999999997,-0.008916643512086712,0.0,1.0,0
3.2903333333333333,0.05237577896530248,3.21,3.44,0.22999999999999998,3.28,-0.002093914976382369,0.0,1.0,0
3.218166666666667,0.04006210456556448,3.15,3.31,0.16000000000000014,3.21,-0.0016963045290358796,0.0,1.0,0
3.0713333333333335,0.06458758050550856,2.93,3.21,0.2799999999999998,3.08,-0.003436510141706046,0.0,1.0,0
3.0006666666666666,0.048746509846574824,2.91,3.11,0.19999999999999973,3.0,0.00018338427340925585,0.0,1.0,0
2.8586666666666667,0.041771867194188204,2.8,2.95,0.15000000000000036,2.84,-0.002138927479855523,0.0,1.0,0
2.8245000000000005,0.017457090250096195,2.8,2.85,0.050000000000000266,2.82,0.00028257849402609615,0.0,1.0,0
2.8400000000000003,0.020248456731316655,2.8,2.89,0.0900000000000003,2.83,0.0004462350652959021,0.0,1.0,0
2.854333333333334,0.022757172251597724,2.8,2.91,0.11000000000000032,2.85,3.000833564877586e-05,0.0,1.0,0
2.934166666666667,0.08676196683391221,2.83,3.13,0.2999999999999998,2.89,0.003654070575159713,0.0,1.0,0
4.112666666666667,0.395566541670158,2.83,4.54,1.71,4.08,0.020195054181717142,0.0,1.0,0
4.6353333333333335,0.06741579109443792,4.51,4.76,0.25,4.64,0.003656571269797145,0.0,1.0,0
4.745166666666667,0.06009691247384411,4.63,4.85,0.21999999999999975,4.76,-0.0021036398999722318,0.0,1.0,0
4.657666666666667,0.020278614899006953,4.61,4.7,0.08999999999999986,4.66,-0.0005801611558766506,0.0,1.0,0
4.723666666666667,0.055766377763746454,4.64,4.87,0.23000000000000043,4.7,0.0029096971380938802,0.0,1.0,0
5.752333333333332,0.4671130008419329,4.72,6.16,1.4400000000000004,5.965,0.02069574881911642,0.0,0.5666666666666667,0
6.0955,0.17446513500792454,5.68,6.29,0.6100000000000003,6.15,0.008002500694637388,0.0,0.18333333333333332,0
6.264833333333332,0.14957151763918455,5.88,6.78,0.9000000000000004,6.27,0.0011317032509029765,0.0,0.03333333333333333,0
6.928000000000001,0.03695943722515265,6.79,6.97,0.17999999999999972,6.93,0.0008330091692135686,0.0,0.0,0
6.939000000000001,0.016999999999999953,6.9,6.97,0.0699999999999994,6.94,0.0007963323145317322,0.0,0.0,0
6.949666666666667,0.013034143197344623,6.91,6.97,0.05999999999999961,6.95,-0.00023617671575441746,0.0,0.0,0
6.909999999999999,0.015491933384829595,6.88,6.94,0.0600000000000005,6.91,-0.00018171714365109964,0.0,0.0,0
6.8968333333333325,0.013722447141656532,6.88,6.93,0.04999999999999982,6.9,0.00034704084467901484,0.0,0.0,0
6.926333333333333,0.03265816215826524,6.88,7.01,0.1299999999999999,6.91,0.0016876910252847702,0.03333333333333333,0.0,0
7.033666666666665,0.032247308242532254,6.96,7.12,0.16000000000000014,7.04,0.0015826618505139776,0.8166666666666667,0.0,0
7.124833333333333,0.026299028287921446,7.07,7.19,0.1200000000000001,7.12,0.0011289247013058596,1.0,0.0,0
7.171333333333335,0.017650936393165024,7.12,7.23,0.11000000000000032,7.17,0.00021394831897744167,1.0,0.0,0
7.1963333333333335,0.01834545054108938,7.16,7.23,0.07000000000000028,7.19,0.0003456515698804899,1.0,0.0,0
7.220666666666668,0.013888444437333202,7.19,7.25,0.05999999999999961,7.23,0.0002889691580994517,1.0,0.0,0
7.2263333333333355,0.011827463332806829,7.19,7.25,0.05999999999999961,7.23,-0.00016060016671306447,1.0,0.0,0
7.273166666666668,0.04794064617373809,7.17,7.38,0.20999999999999996,7.27,0.0006237843845512325,1.0,0.0,0
7.257833333333333,0.024569063655110683,7.23,7.32,0.08999999999999986,7.25,0.00030591831064184495,1.0,0.0,0
7.255000000000002,0.02327373340628133,7.23,7.32,0.08999999999999986,7.25,-0.00024673520422346186,1.0,0.0,0
7.2219999999999995,0.019390719429665297,7.17,7.27,0.09999999999999964,7.23,7.668796888015954e-05,1.0,0.0,0
7.251166666666665,0.020501354968770813,7.21,7.3,0.08999999999999986,7.25,0.0006493470408446011,1.0,0.0,0
7.245333333333334,0.017650936393164705,7.23,7.29,0.05999999999999961,7.25,0.00019338705195884334,1.0,0.0,0
7.241333333333333,0.01874981481390014,7.19,7.27,0.07999999999999918,7.25,0.0005257015837731584,1.0,0.0,0
7.243666666666668,0.015702087617751503,7.23,7.27,0.03999999999999915,7.23,-3.8343984440240665e-05,1.0,0.0,0
7.247,0.017445152144172426,7.21,7.29,0.08000000000000007,7.25,0.0005162545151430279,1.0,0.0,0
7.219499999999999,0.02093044035211239,7.16,7.25,0.08999999999999986,7.23,-0.0008355098638511147,1.0,0.0,0
7.210666666666667,0.01860704764927056,7.17,7.25,0.08000000000000007,7.21,0.0002500694637398815,1.0,0.0,0
7.219,0.015242484486898338,7.17,7.25,0.08000000000000007,7.23,0.00046179494303962964,1.0,0.0,0
7.268666666666666,0.06484511461080843,7.07,7.38,0.3099999999999996,7.29,0.000948041122533942,1.0,0.0,0
7.3581666666666665,0.033341249060119066,7.27,7.4,0.13000000000000078,7.38,0.0016196165601555057,1.0,0.0,0
7.385666666666667,0.011599808427536969,7.38,7.42,0.040000000000000036,7.38,0.0001594887468740568,1.0,0.0,0
7.185,0.31204967553259855,6.33,7.42,1.0899999999999999,7.38,-0.012467907752153487,0.7166666666666667,0.0,0
7.183833333333333,0.1445578507803095,6.79,7.38,0.5899999999999999,7.2,0.00592414559599878,0.9,0.0,0
7.367666666666667,0.024790231050870724,7.3,7.4,0.10000000000000053,7.38,0.0007240900250068928,1.0,0.0,0
7.364333333333334,0.025584283369982395,7.3,7.42,0.1200000000000001,7.36,-0.0007007502083912981,1.0,0.0,0
7.334833333333334,0.03019335835724289,7.29,7.38,0.08999999999999986,7.32,-0.0003298138371770909,1.0,0.0,0
7.3115,0.029654960237145377,7.27,7.38,0.11000000000000032,7.3,-0.00038816337871631885,1.0,0.0,0
7.324666666666666,0.026549743668986586,7.27,7.38,0.11000000000000032,7.32,0.0009869408168934988,1.0,0.0,0
7.375666666666667,0.03461053147365532,7.23,7.42,0.1899999999999995,7.38,0.0003489858293969364,1.0,0.0,0
7.0605,0.2806208889825084,5.99,7.38,1.3899999999999997,7.109999999999999,-0.005870797443734377,0.7333333333333333,0.016666666666666666,0
7.173333333333335,0.033349995835415515,7.1,7.25,0.15000000000000036,7.17,0.0016021116976937828,1.0,0.0,0
7.257000000000001,0.04528796749689685,7.21,7.38,0.16999999999999993,7.23,0.0012303417616004338,1.0,0.0,0
7.378333333333333,0.05713045500334211,7.25,7.47,0.21999999999999975,7.38,0.0019483189774937228,1.0,0.0,0
6.679333333333332,0.5152535513921493,6.12,7.42,1.2999999999999998,6.37,-0.02426507363156438,0.38333333333333336,0.0,0
6.665500000000001,0.10613552656862824,6.44,6.86,0.41999999999999993,6.7,0.005088357877188081,0.0,0.0,0
6.743666666666667,0.040040257519429336,6.68,6.86,0.1800000000000006,6.73,-0.0011125312586830105,0.0,0.0,0
6.754333333333333,0.06914638256786992,6.64,6.93,0.29000000000000004,6.73,-0.0012848013337038856,0.0,0.0,0
6.706166666666666,0.06303680582714272,6.62,6.86,0.2400000000000002,6.7,0.0006482356210057811,0.0,0.0,0
6.673666666666666,0.09906170916263371,6.53,6.94,0.41000000000000014,6.66,-0.003248124479022,0.0,0.0,0
5.369000000000001,1.4449886966109227,2.37,6.97,4.6,5.73,-0.07621950541817184,0.0,0.65,0
2.3986666666666663,0.7398996929013795,1.61,4.28,2.67,2.075,0.023118644067796602,0.0,1.0,0
3.5525,0.14704449439993778,3.31,3.85,0.54,3.55,-0.004747707696582395,0.0,1.0,0
3.7984999999999998,0.11812175921480347,3.55,4.0,0.4500000000000002,3.8,0.005176160044456769,0.0,1.0,0
4.062333333333333,0.12187926630709409,3.76,4.22,0.45999999999999996,4.08,0.005785495971103081,0.0,1.0,0
4.259833333333334,0.07564151564378441,4.11,4.41,0.2999999999999998,4.24,0.00350791886635169,0.0,1.0,0
4.469666666666666,0.06392617269597448,4.36,4.59,0.22999999999999954,4.48,0.0030336204501249875,0.0,1.0,0
4.6735,0.06407872761949421,4.54,4.83,0.29000000000000004,4.67,0.00300666851903304,0.0,1.0,0
4.772166666666666,0.04494780924089124,4.66,4.85,0.1899999999999995,4.779999999999999,0.0002481244790219332,0.0,1.0,0
4.8823333333333325,0.04371752763162884,4.76,4.97,0.20999999999999996,4.89,0.0012670186162822969,0.0,1.0,0
4.965666666666669,0.02312045751181301,4.9,5.02,0.11999999999999922,4.97,0.00014337315921084557,0.0,1.0,0
5.009833333333332,0.029296852314805947,4.9,5.05,0.14999999999999947,5.02,0.0008883023061961355,0.0,1.0,0
5.045666666666666,0.034850474251515606,4.98,5.12,0.13999999999999968,5.03,0.001166990830786261,0.0,1.0,0
5.097166666666666,0.038257533753352314,5.0,5.18,0.17999999999999972,5.09,-0.0008666296193387574,0.0,1.0,0
5.082166666666667,0.020663306178397928,5.02,5.12,0.10000000000000053,5.09,-0.00015809947207565253,0.0,1.0,0
5.090000000000001,0.020976176963402923,5.03,5.13,0.09999999999999964,5.09,0.0004151153098082795,0.0,1.0,0
5.112333333333334,0.018651779778050392,5.05,5.13,0.08000000000000007,5.12,-1.4448457904981302e-05,0.0,1.0,0
5.125333333333334,0.017172329163188397,5.07,5.16,0.08999999999999986,5.13,3.8899694359235e-06,0.0,1.0,0
5.126166666666666,0.016841582137343658,5.07,5.16,0.08999999999999986,5.13,-4.529035843294588e-05,0.0,1.0,0
5.124166666666666,0.028124228384477135,5.05,5.2,0.15000000000000036,5.12,0.0008594053903861998,0.0,1.0,0
5.074166666666667,0.02888434793370885,4.97,5.12,0.15000000000000036,5.07,-0.0005993331480966972,0.0,1.0,0
5.019333333333334,0.03515995196558461,4.96,5.09,0.1299999999999999,5.02,-0.00010336204501253586,0.0,1.0,0
5.058333333333333,0.023249850656629066,5.02,5.1,0.08000000000000007,5.07,8.335648791330724e-05,0.0,1.0,0
5.1315,0.02080264406271488,5.09,5.18,0.08999999999999986,5.13,0.0004337315921088357,0.0,1.0,0
5.1815,0.029767151918403758,5.13,5.27,0.13999999999999968,5.18,0.0012050569602667163,0.0,1.0,0
5.221333333333333,0.02872087897138395,5.15,5.27,0.11999999999999922,5.23,0.0005851625451514209,0.0,1.0,0
5.236666666666667,0.022335820757001152,5.18,5.28,0.10000000000000053,5.23,3.5565434842989635e-05,0.0,1.0,0
5.252166666666666,0.025696411336129224,5.2,5.29,0.08999999999999986,5.25,0.0008193942761878365,0.0,1.0,0
5.316666666666666,0.041055517967205746,5.23,5.38,0.14999999999999947,5.31,0.0014237288135592638,0.0,1.0,0
5.335833333333334,0.039803335985260806,5.25,5.43,0.17999999999999972,5.33,0.00016421228118918913,0.0,1.0,0
5.364999999999999,0.04783652718721687,5.25,5.46,0.20999999999999996,5.38,0.0005312586829674594,0.0,1.0,0
5.404166666666667,0.055054266158239086,5.27,5.53,0.2600000000000007,5.42,0.0009755487635453797,0.0,1.0,0
5.448999999999999,0.039059783238859225,5.35,5.55,0.20000000000000018,5.46,0.0007413170325089776,0.0,1.0,0
5.4765,0.034632595436476746,5.4,5.59,0.1899999999999995,5.48,-0.0009933314809669684,0.0,1.0,0
5.466666666666667,0.02624669291337273,5.38,5.51,0.1299999999999999,5.46,-0.0003634342873020786,0.0,1.0,0
5.483166666666668,0.015437148556503343,5.43,5.51,0.08000000000000007,5.48,3.25090302861543e-05,0.0,1.0,0
5.485500000000001,0.016168384788427814,5.46,5.51,0.04999999999999982,5.48,-0.00022923034176165863,0.0,1.0,0
5.4911666666666665,0.017425237125757734,5.43,5.51,0.08000000000000007,5.5,0.00037093637121411336,0.0,1.0,0
5.527333333333332,0.02023747898221407,5.48,5.57,0.08999999999999986,5.53,0.0007696582383995437,0.0,1.0,0
5.5938333333333325,0.028757124721053306,5.53,5.64,0.10999999999999943,5.59,0.0013523200889135256,0.0,1.0,0
5.639499999999999,0.029856601726697952,5.57,5.68,0.10999999999999943,5.64,-0.00010308419005284428,0.0,1.0,0
5.654999999999999,0.018211717839530395,5.61,5.7,0.08999999999999986,5.66,-0.00024006668519036778,0.0,1.0,0
5.670833333333333,0.01934697794373986,5.63,5.71,0.08000000000000007,5.68,0.0006749096971380233,0.0,1.0,0
5.685,0.01774823934929888,5.64,5.72,0.08000000000000007,5.68,0.0007135315365379021,0.0,1.0,0
5.746499999999999,0.03767514653809136,5.66,5.81,0.14999999999999947,5.74,0.0018835787718810388,0.0,1.0,0
5.831000000000001,0.019638397762207344,5.77,5.86,0.09000000000000075,5.83,0.000457904973603733,0.0,1.0,0
5.900666666666667,0.032034703404623985,5.83,5.96,0.1299999999999999,5.9,0.0014615170880800275,0.0,1.0,0
5.936333333333332,0.03276007054666116,5.88,5.99,0.11000000000000032,5.94,-0.0011514309530425539,0.0,1.0,0
6.118166666666665,0.12924771650680025,5.89,6.3,0.41000000000000014,6.16,0.004161989441511437,0.0,0.25,0
6.249666666666667,0.08064255838093323,5.96,6.36,0.40000000000000036,6.27,0.0038871908863572883,0.0,0.016666666666666666,0
6.348833333333334,0.027024166139874833,6.27,6.4,0.13000000000000078,6.35,0.00031258682967489883,0.0,0.0,0
6.335999999999999,0.04111771718695814,6.22,6.4,0.1800000000000006,6.35,-0.0001972770213948741,0.0,0.0,0
6.3445,0.030790961877364867,6.27,6.4,0.13000000000000078,6.35,-0.00023701028063355926,0.0,0.0,0
6.347333333333333,0.030597748646301194,6.29,6.4,0.11000000000000032,6.36,2.3339816615701897e-05,0.0,0.0,0
6.345166666666667,0.03725997256514764,6.23,6.4,0.16999999999999993,6.36,0.00021978327313142078,0.0,0.0,0
6.325166666666667,0.054999747474167804,6.2,6.4,0.20000000000000018,6.35,-0.0008877465962768061,0.0,0.0,0
6.3420000000000005,0.03385262175962165,6.27,6.38,0.11000000000000032,6.36,-0.00023117532647964719,0.0,0.0,0
6.339166666666667,0.032367250252205465,6.25,6.38,0.1299999999999999,6.355,0.00012975826618503286,0.0,0.0,0
6.297999999999999,0.06038211655780217,6.17,6.38,0.20999999999999996,6.3,-0.001632120033342619,0.0,0.0,0
6.342500000000001,0.02843853020111986,6.27,6.38,0.11000000000000032,6.35,-0.00012364545707144262,0.0,0.0,0
6.334500000000001,0.03062814609690458,6.23,6.36,0.1299999999999999,6.35,-0.00023423173103648254,0.0,0.0,0
6.338333333333335,0.024232668491567848,6.27,6.36,0.09000000000000075,6.35,-0.00026451792164491645,0.0,0.0,0
6.321666666666667,0.03679522915934732,6.18,6.36,0.1800000000000006,6.33,0.00042567379827723,0.0,0.0,0
6.335,0.04326276304937851,6.2,6.38,0.17999999999999972,6.35,0.0007190886357321091,0.0,0.0,0
6.331333333333335,0.037481847458321574,6.18,6.36,0.1800000000000006,6.35,8.613503751037056e-05,0.0,0.0,0
6.342500000000001,0.02233271143412735,6.27,6.36,0.09000000000000075,6.35,3.63989997220912e-05,0.0,0.0,0
6.308000000000001,0.05319147801418313,6.17,6.36,0.1900000000000004,6.33,-0.00016282300639070438,0.0,0.0,0
6.335166666666666,0.029011013234440573,6.25,6.36,0.11000000000000032,6.35,-0.00022923034176164521,0.0,0.0,0
6.330666666666667,0.03015883876338006,6.22,6.36,0.14000000000000057,6.35,0.0005734926368434895,0.0,0.0,0
6.321333333333333,0.02923848301278441,6.23,6.36,0.1299999999999999,6.33,0.0002411781050291073,0.0,0.0,0
6.319166666666667,0.032623696227674,6.2,6.35,0.14999999999999947,6.33,0.000284801333703783,0.0,0.0,0
6.316833333333334,0.03273589603002923,6.2,6.36,0.16000000000000014,6.32,0.0007265907196442779,0.0,0.0,0
6.321833333333332,0.024392052439723484,6.25,6.35,0.09999999999999964,6.33,-0.0003048068908030384,0.0,0.0,0
6.3085,0.03548826096988505,6.18,6.35,0.16999999999999993,6.32,0.0002120033342594665,0.0,0.0,0
6.305666666666666,0.031324466830613844,6.22,6.36,0.14000000000000057,6.32,0.0008246735204222983,0.0,0.0,0
6.253500000000001,0.02488808282424868,6.22,6.33,0.11000000000000032,6.25,-0.0005304251180883713,0.0,0.0,0
6.295166666666666,0.05087539243637878,6.2,6.38,0.17999999999999972,6.3,0.001619616560155519,0.0,0.0,0
6.448666666666667,0.1216753421564488,6.29,6.62,0.33000000000000007,6.51,0.006103917754931852,0.0,0.0,0
6.6083333333333325,0.045795438880113545,6.51,6.71,0.20000000000000018,6.62,0.002333425951653139,0.0,0.0,0
6.714333333333332,0.03818231120412816,6.62,6.77,0.14999999999999947,6.720000000000001,-0.001090302861906142,0.0,0.0,0
6.634333333333332,0.04558386654167117,6.51,6.7,0.1900000000000004,6.66,-0.0018916365657127383,0.0,0.0,0
6.643666666666666,0.07890852650731447,6.53,6.84,0.3099999999999996,6.63,0.0013948318977493814,0.0,0.0,0
6.593166666666667,0.025461845093306828,6.53,6.64,0.10999999999999943,6.6,-0.0012161711586552645,0.0,0.0,0
6.503333333333334,0.02157673644357627,6.45,6.57,0.1200000000000001,6.51,-0.0009652681300361609,0.0,0.0,0
6.496833333333333,0.016071887118678803,6.45,6.53,0.08000000000000007,6.5,0.00022534037232557421,0.0,0.0,0
6.470666666666667,0.023584363935078324,6.42,6.57,0.15000000000000036,6.47,0.00024284523478740428,0.0,0.0,0
6.4511666666666665,0.02739170596285578,6.4,6.51,0.10999999999999943,6.44,-0.001117810502917499,0.0,0.0,0
6.456166666666666,0.012661183023538934,6.42,6.48,0.0600000000000005,6.45,-0.00015976660183388247,0.0,0.0,0
6.409000000000001,0.1927839896533596,5.61,6.66,1.0499999999999998,6.44,0.004656849124756859,0.0,0.05,0
6.594,0.3890895355399148,5.09,6.94,1.8500000000000005,6.67,0.005557099194220523,0.0,0.08333333333333333,0
6.786166666666665,0.06345842908725544,6.64,6.91,0.27000000000000046,6.79,-0.0004454015004168475,0.0,0.0,0
6.752999999999999,0.21381689986216404,5.7,6.96,1.2599999999999998,6.81,-0.005041956098916436,0.0,0.03333333333333333,0
6.842166666666666,0.11581726507256548,6.5,7.01,0.5099999999999998,6.87,0.0008243956654626201,0.016666666666666666,0.0,0
6.462333333333333,0.35290870711213057,5.55,7.06,1.5099999999999998,6.529999999999999,0.006714087246457298,0.016666666666666666,0.13333333333333333,0
7.165999999999999,0.1492670984064026,6.88,7.38,0.5,7.21,0.008265073631564196,0.8166666666666667,0.0,0
7.016166666666667,0.1052155195565538,6.73,7.25,0.5199999999999996,7.01,-0.001023339816615724,0.5666666666666667,0.0,0
7.244666666666666,0.07638644440533207,7.07,7.38,0.3099999999999996,7.25,0.004195609891636545,1.0,0.0,0
7.374333333333334,0.013211947455070911,7.34,7.4,0.0600000000000005,7.38,0.0001028063350929918,1.0,0.0,0
7.343166666666667,0.06962977492104619,7.09,7.4,0.3100000000000005,7.38,-0.002424284523478736,1.0,0.0,0
7.372666666666665,0.054920144047719166,7.23,7.45,0.21999999999999975,7.38,0.0026179494303972843,1.0,0.0,0
7.3469999999999995,0.21476576387621318,6.27,7.47,1.2000000000000002,7.4,-0.006335648791331003,0.95,0.0,0
6.879499999999999,0.25237158450718383,6.03,7.23,1.2000000000000002,6.94,0.008155876632397774,0.4166666666666667,0.0,0
7.152666666666665,0.10706488167876942,6.93,7.34,0.41000000000000014,7.17,0.004472353431508682,0.8833333333333333,0.0,0
7.292666666666667,0.060851367189972805,7.1,7.36,0.2600000000000007,7.3,0.0010991942206167954,1.0,0.0,0
7.200666666666667,0.03953338954464814,7.1,7.29,0.1900000000000004,7.19,-0.00030786329535986034,1.0,0.0,0
7.036333333333333,0.09875840329927482,6.75,7.23,0.4800000000000004,7.04,0.002566268407891043,0.7,0.0,0
6.797833333333332,0.246827143744137,6.25,7.19,0.9400000000000004,6.895,-0.00533953876076697,0.21666666666666667,0.0,0
6.686999999999999,0.196301638641488,6.2,7.03,0.8300000000000001,6.71,-0.008208391219783319,0.016666666666666666,0.0,0
6.5329999999999995,0.17830965574901808,6.18,6.9,0.7200000000000006,6.515000000000001,0.008721311475409778,0.0,0.0,0
6.725666666666666,0.08815453602749107,6.5,6.91,0.41000000000000014,6.73,-0.001257015837732743,0.0,0.0,0
6.8305,0.1633342687048047,6.14,7.03,0.8900000000000006,6.84,-0.000714365101417084,0.05,0.0,0
6.596166666666668,0.2310129265262492,6.16,6.97,0.8099999999999996,6.625,0.012403167546540615,0.0,0.0,0
6.846666666666668,0.08644201653259964,6.7,7.03,0.33000000000000007,6.86,-0.0026207279799945354,0.03333333333333333,0.0,0
6.9076666666666675,0.059536170145177744,6.78,7.03,0.25,6.9,0.0016115587663239402,0.05,0.0,0
6.944166666666669,0.04435807580237095,6.88,7.04,0.16000000000000014,6.93,-3.028619060858141e-05,0.15,0.0,0
6.946666666666666,0.05140255073653661,6.83,7.06,0.22999999999999954,6.94,-0.001555432064462379,0.15,0.0,0
6.907833333333333,0.06387726947479484,6.77,7.06,0.29000000000000004,6.9,-0.0015012503473187662,0.1,0.0,0
6.942833333333332,0.042114592350976005,6.84,7.04,0.20000000000000018,6.94,0.0008955265351485994,0.11666666666666667,0.0,0
6.947333333333333,0.03902420901041921,6.86,7.03,0.16999999999999993,6.94,9.558210614052796e-05,0.13333333333333333,0.0,0
6.986833333333334,0.04275868982505844,6.91,7.07,0.16000000000000014,6.97,0.00010086135037507026,0.38333333333333336,0.0,0
6.983833333333334,0.04726138898603048,6.91,7.07,0.16000000000000014,6.97,-0.0010261183662128544,0.36666666666666664,0.0,0
6.945999999999999,0.04219794623754413,6.9,7.07,0.16999999999999993,6.93,-0.00020338983050850455,0.11666666666666667,0.0,0
6.959666666666667,0.03463941236350422,6.91,7.03,0.1200000000000001,6.94,0.0002500694637398815,0.2,0.0,0
6.954499999999999,0.03303659586983291,6.9,7.01,0.10999999999999943,6.94,-7.641011392060203e-05,0.18333333333333332,0.0,0
6.944000000000001,0.03251666239535248,6.88,7.01,0.1299999999999999,6.94,-0.00018560711308706338,0.06666666666666667,0.0,0
6.918000000000002,0.04186486195685666,6.84,6.99,0.15000000000000036,6.91,0.000606279522089389,0.0,0.0,0
6.924666666666666,0.03046673960603948,6.88,6.99,0.11000000000000032,6.91,0.00010614059460957235,0.0,0.0,0
6.908666666666667,0.03680881536926839,6.79,6.99,0.20000000000000018,6.9,0.00026340650180601606,0.0,0.0,0
6.9048333333333325,0.030303556813607833,6.84,6.97,0.1299999999999999,6.9,3.473186996383444e-05,0.0,0.0,0
6.882,0.04452714527865757,6.81,6.96,0.15000000000000036,6.88,-0.0012214504028897667,0.0,0.0,0
6.8889999999999985,0.03548238999842031,6.81,6.96,0.15000000000000036,6.88,2.222839677685512e-05,0.0,0.0,0
6.6575,0.2769995487360946,5.76,6.93,1.17,6.77,-0.009558488469019244,0.0,0.05,0
6.8875,0.04863554941261244,6.75,6.97,0.21999999999999975,6.890000000000001,0.002667685468185577,0.0,0.0,0
7.1468333333333325,0.06517902696079136,6.99,7.23,0.2400000000000002,7.17,0.0035240344540149954,0.9833333333333333,0.0,0
7.225333333333335,0.011756794725699009,7.19,7.25,0.05999999999999961,7.23,0.0003467629897193233,1.0,0.0,0
7.247,0.016258331197675956,7.23,7.29,0.05999999999999961,7.25,0.0005484856904694906,1.0,0.0,0
7.258666666666667,0.014772346537439971,7.23,7.29,0.05999999999999961,7.27,0.00014337315921085896,1.0,0.0,0
7.253833333333334,0.027874221463965804,7.21,7.3,0.08999999999999986,7.25,0.0014278966379549056,1.0,0.0,0
7.257333333333334,0.02600427315312259,7.23,7.32,0.08999999999999986,7.25,-0.0011664351208669182,1.0,0.0,0
7.227333333333333,0.02351358945139776,7.17,7.27,0.09999999999999964,7.23,-0.00010113920533485571,1.0,0.0,0
7.245333333333332,0.02012185103038182,7.21,7.29,0.08000000000000007,7.23,-0.0003212003334259949,1.0,0.0,0
7.245666666666667,0.019353437822659456,7.21,7.29,0.08000000000000007,7.25,-0.0004106696304529862,1.0,0.0,0
7.248000000000001,0.02644491129373138,7.19,7.3,0.10999999999999943,7.23,0.0011964434565156605,1.0,0.0,0
7.305166666666667,0.01056593057373048,7.29,7.32,0.03000000000000025,7.3,0.00013086968602386622,1.0,0.0,0
7.275666666666668,0.029685387351729393,7.23,7.32,0.08999999999999986,7.29,-0.0014904140038900571,1.0,0.0,0
7.225000000000002,0.01617611407806794,7.17,7.25,0.08000000000000007,7.23,-0.00014059460961383588,1.0,0.0,0
7.218999999999999,0.035435387209210245,7.16,7.29,0.1299999999999999,7.23,0.001821061405946035,1.0,0.0,0
7.230666666666666,0.02308438625757424,7.17,7.27,0.09999999999999964,7.23,0.0007124201166990017,1.0,0.0,0
7.274333333333333,0.0162651638650078,7.23,7.3,0.0699999999999994,7.27,-0.00018894137260353665,1.0,0.0,0
7.233333333333335,0.00977525219907665,7.21,7.27,0.05999999999999961,7.23,-0.00020116699083079758,1.0,0.0,0
7.188166666666668,0.026171973984058353,7.12,7.23,0.11000000000000032,7.19,-0.001246179494304007,1.0,0.0,0
7.1051666666666655,0.019450078548827385,7.07,7.16,0.08999999999999986,7.1,-0.0008393998332870248,1.0,0.0,0
7.129500000000001,0.039388026945591834,7.04,7.17,0.1299999999999999,7.14,0.002049736037788203,1.0,0.0,0
7.157166666666668,0.01592604435787152,7.1,7.19,0.09000000000000075,7.16,0.00019588774659625528,1.0,0.0,0
7.126333333333334,0.023235509223791317,7.09,7.17,0.08000000000000007,7.12,-0.0007085301472632524,1.0,0.0,0
7.083333333333335,0.021421692017412744,7.01,7.16,0.15000000000000036,7.09,3.667685468182301e-05,1.0,0.0,0
7.101000000000001,0.035809682117177936,7.04,7.19,0.15000000000000036,7.09,-0.0018293970547374528,1.0,0.0,0
7.033666666666665,0.02408088222820935,6.96,7.07,0.11000000000000032,7.04,-0.0003489858293971509,0.9333333333333333,0.0,0
7.0025,0.030034702151566863,6.93,7.04,0.11000000000000032,7.01,-0.0012195054181717915,0.5666666666666667,0.0,0
6.953166666666666,0.0201239216412264,6.88,6.99,0.11000000000000032,6.96,-9.974993053631735e-05,0.0,0.0,0
6.930166666666667,0.022022084874557715,6.83,6.97,0.13999999999999968,6.94,-0.0002058905251458897,0.0,0.0,0
6.923000000000001,0.028005951748393224,6.83,6.97,0.13999999999999968,6.93,-0.000794109474854146,0.0,0.0,0
6.585333333333334,0.20091844669472794,6.25,6.88,0.6299999999999999,6.5600000000000005,-0.007415948874687509,0.0,0.0,0
6.7379999999999995,0.07129282338823921,6.58,6.84,0.2599999999999998,6.75,0.0031686579605445494,0.0,0.0,0
6.681833333333333,0.21979150473927683,5.97,6.91,0.9400000000000004,6.75,0.010415393164767897,0.0,0.016666666666666666,0
6.862166666666666,0.10470739653381177,6.35,6.96,0.6100000000000003,6.9,-0.0013023061961657022,0.0,0.0,0
6.878500000000002,0.3132880729722513,5.84,7.29,1.4500000000000002,6.925000000000001,0.01638427340928031,0.4,0.016666666666666666,0
7.291333333333333,0.06943742186714276,7.16,7.4,0.2400000000000002,7.3,0.003110864128924597,1.0,0.0,0
7.2943333333333324,0.05024495552347074,7.21,7.38,0.16999999999999993,7.295,-0.00016060016671302425,1.0,0.0,0
7.264499999999999,0.04573200921309557,7.17,7.36,0.1900000000000004,7.27,-0.0004353987218672265,1.0,0.0,0
7.221999999999999,0.07091779278385173,7.1,7.38,0.28000000000000025,7.23,0.00043789941650447756,1.0,0.0,0
7.2225,0.04410687777055484,7.12,7.38,0.2599999999999998,7.220000000000001,-0.0005732147818839051,1.0,0.0,0
7.103833333333335,0.06231884858442824,6.99,7.23,0.2400000000000002,7.109999999999999,-0.0019185884968047123,0.9666666666666667,0.0,0
7.145500000000001,0.0493769514382302,7.03,7.23,0.20000000000000018,7.14,0.000734926368435602,1.0,0.0,0
6.930833333333333,0.1437160587949571,6.71,7.21,0.5,6.9,-0.0055996110030564995,0.2833333333333333,0.0,0
6.848166666666666,0.046957131750376656,6.75,6.93,0.17999999999999972,6.86,-0.0014567935537650157,0.0,0.0,0
6.804833333333333,0.04364598746989489,6.68,6.88,0.20000000000000018,6.81,-0.0008821894970825721,0.0,0.0,0
6.604666666666668,0.41907225576928325,5.5,6.94,1.4400000000000004,6.78,-0.014740761322589665,0.0,0.15,0
6.866833333333332,0.5387810058105447,5.7,7.38,1.6799999999999997,7.165,0.025337315921089117,0.6,0.1,0
6.9479999999999995,0.3426504535723444,6.12,7.4,1.2800000000000002,6.9350000000000005,-0.013489302584051196,0.4166666666666667,0.0,0
6.850333333333334,0.15959288483165188,6.38,7.09,0.71,6.890000000000001,-0.0028080022228397345,0.13333333333333333,0.0,0
7.042833333333333,0.08292751185355932,6.79,7.19,0.40000000000000036,7.0649999999999995,0.003872464573492602,0.75,0.0,0
7.19,0.08140434058861162,7.09,7.4,0.3100000000000005,7.16,0.001524312308974696,1.0,0.0,0
7.1935,0.07719725815510983,7.1,7.44,0.34000000000000075,7.16,-0.0007982772992498817,1.0,0.0,0
7.116333333333333,0.11526732214966894,6.81,7.38,0.5700000000000003,7.1,-0.0010191719922201358,0.9,0.0,0
7.1125,0.07489158831270709,7.01,7.34,0.33000000000000007,7.09,-0.00027979994442902615,1.0,0.0,0
7.069500000000001,0.08343510452241704,6.9,7.3,0.39999999999999947,7.08,-0.0027443734370658705,0.7833333333333333,0.0,0
7.133166666666668,0.047204931474958904,7.04,7.25,0.20999999999999996,7.14,0.0008193942761877158,1.0,0.0,0
7.156666666666667,0.0455216676124923,7.09,7.27,0.17999999999999972,7.14,0.0008430119477631628,1.0,0.0,0
7.114833333333333,0.17704511352257715,6.47,7.3,0.8300000000000001,7.17,-0.0038752431230898395,0.8666666666666667,0.0,0
7.010666666666667,0.12143402415395044,6.55,7.17,0.6200000000000001,7.04,0.004442900805779323,0.6666666666666666,0.0,0
7.166666666666668,0.050979298630806004,6.99,7.23,0.2400000000000002,7.17,-0.00022672964712421986,0.9833333333333333,0.0,0
7.168666666666666,0.04684964128879642,7.07,7.27,0.1999999999999993,7.17,0.0009841622672964354,1.0,0.0,0
7.209333333333334,0.027680719322702284,7.16,7.27,0.10999999999999943,7.21,0.0003206446235064776,1.0,0.0,0
7.233666666666668,0.02073376205344521,7.19,7.3,0.10999999999999943,7.23,0.0002000555709918972,1.0,0.0,0
7.238166666666666,0.02552721858896662,7.19,7.32,0.1299999999999999,7.23,-0.0005181994998611103,1.0,0.0,0
7.224166666666668,0.025579397091322398,7.17,7.3,0.1299999999999999,7.23,0.0004742984162266626,1.0,0.0,0
7.219000000000002,0.02233830790368867,7.17,7.29,0.1200000000000001,7.21,-0.00011058627396506673,1.0,0.0,0
7.231666666666667,0.01907587190376593,7.21,7.29,0.08000000000000007,7.23,-0.00023617671575448451,1.0,0.0,0
7.209833333333333,0.028547718336536465,7.16,7.29,0.1299999999999999,7.21,-0.0008160600166713899,1.0,0.0,0
7.189000000000001,0.027549954627911887,7.16,7.27,0.10999999999999943,7.17,4.1678243956606696e-05,1.0,0.0,0
7.189833333333335,0.033341249060119045,7.14,7.27,0.1299999999999999,7.18,0.0001825507085300135,1.0,0.0,0
7.181166666666667,0.029159999237921147,7.14,7.25,0.11000000000000032,7.17,0.00011141983884411465,1.0,0.0,0
7.2059999999999995,0.019680785892167405,7.14,7.25,0.11000000000000032,7.21,0.00023951097527082372,1.0,0.0,0
7.123,0.10841740327702631,6.75,7.25,0.5,7.16,-0.004454570714087295,0.8833333333333333,0.0,0
6.907166666666667,0.028230696453014018,6.84,6.99,0.15000000000000036,6.905,-0.0011822728535704915,0.0,0.0,0
6.813666666666665,0.0456057988515593,6.73,6.91,0.17999999999999972,6.81,-0.0022222839677688636,0.0,0.0,0
6.748999999999999,0.03505709628591614,6.63,6.79,0.16000000000000014,6.77,-0.0010491803278688781,0.0,0.0,0
6.6690000000000005,0.029983328701129977,6.6,6.73,0.13000000000000078,6.66,-0.0009847179772159394,0.0,0.0,0
6.6370000000000005,0.01985782801147537,6.58,6.7,0.1200000000000001,6.64,-0.000294526257293766,0.0,0.0,0
6.636166666666666,0.01780371371995806,6.6,6.68,0.08000000000000007,6.64,-1.3892747985651768e-06,0.0,0.0,0
6.623166666666667,0.015757714160231296,6.57,6.64,0.0699999999999994,6.63,-0.00018310641844958438,0.0,0.0,0
6.600666666666668,0.020154955277107936,6.55,6.63,0.08000000000000007,6.6,-0.0002745207001945509,0.0,0.0,0
6.595833333333332,0.017822426571286194,6.55,6.62,0.07000000000000028,6.6,-0.0002731314253959991,0.0,0.0,0
6.572999999999999,0.011590225767142456,6.53,6.6,0.0699999999999994,6.575,-0.00026507363156432645,0.0,0.0,0
6.551333333333333,0.020038851153585606,6.5,6.58,0.08000000000000007,6.55,0.0002367324256737604,0.0,0.0,0
6.531166666666666,0.017989966339292854,6.47,6.57,0.10000000000000053,6.53,-0.00043817727146433,0.0,0.0,0
6.501500000000001,0.013143439428094806,6.47,6.53,0.0600000000000005,6.505,-0.00024701305918316686,0.0,0.0,0
6.4905,0.016271140095272835,6.45,6.51,0.05999999999999961,6.5,0.00013475965545977633,0.0,0.0,0
6.4705,0.01865699154026004,6.4,6.51,0.10999999999999943,6.475,-0.0005037510419561827,0.0,0.0,0
6.450833333333333,0.016562172428626374,6.4,6.48,0.08000000000000007,6.45,-0.00011253125868301507,0.0,0.0,0
6.4366666666666665,0.019804601036683904,6.38,6.47,0.08999999999999986,6.44,-0.0007918866351764525,0.0,0.0,0
6.4165,0.02488808282424879,6.36,6.45,0.08999999999999986,6.42,3.084190052791095e-05,0.0,0.0,0
6.410500000000001,0.025457480891347757,6.35,6.45,0.10000000000000053,6.42,-6.585162545153082e-05,0.0,0.0,0
6.400166666666666,0.030248507768520224,6.32,6.45,0.1299999999999999,6.4,-0.0011856071130870185,0.0,0.0,0
6.359,0.01859211302317911,6.32,6.4,0.08000000000000007,6.36,-0.0003667685468186324,0.0,0.0,0
6.350833333333335,0.015415540499408046,6.3,6.38,0.08000000000000007,6.35,1.917199221996614e-05,0.0,0.0,0
6.351666666666668,0.015073892072793412,6.3,6.4,0.10000000000000053,6.35,-0.00017338149485970856,0.0,0.0,0
6.61,0.36084622763720275,5.89,7.07,1.1800000000000006,6.63,0.013588774659627633,0.15,0.08333333333333333,0
7.253666666666667,0.09237544166185205,6.81,7.34,0.5300000000000002,7.29,0.003534870797443678,0.9666666666666667,0.0,0
7.270333333333334,0.10475314898475477,6.97,7.38,0.41000000000000014,7.32,-0.00435787718810784,0.9833333333333333,0.0,0
7.149666666666667,0.0966258534531808,6.78,7.23,0.4500000000000002,7.18,-0.0021611558766324516,0.9166666666666666,0.0,0
7.100833333333335,0.09697579881370187,6.79,7.23,0.4400000000000004,7.1,0.0036896360100027227,0.8666666666666667,0.0,0
7.177500000000001,0.057839576992459785,7.04,7.27,0.22999999999999954,7.19,0.0011650458460682727,1.0,0.0,0
7.186000000000002,0.038087618285562064,7.09,7.25,0.16000000000000014,7.19,-0.00032342317310368843,1.0,0.0,0
7.203166666666666,0.026614010512426792,7.14,7.23,0.09000000000000075,7.21,-1.3059183106483163e-05,1.0,0.0,0
7.265833333333333,0.0278263464284399,7.17,7.3,0.1299999999999999,7.27,0.0009583217560433216,1.0,0.0,0
7.269333333333334,0.01824524291120529,7.23,7.29,0.05999999999999961,7.27,0.00021005834954146454,1.0,0.0,0
7.280333333333333,0.013535960336164752,7.25,7.3,0.04999999999999982,7.29,3.0008335648728932e-05,1.0,0.0,0
7.274166666666665,0.019603712800272132,7.23,7.3,0.0699999999999994,7.27,-0.0004959711030842552,1.0,0.0,0
7.101333333333334,0.13249486363210047,6.77,7.27,0.5,7.08,-0.003994998610725224,0.85,0.0,0
6.977833333333333,0.026463286937860812,6.94,7.04,0.09999999999999964,6.97,-0.0012022784106696933,0.23333333333333334,0.0,0
6.953999999999998,0.012806248474865493,6.93,6.99,0.0600000000000005,6.96,-0.00014615170880805635,0.0,0.0,0
6.937666666666669,0.012565384549980548,6.91,6.97,0.05999999999999961,6.94,-0.00034287302028352046,0.0,0.0,0
6.9385,0.020068632240389416,6.91,6.97,0.05999999999999961,6.94,0.0007966101694914908,0.0,0.0,0
6.961166666666668,0.013795127964450048,6.93,6.99,0.0600000000000005,6.96,-0.00016198944151157602,0.0,0.0,0
6.958333333333331,0.010514540197058154,6.93,6.97,0.040000000000000036,6.96,-0.00017449291469851511,0.0,0.0,0
6.9645,0.021712131785402003,6.94,7.03,0.08999999999999986,6.96,0.0005181994998610567,0.08333333333333333,0.0,0
6.961333333333332,0.013840359661351012,6.91,6.99,0.08000000000000007,6.96,-0.0005162545151431218,0.0,0.0,0
6.793166666666667,0.2747210201074699,5.74,7.09,1.3499999999999996,6.9,-0.00632314531814401,0.11666666666666667,0.016666666666666666,0
6.9513333333333325,0.0935853739759703,6.63,7.12,0.4900000000000002,6.97,-0.0017754931925535317,0.3333333333333333,0.0,0
6.8595,0.048250215888981644,6.73,6.93,0.1999999999999993,6.88,0.0025026396221171925,0.0,0.0,0
6.901666666666666,0.031100196498128826,6.84,6.97,0.1299999999999999,6.9,0.0011141983884411734,0.0,0.0,0
6.973666666666667,0.030928232338036307,6.93,7.07,0.14000000000000057,6.97,0.0007657682689635531,0.18333333333333332,0.0,0
6.900333333333334,0.0901474101433622,6.64,7.04,0.40000000000000036,6.9350000000000005,-0.003717699360933624,0.06666666666666667,0.0,0
6.910833333333333,0.03522743564641375,6.84,6.97,0.1299999999999999,6.91,0.00027257571547646843,0.0,0.0,0
6.941166666666667,0.034307028758291155,6.88,7.01,0.1299999999999999,6.9350000000000005,0.0007810502917476092,0.1,0.0,0
7.020666666666667,0.05055909633510297,6.94,7.16,0.21999999999999975,7.03,0.0012420116699083114,0.6166666666666667,0.0,0
7.048666666666667,0.03533018853929624,6.97,7.14,0.16999999999999993,7.06,2.222839677684171e-05,0.8833333333333333,0.0,0
7.0345,0.03263050719801945,6.97,7.1,0.1299999999999999,7.04,0.0001975548763544718,0.8333333333333334,0.0,0
7.061166666666667,0.04956785472685116,6.97,7.19,0.22000000000000064,7.06,-0.0010850236176716398,0.9,0.0,0
7.024333333333332,0.03546672932325296,6.96,7.12,0.16000000000000014,7.03,0.001046401778271654,0.8,0.0,0
6.992166666666668,0.016642482453715336,6.96,7.03,0.07000000000000028,6.99,-0.0006348985829397807,0.3333333333333333,0.0,0
6.961500000000001,0.014471235837573178,6.94,7.01,0.0699999999999994,6.96,-0.00015754376215621572,0.03333333333333333,0.0,0
7.008333333333335,0.045831818156773486,6.9,7.09,0.1899999999999995,7.01,-0.0011053070297305197,0.5833333333333334,0.0,0
6.912333333333333,0.013828312341794229,6.88,6.94,0.0600000000000005,6.91,-0.00014281744929151602,0.0,0.0,0
6.955000000000001,0.06310044902111757,6.86,7.1,0.23999999999999932,6.94,0.0031058627396498536,0.23333333333333334,0.0,0
6.9965,0.07020980463344598,6.88,7.17,0.29000000000000004,6.99,-0.002420950263962276,0.48333333333333334,0.0,0
6.844333333333332,0.036440209781076996,6.79,6.96,0.16999999999999993,6.835,-0.001179772158933093,0.0,0.0,0
6.8066666666666675,0.020709632756012064,6.78,6.86,0.08000000000000007,6.81,-8.391219783279768e-05,0.0,0.0,0
6.857833333333334,0.04743738563154135,6.77,6.93,0.16000000000000014,6.86,0.0018552375659905398,0.0,0.0,0
6.873666666666667,0.0289808365802109,6.83,6.93,0.09999999999999964,6.86,-0.0010714087246457735,0.0,0.0,0
6.8805000000000005,0.024591665254715907,6.84,6.96,0.1200000000000001,6.88,-0.001038343984440236,0.0,0.0,0
6.845166666666666,0.012314174308044074,6.83,6.9,0.07000000000000028,6.84,-0.00021311475409840715,0.0,0.0,0
6.902833333333333,0.044124508181080276,6.83,6.97,0.13999999999999968,6.9,0.0009899972214503878,0.0,0.0,0
6.843166666666666,0.02912568549503278,6.79,6.93,0.13999999999999968,6.84,-0.0005937760489025572,0.0,0.0,0
6.8328333333333315,0.020823997908396355,6.81,6.9,0.09000000000000075,6.83,-1.7504862461870276e-05,0.0,0.0,0
6.867666666666667,0.11787516937657216,6.51,7.21,0.7000000000000002,6.83,0.0030569602667406895,0.18333333333333332,0.0,0
6.091333333333333,0.36300352003190767,5.23,6.84,1.6099999999999994,6.13,-0.007179216449013656,0.0,0.38333333333333336,0
6.1690000000000005,0.4624200831855526,4.18,6.79,2.6100000000000003,6.225,-0.005420394554042825,0.0,0.31666666666666665,0
5.992166666666667,0.7401420847077643,3.85,6.9,3.0500000000000003,6.095,0.012449291469852717,0.0,0.31666666666666665,0
6.2028333333333325,0.29111905735550114,5.57,6.79,1.2199999999999998,6.21,-0.0010727979994444056,0.0,0.2833333333333333,0
6.293999999999999,0.214532048887806,5.81,6.77,0.96,6.3100000000000005,-0.001816060016671372,0.0,0.05,0
6.437333333333333,0.24847445654544764,5.84,6.99,1.1500000000000004,6.4,0.006720755765490312,0.0,0.03333333333333333,0
5.876833333333333,0.7321053923825146,2.8,6.88,4.08,6.0,-0.010321478188385746,0.0,0.5,0
6.784833333333333,0.36497256365680725,5.9,7.34,1.4399999999999995,6.87,0.013930814115031906,0.38333333333333336,0.03333333333333333,0
6.973500000000001,0.33811647401450295,6.25,7.45,1.2000000000000002,7.08,-0.0026926924145596297,0.55,0.0,0
7.502333333333332,0.22873832696385238,6.83,7.77,0.9399999999999995,7.57,-0.00393776048902479,0.9166666666666666,0.0,0
6.966333333333334,0.5279329713346405,6.09,7.77,1.6799999999999997,6.835,-0.021794387329813928,0.43333333333333335,0.0,0
6.803333333333332,0.22718323490570821,6.33,7.21,0.8799999999999999,6.8,-0.003499861072520178,0.25,0.0,0
7.417666666666666,0.2746110380560516,6.51,7.71,1.2000000000000002,7.54,0.0007713253681577334,0.9,0.0,0
7.289666666666667,0.35986556131730946,6.36,7.71,1.3499999999999996,7.380000000000001,-0.00903862183939989,0.7666666666666667,0.0,0
7.0251666666666654,0.37595873739311103,5.86,7.51,1.6499999999999995,7.09,-0.0025081967213115603,0.6,0.03333333333333333,0
6.628166666666667,0.4973278317390071,5.23,7.55,2.3199999999999994,6.720000000000001,0.00538288413448178,0.2,0.11666666666666667,0
7.282166666666666,0.3444226650820504,6.75,7.9,1.1500000000000004,7.26,0.013580161155876617,0.7333333333333333,0.0,0
7.533333333333333,0.32019612045675316,6.78,7.9,1.12,7.67,-0.004124479021950606,0.9166666666666666,0.0,0
7.343166666666665,0.25873082322925667,6.77,7.7,0.9300000000000006,7.38,0.00034759655459841145,0.8666666666666667,0.0,0
6.717833333333332,0.44881730383556095,5.77,7.67,1.9000000000000004,6.71,-0.016469297026951966,0.26666666666666666,0.05,0
6.552499999999999,0.38416847432691115,5.71,7.64,1.9299999999999997,6.5600000000000005,0.007125034731869895,0.11666666666666667,0.13333333333333333,0
6.885833333333334,0.25922507380438514,6.33,7.32,0.9900000000000002,6.92,-0.0031261461517088545,0.3333333333333333,0.0,0
6.710166666666667,0.14991655086154504,6.35,6.93,0.5800000000000001,6.76,-0.003993609335926659,0.0,0.0,0
5.812166666666667,1.412237104345049,3.19,7.19,4.0,6.63,-0.06109836065573777,0.16666666666666666,0.4,0
5.937000000000001,0.6616527286525261,4.39,6.91,2.5200000000000005,6.16,0.02652347874409556,0.0,0.43333333333333335,0
6.7893333333333326,0.4832006714491287,5.72,7.52,1.7999999999999998,6.92,0.012024451236454535,0.38333333333333336,0.1,0
6.554666666666667,0.3692310327634387,6.03,7.38,1.3499999999999996,6.515000000000001,-0.015021950541817283,0.15,0.0,0
6.834833333333333,0.416307144892913,6.03,7.75,1.7199999999999998,6.79,0.010809947207557605,0.3333333333333333,0.0,0
7.199833333333333,0.7487645194288759,5.63,8.11,2.4799999999999995,7.529999999999999,-0.015370658516254621,0.6833333333333333,0.06666666666666667,0
6.9675,0.42354702611791917,6.17,7.91,1.7400000000000002,7.02,-0.014273131425396015,0.5166666666666667,0.0,0
7.402333333333334,0.357077800423879,6.73,8.21,1.4800000000000004,7.37,0.016941372603500923,0.9,0.0,0
7.611833333333333,0.33843015855892955,6.96,8.36,1.3999999999999995,7.53,-0.013105029174770813,0.9833333333333333,0.0,0
7.286333333333332,0.25038614622662775,6.9,7.83,0.9299999999999997,7.27,-0.0017893859405391029,0.8666666666666667,0.0,0
7.668166666666665,0.5568317868880052,6.7,8.51,1.8099999999999996,7.675,-0.013932481244790282,0.85,0.0,0
6.864000000000002,0.4362804908160193,5.79,7.47,1.6799999999999997,6.925000000000001,-0.019356487913309312,0.43333333333333335,0.11666666666666667,0
6.718999999999999,0.6302293233419086,5.94,8.08,2.1399999999999997,6.38,-0.01980772436787998,0.2833333333333333,0.03333333333333333,0
6.562666666666666,0.20464494998791335,6.23,7.06,0.8299999999999992,6.5600000000000005,0.0006629619338704942,0.05,0.0,0
6.452999999999999,0.2799482094959708,5.94,6.99,1.0499999999999998,6.390000000000001,-0.006914142817449356,0.0,0.05,0
6.2385,0.2319326410835698,5.86,7.01,1.1499999999999995,6.18,-0.00032092247846626304,0.016666666666666666,0.08333333333333333,0
6.292166666666666,0.18624438843149677,5.89,6.79,0.9000000000000004,6.24,0.00827146429563761,0.0,0.06666666666666667,0
6.327666666666667,0.25910336847589527,5.77,7.01,1.2400000000000002,6.27,-0.0007891080855794025,0.016666666666666666,0.06666666666666667,0
6.474999999999999,0.2945080644057137,5.96,7.17,1.21,6.390000000000001,-0.008387329813837274,0.06666666666666667,0.016666666666666666,0
6.404666666666667,0.4127689695486111,5.74,7.21,1.4699999999999998,6.390000000000001,-0.009209780494581932,0.11666666666666667,0.26666666666666666,0
6.3691666666666675,0.43565770840063056,5.53,7.16,1.63,6.3149999999999995,0.010257571547652083,0.1,0.18333333333333332,0
6.056666666666668,0.4016659751031391,5.51,7.03,1.5200000000000005,5.96,-0.009086412892470128,0.016666666666666666,0.55,0
6.403833333333332,0.3788759324927122,5.88,7.16,1.2800000000000002,6.22,-0.017691858849680497,0.08333333333333333,0.13333333333333333,0
6.305166666666667,0.4259479297858941,5.43,7.23,1.8000000000000007,6.3,-0.0027543762156155317,0.08333333333333333,0.2833333333333333,0
6.2093333333333325,0.4681127594453665,5.31,6.9,1.5900000000000007,6.355,-0.01236010002778559,0.0,0.4,0
6.492000000000002,0.43356967913666034,5.79,7.21,1.42,6.390000000000001,-0.004792442345095924,0.2,0.1,0
6.329166666666667,0.3074859978745193,5.86,6.97,1.1099999999999994,6.35,-0.0085993331480967,0.0,0.16666666666666666,0
6.977166666666665,0.267127258478468,6.57,7.71,1.1399999999999997,6.965,0.010092525701583727,0.48333333333333334,0.0,0
7.289833333333334,0.16296719165388956,6.81,7.58,0.7700000000000005,7.33,0.001481800500138867,0.9666666666666667,0.0,0
7.070000000000001,0.32506922339710964,6.4,7.6,1.1999999999999993,7.14,-0.013455404278966463,0.7,0.0,0
6.742166666666666,0.2047282073601215,6.38,7.32,0.9400000000000004,6.705,-0.002173659349819431,0.11666666666666667,0.0,0
6.628500000000002,0.2543345893372219,5.94,7.21,1.2699999999999996,6.695,0.00905112531258683,0.06666666666666667,0.016666666666666666,0
6.546833333333335,0.24197445916643534,6.05,7.38,1.33,6.48,0.0006843567657682343,0.05,0.0,0
6.548833333333334,0.23247287774897288,5.99,7.1,1.1099999999999994,6.575,0.0038230063906640145,0.05,0.016666666666666666,0
6.505166666666667,0.27953826015214606,5.89,7.12,1.2300000000000004,6.47,0.0012000555709918924,0.06666666666666667,0.06666666666666667,0
6.4751666666666665,0.18588071144927568,6.03,6.83,0.7999999999999998,6.5,0.003671853292581255,0.0,0.0,0
6.499666666666667,0.2511106440506964,6.1,7.21,1.1100000000000003,6.47,-0.007503195332036727,0.03333333333333333,0.0,0
6.405666666666667,0.3129875751882529,5.88,6.96,1.08,6.32,-0.0021794943039733297,0.0,0.08333333333333333,0
6.527666666666667,0.22476926440735223,6.03,6.99,0.96,6.5,0.006135593220338917,0.0,0.0,0
6.696666666666667,0.44545731807011796,5.76,7.51,1.75,6.785,-0.0030614059460962375,0.25,0.1,0
6.841166666666666,0.26993883051947565,6.05,7.55,1.5,6.86,0.009991942206168374,0.18333333333333332,0.0,0
7.047166666666667,0.5216547123230929,5.9,7.78,1.88,7.21,-0.016030841900527986,0.6166666666666667,0.03333333333333333,0
6.488166666666667,0.6233845567188487,5.53,7.51,1.9799999999999995,6.6899999999999995,0.03014865240344533,0.35,0.3333333333333333,0
7.376666666666666,0.3045579674800112,6.64,7.84,1.2000000000000002,7.47,-0.010258960822450702,0.8166666666666667,0.0,0
6.354166666666669,0.3697129141494639,5.66,7.45,1.79,6.27,0.004625451514309511,0.06666666666666667,0.13333333333333333,0
6.7445,0.26545197305727447,6.03,7.14,1.1099999999999994,6.835,0.004847179772158866,0.11666666666666667,0.0,0
7.064333333333334,0.20944662539389097,6.58,7.38,0.7999999999999998,7.109999999999999,-0.004112809113642795,0.6166666666666667,0.0,0
7.067666666666668,0.23404676645681075,6.66,7.6,0.9399999999999995,7.12,0.005161989441511513,0.5833333333333334,0.0,0
7.457000000000002,0.37410470904993076,6.27,8.06,1.790000000000001,7.48,0.01161933870519585,0.9,0.0,0
6.963499999999999,0.4656100836536941,6.2,7.83,1.63,6.890000000000001,0.011812447902194973,0.43333333333333335,0.0,0
7.274666666666665,0.3003912263846747,6.86,7.93,1.0699999999999994,7.14,-0.012990275076410158,0.9333333333333333,0.0,0
7.1160000000000005,0.3948847933258509,6.44,7.97,1.5299999999999994,7.01,0.005213114754098316,0.5166666666666667,0.0,0
6.781,0.35734064047255154,6.23,7.52,1.2899999999999991,6.75,0.005477632675743234,0.31666666666666665,0.0,0
7.0805,0.3924089066267482,6.32,7.64,1.3199999999999994,7.109999999999999,0.006026396221172524,0.6166666666666667,0.0,0
7.01,0.33198895563959147,6.23,7.71,1.4799999999999995,7.0649999999999995,0.0032231175326479207,0.5333333333333333,0.0,0
6.4895000000000005,0.28533854161913236,5.9,7.55,1.6499999999999995,6.46,-0.0008994165045846302,0.03333333333333333,0.03333333333333333,0
6.897166666666667,0.287095173921278,6.29,7.36,1.0700000000000003,6.95,0.010035287579883319,0.45,0.0,0
7.1066666666666665,0.3657625216205485,6.35,7.67,1.3200000000000003,7.155,-0.013149208113364912,0.6,0.0,0
6.676333333333334,0.20016631973325466,6.42,7.12,0.7000000000000002,6.635,0.005985551542094951,0.08333333333333333,0.0,0
7.245333333333334,0.38630931763146586,6.29,8.03,1.7399999999999993,7.17,0.017537093637121387,0.6833333333333333,0.0,0
6.499833333333334,0.34626816037413677,5.83,7.34,1.5099999999999998,6.43,-0.007469574881911686,0.13333333333333333,0.016666666666666666,0
6.379500000000001,0.2786540567322381,5.96,7.12,1.1600000000000001,6.34,0.011046123923312022,0.05,0.05,0
6.3633333333333315,0.39035311649269,5.57,7.19,1.62,6.33,0.014060572381216978,0.05,0.18333333333333332,0
6.5975,0.41391474565019637,6.01,7.45,1.4400000000000004,6.505,-0.007380661294804131,0.21666666666666667,0.0,0
7.050833333333333,0.4572573734294019,5.97,7.55,1.58,7.21,0.012015282022784082,0.6166666666666667,0.016666666666666666,0
5.980833333333335,0.596565983125272,4.76,7.23,2.4700000000000006,5.99,0.011451236454570655,0.1,0.5166666666666667,0
6.4591666666666665,0.7460413117843333,4.63,7.29,2.66,6.77,-0.03227146429563769,0.08333333333333333,0.18333333333333332,0
5.072500000000001,0.5980206936218845,4.39,6.27,1.88,4.83,0.02926285079188662,0.0,0.9166666666666666,0
5.7445,0.5626230976417518,4.63,6.5,1.87,5.91,-0.01560405668241184,0.0,0.5333333333333333,0
5.8821666666666665,0.5609964101687481,4.42,6.78,2.3600000000000003,6.0,0.010727146429563721,0.0,0.5,0
6.6706666666666665,0.40776164061318415,5.89,7.45,1.5600000000000005,6.68,-0.015322589608224585,0.26666666666666666,0.016666666666666666,0
5.979833333333334,0.4166872994891439,5.51,6.84,1.33,5.79,0.009578494026118298,0.0,0.6,0
5.797333333333333,0.4933047289004592,4.96,6.81,1.8499999999999996,5.615,-0.020313420394554083,0.0,0.6666666666666666,0
5.3605,0.5122838568606276,4.63,6.33,1.7000000000000002,5.27,0.01816143373159207,0.0,0.8,0
5.038333333333333,0.5012789199193953,4.61,6.29,1.6799999999999997,4.83,-0.020755209780494645,0.0,0.8666666666666667,0
5.003333333333333,0.4500320976207018,4.49,6.03,1.54,4.765,-0.0027485412614615392,0.0,0.9666666666666667,0
4.8966666666666665,0.3445512379248631,4.48,5.96,1.4799999999999995,4.79,0.00915087524312308,0.0,1.0,0
5.037833333333334,0.43217701491659893,4.57,6.25,1.6799999999999997,4.87,-0.012876632397888324,0.0,0.9166666666666666,0
4.639333333333334,0.11617324228161238,4.39,5.12,0.7300000000000004,4.64,-0.0012347874409558476,0.0,1.0,0
4.5895,0.09999041620742123,4.22,4.79,0.5700000000000003,4.6,0.0007293692692413815,0.0,1.0,0
5.229833333333333,0.4357426291848078,4.46,6.01,1.5499999999999998,5.365,0.010450402889691558,0.0,0.9833333333333333,0
4.995,0.3382725725407446,4.48,5.74,1.2599999999999998,5.0600000000000005,0.00843011947763266,0.0,1.0,0
5.1051666666666655,0.09606407005512278,4.9,5.27,0.3699999999999992,5.12,-8.335648792088271e-07,0.0,1.0,0
5.424666666666666,0.36285197471635117,4.69,6.01,1.3199999999999994,5.5,0.014910808557932751,0.0,0.9833333333333333,0
4.709333333333333,0.41229385421349934,4.35,5.92,1.5700000000000003,4.5,-0.01933592664629066,0.0,1.0,0
4.6068333333333324,0.25586775012798224,4.11,5.12,1.0099999999999998,4.63,-0.007137816060016727,0.0,1.0,0
5.763000000000002,0.7143162231579699,4.39,6.62,2.2300000000000004,6.2,0.03187996665740478,0.0,0.38333333333333336,0
5.234999999999999,0.6095367093129009,4.49,6.25,1.7599999999999998,5.0600000000000005,-0.03322811892192281,0.0,0.7666666666666667,0
5.238,0.8676477779990373,4.24,6.32,2.08,5.279999999999999,-0.0429647124201168,0.0,0.65,0
4.511666666666668,0.3496339355510115,4.15,5.35,1.1999999999999993,4.35,0.0020177827174214856,0.0,1.0,0
5.631333333333334,0.6808070374358818,4.2,6.5,2.3,5.895,0.019519866629619305,0.0,0.5833333333333334,0
6.513500000000001,0.2802666884712963,5.5,7.07,1.5700000000000003,6.58,-0.0005554320644624238,0.016666666666666666,0.08333333333333333,0
5.205333333333334,0.8518655345116909,4.24,6.77,2.5299999999999994,4.779999999999999,-0.03172714642956387,0.0,0.7,0
4.693833333333334,0.42879323559133825,4.22,5.59,1.37,4.52,-0.005900805779383186,0.0,1.0,0
4.488333333333333,0.21375349249908304,4.24,4.92,0.6799999999999997,4.4,0.005299249791608727,0.0,1.0,0
5.333500000000001,0.7270507203765084,4.42,6.6,2.1799999999999997,5.025,0.03684106696304525,0.0,0.7,0
6.0151666666666666,0.4220051013383078,4.7,6.57,1.87,6.14,0.0016351764378993606,0.0,0.2833333333333333,0
6.373333333333334,0.3732008693570915,5.53,7.21,1.6799999999999997,6.32,0.004980272297860466,0.08333333333333333,0.1,0
5.413333333333333,0.5472831889331964,4.56,6.42,1.8600000000000003,5.345000000000001,-0.006179494303973392,0.0,0.7666666666666667,0
5.846500000000001,0.48575654052896367,4.92,6.48,1.5600000000000005,6.08,0.005959711030841891,0.0,0.45,0
4.727833333333335,0.37603231982843655,4.22,5.55,1.33,4.625,-5.084745762716636e-05,0.0,1.0,0
4.216499999999999,0.24043588889071169,4.07,5.38,1.3099999999999996,4.15,0.003469019171992187,0.0,1.0,0
5.8225,0.3594190914981192,5.02,6.3,1.2800000000000002,5.87,-0.011112253403723285,0.0,0.65,0
5.506666666666667,0.37054764276075963,5.15,6.42,1.2699999999999996,5.35,0.016213948318977475,0.0,0.8166666666666667,0
5.260833333333333,0.587018715393489,4.24,6.23,1.9900000000000002,5.32,-0.013099472075576607,0.0,0.9,0
5.593166666666667,0.8167180085902083,4.15,6.6,2.4499999999999993,5.925000000000001,-0.0009944429008058688,0.0,0.5166666666666667,0
5.1850000000000005,0.28133313586091013,4.72,6.09,1.37,5.15,-0.007168657960544638,0.0,0.9833333333333333,0
5.115166666666667,0.1746090076586989,4.72,5.57,0.8500000000000005,5.125,-0.0011511530980828487,0.0,1.0,0
4.253,0.2297339040426264,4.05,5.03,0.9800000000000004,4.18,-0.00812614615170883,0.0,1.0,0
4.425833333333333,0.4354510751954678,3.96,5.55,1.5899999999999999,4.23,-0.003565156988052259,0.0,1.0,0
4.029,0.040112342240263214,3.93,4.11,0.18000000000000016,4.03,0.0008163378716309609,0.0,1.0,0
4.6835,0.621958800886361,3.98,6.03,2.0500000000000003,4.35,-0.013614615170880829,0.0,0.9833333333333333,0
4.138000000000001,0.057497826045860186,3.98,4.22,0.23999999999999977,4.15,-0.0013498193942761809,0.0,1.0,0
4.292833333333333,0.09881112735359761,4.0,4.44,0.4400000000000004,4.31,0.0025493192553487035,0.0,1.0,0
4.862333333333335,0.660720229917491,4.09,6.5,2.41,4.765,0.02391831064184494,0.0,0.9166666666666666,0
4.936166666666666,0.7466371087899545,3.95,6.42,2.4699999999999998,4.984999999999999,-0.006235898860794685,0.0,0.9166666666666666,0
4.026333333333333,0.3102524062042961,3.83,5.5,1.67,3.955,-0.008453459294248416,0.0,1.0,0
3.996,0.04355838993045234,3.89,4.07,0.18000000000000016,4.01,0.0004751319811058245,0.0,1.0,0
4.000166666666666,0.050082986687652264,3.89,4.08,0.18999999999999995,4.0,-0.0008871908863573424,0.0,1.0,0
5.342333333333333,0.6145007910672061,4.07,6.47,2.3999999999999995,5.46,0.03152597943873293,0.0,0.8666666666666667,0
6.215999999999999,0.3251420202516638,5.7,6.84,1.1399999999999997,6.165,0.007921089191442044,0.0,0.26666666666666666,0
5.835166666666667,0.7115932631933934,4.57,6.93,2.3599999999999994,6.095000000000001,-0.00924784662406232,0.0,0.4666666666666667,0
6.1899999999999995,0.24633987361637846,5.72,6.66,0.9400000000000004,6.095000000000001,-0.009383717699360998,0.0,0.2,0
5.774833333333333,0.8461412247504683,4.05,6.78,2.7300000000000004,5.945,-0.02565907196443466,0.0,0.55,0
4.248500000000001,0.31899229353282715,3.98,5.03,1.0500000000000003,4.11,-0.0031922756321200365,0.0,1.0,0
4.211666666666667,0.15424187354786498,3.96,4.56,0.5999999999999996,4.13,0.006272297860516769,0.0,1.0,0
4.414666666666665,0.49181794282934505,3.78,5.44,1.6600000000000006,4.335,-0.02373437065851633,0.0,1.0,0
4.13,0.4164652846676819,3.85,5.23,1.3800000000000003,3.925,-0.01659349819394277,0.0,1.0,0
4.323666666666667,0.4040955607554013,3.85,5.43,1.5799999999999996,4.3,0.008646846346207266,0.0,1.0,0
5.142833333333332,0.6018778715173223,4.61,6.45,1.8399999999999999,4.81,-0.020903862183940018,0.0,0.85,0
6.448166666666666,0.2901292336566969,5.68,6.93,1.25,6.55,0.013594609613781531,0.0,0.06666666666666667,0
6.629499999999999,0.10428206940792842,6.36,6.9,0.54,6.635,-0.00019144206724094862,0.0,0.0,0
6.490166666666667,0.09933934545564281,6.35,6.81,0.45999999999999996,6.47,-0.0003275909974993839,0.0,0.0,0
6.614166666666668,0.1796319539750344,6.25,6.97,0.7199999999999998,6.58,0.00025145873853840646,0.0,0.0,0
6.775,0.10025800051201234,6.6,7.09,0.4900000000000002,6.77,-0.0028313420394554638,0.08333333333333333,0.0,0
6.898000000000001,0.22885075194691118,6.38,7.25,0.8700000000000001,6.83,-0.004350097249235925,0.38333333333333336,0.0,0
6.204166666666666,0.1016577864974226,6.03,6.38,0.34999999999999964,6.17,0.003922478466240546,0.0,0.0,0
6.567666666666667,0.18935299193716368,6.27,7.06,0.79,6.6,0.008187274242845176,0.03333333333333333,0.0,0
6.8805000000000005,0.06780916850495465,6.7,7.04,0.33999999999999986,6.88,0.0007688246735203751,0.03333333333333333,0.0,0
6.840000000000001,0.12322066926183019,6.51,7.09,0.5800000000000001,6.84,0.0033592664629063292,0.13333333333333333,0.0,0
6.848833333333333,0.16261500204129045,6.51,7.17,0.6600000000000001,6.85,0.0014756876910252098,0.16666666666666666,0.0,0
6.843500000000001,0.28565028152153693,6.27,7.34,1.0700000000000003,6.835,0.008674909697138026,0.3333333333333333,0.0,0
7.302333333333334,0.22442048827046862,6.79,7.68,0.8899999999999997,7.32,-0.004397888302306243,0.8833333333333333,0.0,0
6.879333333333333,0.12117297095016238,6.57,7.23,0.6600000000000001,6.85,-0.00017782717421516273,0.13333333333333333,0.0,0
6.9748333333333346,0.17557991216410715,6.51,7.4,0.8900000000000006,6.97,0.0007143651014170036,0.4166666666666667,0.0,0
7.203499999999999,0.14957523190689034,6.81,7.47,0.6600000000000001,7.23,0.003402333981661501,0.9,0.0,0
7.126166666666666,0.25005393862569375,6.53,7.57,1.04,7.16,0.0036835232008890924,0.7333333333333333,0.0,0
7.324666666666667,0.31077036895788857,6.79,7.8,1.0099999999999998,7.41,-0.01255348707974438,0.75,0.0,0
6.993166666666666,0.20810647648633035,6.47,7.52,1.0499999999999998,6.965,0.004845512642400596,0.45,0.0,0
7.553333333333333,0.42219532078042843,6.62,8.03,1.4099999999999993,7.74,-0.010954153931647753,0.8166666666666667,0.0,0
6.899666666666666,0.12217428352789941,6.57,7.14,0.5699999999999994,6.91,-0.0013192553487079615,0.15,0.0,0
7.387666666666666,0.2534848231266628,6.63,7.73,1.1000000000000005,7.5,-0.0039410947485413435,0.9,0.0,0
6.8925,0.32304089008462483,6.45,7.49,1.04,6.79,-0.01051041956098923,0.35,0.0,0
7.0445,0.29511819666025335,6.51,7.6,1.0899999999999999,7.055,0.008468185607113063,0.5833333333333334,0.0,0
7.053333333333333,0.29161999626606927,6.42,7.57,1.1500000000000004,7.09,0.006554598499583214,0.5666666666666667,0.0,0
6.972666666666666,0.39435967790274346,6.22,7.6,1.38,6.93,0.013274242845234773,0.43333333333333335,0.0,0
6.036333333333333,0.947223955684305,4.36,7.65,3.29,5.87,-0.03376938038343993,0.25,0.6666666666666666,0
6.838833333333333,0.3303336276487085,5.96,7.38,1.42,6.85,0.0152806335093081,0.3,0.03333333333333333,0
7.113833333333334,0.14242064067012505,6.78,7.42,0.6399999999999997,7.09,-0.007096693525979503,0.7833333333333333,0.0,0
6.438166666666666,0.6890028825935507,4.59,7.36,2.7700000000000005,6.63,0.01745401500416777,0.25,0.23333333333333334,0
7.0344999999999995,0.4506899340640599,6.47,7.65,1.1800000000000006,6.77,-0.021066685190330735,0.48333333333333334,0.0,0
6.094833333333333,1.063208182290227,3.83,6.84,3.01,6.64,-0.04733287024173386,0.0,0.23333333333333334,0
4.090833333333333,0.16533089715947094,3.77,4.36,0.5900000000000003,4.13,0.008584884690191679,0.0,1.0,0
6.105999999999999,0.5065675341617015,4.24,6.62,2.38,6.25,0.022187829952764613,0.0,0.23333333333333334,0
6.774333333333333,0.16558348012072,6.35,7.06,0.71,6.8,0.0006718532925811746,0.06666666666666667,0.0,0
7.080333333333334,0.04516512912512141,6.97,7.19,0.22000000000000064,7.09,0.001448735759933303,0.9666666666666667,0.0,0
7.105499999999998,0.11726643452696375,6.62,7.21,0.5899999999999999,7.14,-0.00308335648791332,0.9166666666666666,0.0,0
6.811833333333333,0.15576148076109483,6.35,7.1,0.75,6.86,-0.0018057793831620594,0.03333333333333333,0.0,0
7.005499999999999,0.17279491697770896,6.64,7.38,0.7400000000000002,7.025,-0.0007115865518199537,0.5333333333333333,0.0,0
6.924499999999998,0.16788314388288056,6.45,7.17,0.7199999999999998,6.94,-0.0022308974715199597,0.36666666666666664,0.0,0
