mean_ph,std_ph,min_ph,max_ph,range_ph,median_ph,slope,above_7_ratio,below_6_ratio,label
6.291916666666666,0.1581365224172526,5.99,6.64,0.6499999999999995,6.31,0.0002726925480935804,0.0,0.016666666666666666,1
6.352,0.29623639209253144,3.56,6.69,3.1300000000000003,6.35,-0.0003232168900618059,0.0,0.016666666666666666,1
6.31875,0.07964046814695827,6.15,6.59,0.4399999999999995,6.31,-0.0009254462115424908,0.0,0.0,1
6.26075,0.08592790097905724,5.94,6.44,0.5,6.28,-0.00015615667754707697,0.0,0.008333333333333333,1
6.307166666666668,0.1198901117227309,6.02,6.67,0.6500000000000004,6.29,0.001739009653448168,0.0,0.0,1
6.2530833333333335,0.11395025108450718,6.01,6.61,0.6000000000000005,6.24,-0.002272553649558976,0.0,0.0,1
6.209583333333333,0.14705098794484708,5.99,6.59,0.5999999999999996,6.17,0.002730015973331489,0.0,0.016666666666666666,1
6.1821666666666655,0.22040184260169476,5.46,6.56,1.0999999999999996,6.24,0.0008222793249531152,0.0,0.15,1
6.33775,0.1358704192726781,5.99,6.85,0.8599999999999994,6.33,0.0014602055698312143,0.0,0.008333333333333333,1
6.3071666666666655,0.11868855135278306,6.1,6.56,0.45999999999999996,6.31,0.0016514341273699677,0.0,0.0,1
5.011666666666667,1.700136432433847,1.39,6.48,5.090000000000001,5.87,0.03250086811584137,0.0,0.625,1
6.41425,0.15561524400477825,6.03,6.75,0.7199999999999998,6.42,0.0030358010972984096,0.0,0.0,1
6.514666666666667,0.1130923909416053,6.17,6.79,0.6200000000000001,6.53,-0.0010518091534134227,0.0,0.0,1
6.584916666666667,0.1207821443297348,6.31,6.93,0.6200000000000001,6.59,8.177651225778064e-05,0.0,0.0,1
6.499083333333334,0.09334520013845857,6.31,6.77,0.45999999999999996,6.49,-0.0008047433849573146,0.0,0.0,1
6.401250000000001,0.11001183648438324,6.07,6.72,0.6499999999999995,6.38,2.2536287242155004e-05,0.0,0.0,1
6.1185,1.1087971335340534,1.57,6.79,5.22,6.42,-0.014870616015001044,0.0,0.1,1
4.946166666666667,1.2178691660254626,1.3,6.24,4.94,5.25,0.02595874713521772,0.0,0.8833333333333333,1
6.234833333333333,0.13006397998250283,5.99,6.53,0.54,6.24,0.002060004166956068,0.0,0.016666666666666666,1
6.439333333333334,0.11893789228930458,6.1,6.7,0.6000000000000005,6.46,0.0011609139523578065,0.0,0.0,1
6.3015,0.11696616319830848,6.03,6.7,0.6699999999999999,6.29,0.0011338981873741099,0.0,0.0,1
6.468833333333333,0.1577137878845375,6.03,6.78,0.75,6.48,-0.0010608375581637765,0.0,0.0,1
6.311416666666668,0.12179419686047809,6.05,6.62,0.5700000000000003,6.31,0.001119070768803374,0.0,0.0,1
6.365333333333334,0.1553379827630348,6.1,6.79,0.6900000000000004,6.33,0.0016026807417181626,0.0,0.0,1
6.303833333333333,0.13015492904825218,5.97,6.58,0.6100000000000003,6.33,-0.0020197930411834392,0.0,0.016666666666666666,1
5.2891666666666675,1.631381103714137,1.39,6.45,5.0600000000000005,6.15,-0.027545662893256464,0.0,0.35833333333333334,1
5.676083333333334,0.3085754792411232,4.92,6.19,1.2700000000000005,5.62,0.005885235085769841,0.0,0.725,1
6.312083333333334,0.17564593093936326,5.76,6.69,0.9300000000000006,6.32,0.003372630043753017,0.0,0.03333333333333333,1
6.4679166666666665,0.12381367609795331,6.17,6.72,0.5499999999999998,6.47,0.0008342593235641225,0.0,0.0,1
6.435583333333333,0.16500401931131525,5.94,7.01,1.0699999999999994,6.42,0.0006907076880338377,0.008333333333333333,0.016666666666666666,1
6.5365,0.2180468221888745,6.21,7.04,0.8300000000000001,6.49,0.0040549343704423795,0.041666666666666664,0.0,1
6.42925,0.126538284720475,6.17,6.77,0.5999999999999996,6.4,0.00021928606153207578,0.0,0.0,1
6.310333333333333,0.184318263398455,5.81,6.79,0.9800000000000004,6.29,-0.0006413639836099678,0.0,0.06666666666666667,1
6.2540000000000004,0.15184641363342544,6.02,6.81,0.79,6.21,-0.00066337940134731,0.0,0.0,1
6.452083333333334,0.2112892797143817,6.05,6.93,0.8799999999999999,6.45,0.002482568233905147,0.0,0.0,1
6.561000000000001,0.25712318707836,6.1,7.1,1.0,6.49,0.00277276199736094,0.08333333333333333,0.0,1
6.39275,0.2502330996624281,5.88,6.91,1.0300000000000002,6.375,0.005698347107437989,0.0,0.041666666666666664,1
5.783916666666666,1.5449737299996038,1.28,7.23,5.95,6.44,-0.027179561080630615,0.025,0.25,1
6.692583333333333,0.1564155567355398,5.85,7.02,1.17,6.72,0.0022131745260087618,0.016666666666666666,0.008333333333333333,1
6.480083333333335,0.17759737157089037,5.91,6.83,0.9199999999999999,6.48,-0.0014549274255156734,0.0,0.008333333333333333,1
6.4045,0.17551282004457683,5.88,6.7,0.8200000000000003,6.44,0.0025849711785540736,0.0,0.016666666666666666,1
6.402166666666667,0.2532034206368908,5.81,7.1,1.29,6.42,-0.0018369331203556005,0.016666666666666666,0.075,1
6.462833333333333,0.17997769923582824,6.01,6.94,0.9300000000000006,6.45,-0.00044898951316061655,0.0,0.0,1
6.30375,0.22333854160593658,5.67,6.83,1.1600000000000001,6.31,0.002594173206472661,0.0,0.08333333333333333,1
6.362416666666666,0.14510913038889808,5.96,6.77,0.8099999999999996,6.359999999999999,0.0009706576845614553,0.0,0.008333333333333333,1
6.337916666666667,0.17352183260007625,6.01,6.79,0.7800000000000002,6.33,-0.0019710743801652974,0.0,0.0,1
6.3300833333333335,0.16514385563972872,5.92,6.79,0.8700000000000001,6.33,-0.001150322939092995,0.0,0.008333333333333333,1
6.231999999999999,0.1468706914261658,5.96,6.67,0.71,6.21,0.0005477463712757684,0.0,0.025,1
6.2227500000000004,0.3603007135250591,4.45,6.83,2.38,6.32,-0.004297555385790686,0.0,0.225,1
6.273166666666667,0.21204945701939967,5.8,6.78,0.9800000000000004,6.215,0.0007671366067087879,0.0,0.06666666666666667,1
6.430666666666667,0.2093272292103655,5.89,6.75,0.8600000000000003,6.48,-0.0021995971942495862,0.0,0.03333333333333333,1
6.128583333333334,0.14600967909316453,5.78,6.45,0.6699999999999999,6.12,0.00012789082575178238,0.0,0.19166666666666668,1
6.244416666666666,0.31527975892671717,4.86,6.86,2.0,6.27,-0.0003308215848322813,0.0,0.11666666666666667,1
6.4830000000000005,0.17147691778584465,5.99,6.81,0.8199999999999994,6.49,0.003935828877005325,0.0,0.008333333333333333,1
6.219333333333333,0.2641203429415379,5.8,6.83,1.0300000000000002,6.125,-0.006402458504062783,0.0,0.2,1
6.008916666666666,0.322239030931319,5.42,6.85,1.4299999999999997,5.94,-0.0036234807972775735,0.0,0.575,1
5.59575,0.18739736079607236,5.28,6.1,0.8199999999999994,5.56,0.0021108757552607883,0.0,0.9833333333333333,1
6.2459999999999996,0.25346728914529915,5.42,6.67,1.25,6.29,0.000118897145635111,0.0,0.125,1
6.0209166666666665,0.4055284532420492,5.05,6.69,1.6400000000000006,5.965,0.00042055003819706986,0.0,0.5166666666666667,1
5.688416666666666,0.38182674044941145,5.13,6.51,1.38,5.62,0.006928640877838742,0.0,0.7166666666666667,1
5.703166666666666,0.2959757403722286,4.22,6.24,2.0200000000000005,5.755,0.0008840197235918945,0.0,0.9,1
6.389916666666667,0.18515532143461488,5.97,6.74,0.7700000000000005,6.42,0.0019823251614695574,0.0,0.025,1
6.053250000000001,0.33018722592896693,5.19,6.64,1.4499999999999993,6.03,0.002564726717133119,0.0,0.43333333333333335,1
6.328833333333334,0.14439634883041733,5.94,6.59,0.6499999999999995,6.37,0.0013698173484270148,0.0,0.016666666666666666,1
6.3548333333333344,0.19790142046539794,6.01,6.62,0.6100000000000003,6.44,0.0034963539134662304,0.0,0.0,1
6.27475,0.17608692219090738,5.8,6.67,0.8700000000000001,6.29,0.0014456212236960767,0.0,0.08333333333333333,1
6.339083333333334,0.13903833903719592,6.01,6.64,0.6299999999999999,6.37,-0.001264636433085621,0.0,0.0,1
6.34375,0.12856945269645773,5.97,6.65,0.6800000000000006,6.31,0.0012427599138829049,0.0,0.016666666666666666,1
6.265,0.13951105093623709,6.07,6.72,0.6499999999999995,6.22,-0.002706299048545035,0.0,0.0,1
6.21325,0.1617516743859756,6.01,6.69,0.6800000000000006,6.15,0.0032629002014028484,0.0,0.0,1
5.945166666666667,0.26827219800460544,5.0,6.69,1.6900000000000004,6.02,-0.004973400930620199,0.0,0.4083333333333333,1
6.336083333333333,0.2511417124298993,5.85,6.78,0.9300000000000006,6.38,-0.00257493575942772,0.0,0.08333333333333333,1
5.983833333333333,0.04741981536118505,5.91,6.13,0.21999999999999975,5.99,-0.0011322314049586615,0.0,0.5916666666666667,1
6.029166666666667,0.11960757593991375,5.8,6.26,0.45999999999999996,6.04,0.002595110771581357,0.0,0.4166666666666667,1
6.240583333333333,0.23244818717774987,5.78,6.83,1.0499999999999998,6.26,0.0038125911521633034,0.0,0.2,1
6.335999999999999,0.09350044563173664,6.17,6.62,0.4500000000000002,6.34,6.139315230222326e-05,0.0,0.0,1
6.328166666666666,0.11387115038010684,6.08,6.65,0.5700000000000003,6.33,0.00023800263907215657,0.0,0.0,1
6.531166666666667,0.16363670805238728,5.99,6.81,0.8199999999999994,6.56,-0.0003997499826376904,0.0,0.008333333333333333,1
6.27425,0.2540395720486608,5.99,6.74,0.75,6.12,-0.006133168970067389,0.0,0.008333333333333333,1
5.991,0.062228075121550444,5.73,6.22,0.4899999999999993,5.99,-0.0007744287797763756,0.0,0.525,1
5.881916666666666,0.04754464276399138,5.71,6.03,0.3200000000000003,5.88,-0.0003439474963538958,0.0,0.9666666666666667,1
5.831666666666666,0.034213382696768845,5.78,5.94,0.16000000000000014,5.83,-0.0004461420932008927,0.0,1.0,1
5.821333333333333,0.022580719405919956,5.76,5.91,0.15000000000000036,5.82,0.00010688242239043538,0.0,1.0,1
5.838499999999999,0.025646637206464373,5.8,5.92,0.1200000000000001,5.83,8.528370025697184e-05,0.0,1.0,1
5.853916666666667,0.03688486214635432,5.81,6.01,0.20000000000000018,5.85,4.479477741494458e-06,0.0,0.9916666666666667,1
5.867583333333332,0.035962847341233846,5.8,5.97,0.16999999999999993,5.86,-0.00011337592888396251,0.0,1.0,1
5.869249999999999,0.028435966075846045,5.81,5.99,0.1800000000000006,5.86,-0.0001373359261059959,0.0,1.0,1
5.87475,0.03214453037972921,5.81,6.03,0.22000000000000064,5.88,-0.00010997291478575744,0.0,0.9916666666666667,1
5.8847499999999995,0.027476126000584623,5.83,5.99,0.16000000000000014,5.88,1.9619418015155733e-05,0.0,1.0,1
5.903583333333333,0.03951362282667702,5.85,6.03,0.1800000000000006,5.89,0.000329988193624543,0.0,0.9666666666666667,1
5.912583333333333,0.04075323777184939,5.86,6.02,0.15999999999999925,5.89,-7.351204944788499e-05,0.0,0.9583333333333334,1
5.922499999999999,0.045866654554262025,5.85,6.05,0.20000000000000018,5.915,-0.00010403500243072095,0.0,0.9416666666666667,1
5.90625,0.03898851326566158,5.83,6.03,0.20000000000000018,5.89,-1.0104868393633793e-05,0.0,0.9833333333333333,1
5.915499999999999,0.04277557714397322,5.85,6.08,0.23000000000000043,5.91,0.0002736995624695991,0.0,0.9416666666666667,1
5.906583333333333,0.04378918879764223,5.83,6.02,0.1899999999999995,5.89,0.0002118549899298525,0.0,0.975,1
5.911416666666666,0.03389434154676694,5.85,6.01,0.16000000000000014,5.91,-0.00014191957774844355,0.0,0.9916666666666667,1
5.904416666666666,0.042363424344854655,5.83,6.01,0.17999999999999972,5.89,-2.5105910132668877e-05,0.0,0.9833333333333333,1
5.953583333333333,0.1668222398909157,5.55,6.29,0.7400000000000002,5.965,-0.0013976317799847201,0.0,0.55,1
5.633833333333333,0.11202070741112505,5.44,6.05,0.6099999999999994,5.62,-5.382318216544914e-05,0.0,0.9833333333333333,1
5.642416666666667,0.05223338385447468,5.53,5.78,0.25,5.64,6.878949927077821e-05,0.0,1.0,1
5.690499999999999,0.04722022871609155,5.59,5.81,0.21999999999999975,5.69,0.0001398013750954907,0.0,1.0,1
5.706333333333333,0.05464938751308703,5.57,5.83,0.2599999999999998,5.71,-3.333564830915528e-06,0.0,1.0,1
5.7375,0.059305002599555845,5.59,5.89,0.2999999999999998,5.73,-0.00030335439961108493,0.0,1.0,1
5.722666666666667,0.05662351298022948,5.6,5.86,0.2600000000000007,5.72,-0.0002973817626224084,0.0,1.0,1
5.7410000000000005,0.06662582082045965,5.57,5.92,0.34999999999999964,5.73,0.0003099520800055228,0.0,1.0,1
5.7435,0.06759746050456822,5.62,5.94,0.3200000000000003,5.725,-0.00027800541704287913,0.0,1.0,1
5.753833333333334,0.06644776561747995,5.59,5.91,0.3200000000000003,5.75,-0.0005032293909299301,0.0,1.0,1
5.732833333333334,0.06464239235121857,5.59,5.88,0.29000000000000004,5.73,0.00044405861518159875,0.0,1.0,1
5.755750000000001,0.0723494125753623,5.57,5.92,0.34999999999999964,5.75,-0.00011990416001112026,0.0,1.0,1
5.792416666666666,0.11180336781848545,5.57,6.05,0.47999999999999954,5.78,0.0015734773248142237,0.0,0.975,1
5.900083333333333,0.08953114759059493,5.64,6.03,0.39000000000000057,5.92,0.0003954788526981023,0.0,0.9083333333333333,1
5.746666666666667,0.13466831682157304,5.51,6.03,0.5200000000000005,5.71,-0.0023453017570664878,0.0,0.975,1
5.778833333333334,0.2782390558893957,5.08,6.13,1.0499999999999998,5.845000000000001,-0.0022657823459962295,0.0,0.7,1
5.881833333333333,0.1512612713890182,5.23,6.07,0.8399999999999999,5.91,0.0009572192513368682,0.0,0.8,1
5.8726666666666665,0.11060239097274926,5.39,6.08,0.6900000000000004,5.885,-0.0002445308701993143,0.0,0.9166666666666666,1
5.758416666666667,0.1546070062736126,5.35,5.97,0.6200000000000001,5.81,-0.0021563650253489676,0.0,1.0,1
6.192583333333332,0.1524166211044219,5.51,6.35,0.8399999999999999,6.24,-0.0011596291409125918,0.0,0.10833333333333334,1
5.764333333333332,0.7585938014217857,2.84,6.78,3.9400000000000004,5.94,0.004771789707618569,0.0,0.6,1
5.8196666666666665,0.17679994972347202,5.4,6.33,0.9299999999999997,5.8,0.00016799777762344865,0.0,0.8666666666666667,1
5.85975,0.1796267542247906,5.34,6.22,0.8799999999999999,5.88,-0.0007718244322522264,0.0,0.75,1
5.907416666666665,0.10297650082529622,5.72,6.17,0.4500000000000002,5.86,0.0020008681158413767,0.0,0.7666666666666667,1
6.1821666666666655,0.1422157008053455,5.81,6.56,0.75,6.18,0.0023926661573720593,0.0,0.025,1
6.1898333333333335,0.1550859080925437,5.89,6.53,0.6400000000000006,6.17,-0.000843808597819308,0.0,0.1,1
6.330583333333334,0.15879911751084208,5.91,6.67,0.7599999999999998,6.33,-0.0013960344468365992,0.0,0.03333333333333333,1
6.355083333333332,0.13221822764740962,5.88,6.56,0.6799999999999997,6.38,-0.0006302173762066988,0.0,0.016666666666666666,1
6.268583333333334,0.3486433130324203,5.35,6.65,1.3000000000000007,6.43,-0.007091082714077369,0.0,0.225,1
6.2846666666666655,0.143247648807542,5.76,6.56,0.7999999999999998,6.29,-0.0014856587263004533,0.0,0.016666666666666666,1
6.208666666666667,0.10098624768859481,5.94,6.42,0.47999999999999954,6.19,0.0007207444961455526,0.0,0.025,1
6.22525,0.10245293634965602,5.89,6.48,0.5900000000000007,6.24,0.0007748802000138801,0.0,0.025,1
6.325500000000001,0.12303014535741505,5.94,6.51,0.5699999999999994,6.33,0.0010948676991457706,0.0,0.025,1
6.3375,0.11038757478387991,6.01,6.54,0.5300000000000002,6.359999999999999,0.0012329328425584858,0.0,0.0,1
6.2636666666666665,0.09023056885310851,5.91,6.45,0.54,6.27,-0.001443711368845049,0.0,0.016666666666666666,1
6.305583333333334,0.15293133444639642,5.75,6.64,0.8899999999999997,6.31,0.0018987776928952999,0.0,0.025,1
6.465000000000001,0.16457014715109586,6.15,6.86,0.71,6.45,0.0023139106882422308,0.0,0.0,1
6.6202499999999995,0.213461403615111,6.17,6.97,0.7999999999999998,6.62,0.005249427043544695,0.0,0.0,1
6.179833333333333,0.38165644091104883,3.83,6.7,2.87,6.27,0.0054241266754635675,0.0,0.15,1
6.426500000000001,0.14659268967675934,6.1,6.72,0.6200000000000001,6.38,0.0019915271893881257,0.0,0.0,1
6.375583333333333,0.07602407330722438,6.17,6.51,0.33999999999999986,6.38,-0.0006507049100631811,0.0,0.0,1
6.350416666666667,0.13490364359629267,6.08,6.58,0.5,6.37,0.0029325300368080996,0.0,0.0,1
6.416250000000001,0.17205649508228393,6.05,6.81,0.7599999999999998,6.41,0.0026302173762066923,0.0,0.0,1
6.464333333333334,0.11642403341044129,6.17,6.85,0.6799999999999997,6.45,7.875546912977168e-05,0.0,0.0,1
6.406583333333333,0.1158914422590766,6.19,6.64,0.4499999999999993,6.375,-0.002529793735676083,0.0,0.0,1
6.500916666666668,0.13480229865333238,6.17,6.77,0.5999999999999996,6.49,0.0022799847211611712,0.0,0.0,1
6.44375,0.1562853293392143,5.99,6.72,0.7299999999999995,6.48,-0.003510139593027331,0.0,0.008333333333333333,1
6.394333333333334,0.08953335815338452,5.99,6.53,0.54,6.42,0.0003398152649489244,0.0,0.008333333333333333,1
6.273166666666667,0.1220108146390675,5.91,6.56,0.6499999999999995,6.28,0.0018646433780123432,0.0,0.016666666666666666,1
6.332833333333334,0.12390980142381354,5.88,6.69,0.8100000000000005,6.33,-0.002443155774706593,0.0,0.008333333333333333,1
6.184333333333334,0.1424180076004748,5.96,6.77,0.8099999999999996,6.15,0.0019117994305159894,0.0,0.008333333333333333,1
6.318166666666667,0.22909598910112378,5.44,6.78,1.3399999999999999,6.35,0.0011011181332036856,0.0,0.075,1
6.4277500000000005,0.13719488875318933,5.73,6.75,1.0199999999999996,6.445,-0.00010150010417393664,0.0,0.025,1
6.380166666666667,0.12660952658557037,5.97,6.62,0.6500000000000004,6.38,-0.0005741370928536707,0.0,0.008333333333333333,1
6.389666666666668,0.1506703539371815,5.89,6.67,0.7800000000000002,6.37,0.0024801027849155957,0.0,0.016666666666666666,1
6.4318333333333335,0.18059154342204276,5.83,6.64,0.8099999999999996,6.51,-0.0012296687269949351,0.0,0.03333333333333333,1
6.326499999999999,0.22972320300744553,5.85,6.74,0.8900000000000006,6.3,-0.0054087089381206965,0.0,0.03333333333333333,1
6.218000000000001,0.1267517258265149,5.76,6.49,0.7300000000000004,6.22,-0.00011486908813112104,0.0,0.05,1
6.444333333333334,0.15835473539563708,5.97,6.65,0.6800000000000006,6.47,0.00027126883811377735,0.0,0.008333333333333333,1
6.474416666666667,0.21064898066583557,6.03,6.75,0.7199999999999998,6.54,0.0004926383776651141,0.0,0.0,1
6.458583333333333,0.18138033627956723,6.01,6.77,0.7599999999999998,6.47,-0.0001717133134245226,0.0,0.0,1
6.52925,0.19641436853414435,5.94,6.78,0.8399999999999999,6.574999999999999,-0.0011198347107437944,0.0,0.016666666666666666,1
6.384916666666666,0.15775506242977505,5.94,6.69,0.75,6.37,-0.0028989860406972642,0.0,0.008333333333333333,1
6.2772499999999996,0.12946661410057292,6.05,6.64,0.5899999999999999,6.28,0.0005380581984860131,0.0,0.0,1
5.86925,0.8619949366633968,3.26,6.94,3.6800000000000006,6.18,0.008216369192305008,0.0,0.2916666666666667,1
6.401750000000001,0.3421833390157972,5.05,6.85,1.7999999999999998,6.51,-0.0027160566706021455,0.0,0.11666666666666667,1
6.432250000000001,0.24250588480832108,5.59,6.9,1.3100000000000005,6.51,0.0018700951454962114,0.0,0.06666666666666667,1
6.803833333333333,0.21528346945880963,5.92,7.22,1.2999999999999998,6.86,0.003600319466629605,0.15,0.008333333333333333,1
6.609083333333333,0.2983956987886313,5.59,6.99,1.4000000000000004,6.65,-0.0016664004444753393,0.0,0.075,1
6.700916666666668,0.19598467556305404,6.33,7.08,0.75,6.67,-0.003951559136051126,0.058333333333333334,0.0,1
6.301999999999999,0.18873967962955396,6.03,6.83,0.7999999999999998,6.26,-0.001233557885964318,0.0,0.0,1
6.209333333333333,0.0992365300123341,6.01,6.51,0.5,6.21,-0.0003993332870338495,0.0,0.0,1
6.214583333333334,0.21534815157992163,5.91,6.62,0.71,6.17,0.003007396346968536,0.0,0.23333333333333334,1
5.682749999999999,0.830272006132127,1.85,6.33,4.48,5.92,0.003130807694978824,0.0,0.6083333333333333,1
5.8823333333333325,0.1619193900954697,5.5,6.26,0.7599999999999998,5.86,0.0009637474824640542,0.0,0.7333333333333333,1
5.89175,0.2045672770345574,5.67,6.45,0.7800000000000002,5.81,0.004152753663448854,0.0,0.775,1
6.38725,0.10222493580335477,6.17,6.59,0.41999999999999993,6.4,-0.001139697201194539,0.0,0.0,1
6.39475,0.128950652706116,6.03,6.61,0.5800000000000001,6.4,0.002096013612056389,0.0,0.0,1
6.430250000000001,0.08192946661610825,6.19,6.65,0.45999999999999996,6.45,0.00033165497603998193,0.0,0.0,1
6.442666666666668,0.10562301937656501,6.17,6.78,0.6100000000000003,6.44,0.001712202236266406,0.0,0.0,1
6.475916666666667,0.1039590931835958,6.26,6.78,0.5200000000000005,6.46,0.0006850822973817737,0.0,0.0,1
6.427666666666667,0.06626629778569364,6.28,6.56,0.27999999999999936,6.44,-0.001180984790610495,0.0,0.0,1
6.458333333333334,0.12259236880364494,6.26,6.85,0.5899999999999999,6.45,0.0022059865268421273,0.0,0.0,1
6.421583333333333,0.11864509986603838,6.12,6.77,0.6499999999999995,6.44,-0.000989200638933265,0.0,0.0,1
6.309583333333333,0.10996511441765922,6.12,6.58,0.45999999999999996,6.29,0.0014556913674560845,0.0,0.0,1
6.014583333333333,0.24246957140135247,5.39,6.53,1.1400000000000006,6.075,-0.002284915619140189,0.0,0.39166666666666666,1
6.1119166666666676,0.20737363957091773,5.81,6.69,0.8800000000000008,6.09,0.0032220640322244438,0.0,0.36666666666666664,1
6.25625,0.12682049321777616,5.97,6.62,0.6500000000000004,6.22,0.000660358358219301,0.0,0.008333333333333333,1
6.2722500000000005,0.15248749948766294,6.03,6.69,0.6600000000000001,6.22,-0.001672025835127469,0.0,0.0,1
6.3235,0.1512759619591516,6.02,6.72,0.7000000000000002,6.31,0.001426835196888697,0.0,0.0,1
6.330500000000001,0.1667825430513238,5.97,6.7,0.7300000000000004,6.33,-0.0020398638794360525,0.0,0.025,1
6.237916666666666,0.2644487846866047,5.91,6.79,0.8799999999999999,6.135,-0.004437356760886195,0.0,0.11666666666666667,1
6.420583333333334,0.22100262379035732,5.97,6.79,0.8200000000000003,6.37,-0.0008446072643933733,0.0,0.008333333333333333,1
6.492750000000001,0.32282854711647385,5.8,6.91,1.1100000000000003,6.55,0.005877248420029155,0.0,0.09166666666666666,1
6.31475,0.2744599621681336,5.73,6.91,1.1799999999999997,6.3,-0.0026166747690811805,0.0,0.11666666666666667,1
6.5295,0.14992692664539398,6.17,6.99,0.8200000000000003,6.53,-0.002199249947913035,0.0,0.0,1
6.364416666666666,0.1007786008480416,6.15,6.7,0.5499999999999998,6.37,-0.0018353010625738251,0.0,0.0,1
6.425166666666667,0.1839247279610753,6.08,6.79,0.71,6.42,0.0008004028057504181,0.0,0.0,1
6.352416666666667,0.1233828447916845,6.17,6.74,0.5700000000000003,6.33,-0.0026217445655948527,0.0,0.0,1
6.469916666666666,0.209210802116483,6.12,6.95,0.8300000000000001,6.49,0.004598062365442009,0.0,0.0,1
6.549000000000001,0.1585107777618502,6.02,6.94,0.9200000000000008,6.55,0.001139593027293567,0.0,0.0,1
4.9045000000000005,1.8638615157784657,1.52,7.02,5.5,4.705,-0.03670567400513925,0.008333333333333333,0.5166666666666667,1
5.68475,0.6745911879303889,4.21,6.67,2.46,5.8,0.018148933953746792,0.0,0.6,1
6.231999999999999,0.26489494773085676,5.62,6.69,1.0700000000000003,6.29,-0.005979373567608891,0.0,0.225,1
6.1885,0.18318319609978786,5.88,6.65,0.7700000000000005,6.17,0.001786026807417179,0.0,0.15,1
6.1457500000000005,0.2233557047252954,5.6,6.61,1.0100000000000007,6.12,-0.00020491006319881618,0.0,0.30833333333333335,1
6.217083333333333,0.25152665807469043,5.75,6.79,1.04,6.140000000000001,-0.0015715327453295323,0.0,0.19166666666666668,1
6.449916666666667,0.29951487395824306,5.91,7.08,1.17,6.4,-0.0022317869296479085,0.016666666666666666,0.016666666666666666,1
6.23125,0.1699978553786292,5.75,6.64,0.8899999999999997,6.22,-0.002032884228071381,0.0,0.06666666666666667,1
6.226916666666667,0.2932598274378693,5.53,6.94,1.4100000000000001,6.19,0.0033590874366275286,0.0,0.14166666666666666,1
6.489083333333334,0.3558627915206771,5.92,7.13,1.21,6.390000000000001,-0.006257413709285349,0.10833333333333334,0.016666666666666666,1
6.307666666666666,0.6730301297531602,3.77,7.18,3.4099999999999997,6.44,-0.007735467740815346,0.06666666666666667,0.2,1
6.702250000000001,0.3474225633144744,5.92,7.43,1.5099999999999998,6.74,0.005017883186332388,0.2,0.025,1
6.647083333333334,0.278975494244367,5.91,7.16,1.25,6.71,-0.003339294395444116,0.10833333333333334,0.008333333333333333,1
6.271916666666666,0.21704183864458537,5.86,6.91,1.0499999999999998,6.29,-0.0029003750260434883,0.0,0.10833333333333334,1
6.157166666666666,0.20692262375637477,5.71,6.64,0.9299999999999997,6.125,-0.0006835891381346057,0.0,0.20833333333333334,1
6.1667499999999995,0.25935870430737434,5.6,6.77,1.17,6.17,0.0017906451836933184,0.0,0.2833333333333333,1
6.123166666666666,0.22119743568937583,5.78,6.69,0.9100000000000001,6.075,0.0009240919508299113,0.0,0.36666666666666664,1
6.068666666666667,0.25698551623691857,5.65,6.85,1.1999999999999993,5.99,-0.0039583998888811905,0.0,0.525,1
6.170916666666667,0.3685806013916389,5.46,6.86,1.4000000000000004,6.07,0.0015761858462393166,0.0,0.4166666666666667,1
5.971333333333333,0.5019062550804572,5.26,7.11,1.8500000000000005,5.755,-0.009890686853253707,0.025,0.6416666666666667,1
5.830250000000001,0.5062286415247561,4.87,6.88,2.01,5.76,-0.006667581082019599,0.0,0.7583333333333333,1
5.710416666666666,0.2761472911127119,5.07,6.31,1.2399999999999993,5.72,0.0012624835057990138,0.0,0.8333333333333334,1
6.147583333333333,0.22187457355201587,5.69,6.56,0.8699999999999992,6.17,0.0025665323980832216,0.0,0.25833333333333336,1
6.080500000000001,0.22429091971514734,5.3,6.51,1.21,6.1,0.0036671296617820756,0.0,0.2833333333333333,1
6.016166666666666,0.26250455022511304,5.35,6.45,1.1000000000000005,6.04,0.004431627196333069,0.0,0.3416666666666667,1
6.056916666666666,0.22791736745778918,5.34,6.38,1.04,6.08,-0.0014161747343565583,0.0,0.26666666666666666,1
6.210583333333333,0.14857263001269408,5.83,6.61,0.7800000000000002,6.215,-0.000459233280088886,0.0,0.08333333333333333,1
6.24625,0.16869628774813042,5.85,6.59,0.7400000000000002,6.29,0.0031594902423779407,0.0,0.058333333333333334,1
6.4087499999999995,0.11828329341035444,6.15,6.65,0.5,6.38,0.0005677130356274849,0.0,0.0,1
6.50025,0.20228883022384933,6.08,6.95,0.8700000000000001,6.445,-0.0011115702479339083,0.0,0.0,1
6.670583333333334,0.13680457980475488,6.33,6.97,0.6399999999999997,6.69,0.0013980484755885705,0.0,0.0,1
6.45875,0.1674741895536941,6.07,6.86,0.79,6.45,-0.001204910063198846,0.0,0.0,1
3.9627499999999998,2.1159587907534183,1.6,7.18,5.58,2.45,-0.03842416140009722,0.09166666666666666,0.6916666666666667,1
5.4245833333333335,0.5662418444347688,4.11,6.22,2.1099999999999994,5.66,0.014567157441488978,0.0,0.9083333333333333,1
6.066249999999999,0.20764176883918772,5.69,6.74,1.0499999999999998,6.01,0.0030953885686506007,0.0,0.45,1
6.1025,0.10089805085662788,5.92,6.47,0.5499999999999998,6.07,0.001206472671713313,0.0,0.09166666666666666,1
6.904833333333333,0.21514717185116694,6.4,7.23,0.8300000000000001,6.93,0.002709840961177847,0.35,0.0,1
6.8100000000000005,0.17052370314221224,6.38,7.06,0.6799999999999997,6.85,-0.0013678033196749964,0.075,0.0,1
6.834916666666667,0.14217357837829395,6.35,7.11,0.7600000000000007,6.86,-0.0004968053337037585,0.075,0.0,1
6.340999999999999,1.3748232613685296,1.6,7.23,5.630000000000001,6.85,-0.02260691714702411,0.25833333333333336,0.125,1
5.80575,0.9798900129606384,1.53,6.54,5.01,6.22,0.01956305993471766,0.0,0.275,1
6.1945,0.07692907989397331,6.01,6.37,0.3600000000000003,6.19,0.0008608931175776041,0.0,0.0,1
6.3423333333333325,0.16980740724584298,5.94,6.74,0.7999999999999998,6.35,0.0024304465587888097,0.0,0.008333333333333333,1
6.56675,0.21153471937249457,6.07,6.91,0.8399999999999999,6.61,0.002916973400930607,0.0,0.0,1
6.463166666666667,0.20592467608866655,6.07,6.81,0.7399999999999993,6.48,-0.0033931523022432196,0.0,0.0,1
6.410833333333334,0.15324589898446075,6.08,6.75,0.6699999999999999,6.4,-0.0033426626849086764,0.0,0.0,1
6.752,0.1939699289408885,6.07,6.99,0.9199999999999999,6.81,0.0011847350510451854,0.0,0.0,1
6.398916666666667,0.17357897258084637,6.07,6.79,0.7199999999999998,6.38,-0.0032314396833113585,0.0,0.0,1
5.886833333333334,1.58346928363711,1.48,6.93,5.449999999999999,6.55,-0.028932217515105232,0.0,0.20833333333333334,1
5.5565,0.8051890564747305,2.58,6.62,4.04,5.725,0.01932342523786375,0.0,0.7166666666666667,1
6.542833333333334,0.15421404677338,6.17,6.79,0.6200000000000001,6.58,0.0005142023751649517,0.0,0.0,1
6.746416666666668,0.3230242401464977,6.05,7.18,1.13,6.785,0.0059392666157372246,0.3416666666666667,0.0,1
6.948499999999999,0.3377515112228713,6.31,7.29,0.9800000000000004,7.140000000000001,-0.008379748593652332,0.6,0.0,1
6.448583333333334,0.14307513080740333,6.22,6.94,0.7200000000000006,6.42,0.0019738523508576896,0.0,0.0,1
6.867083333333334,0.2618822758204321,6.24,7.24,1.0,6.83,0.006652510591013293,0.35,0.0,1
5.533916666666666,1.8448533346553293,1.41,7.18,5.77,6.37,-0.04132505729564554,0.10833333333333334,0.31666666666666665,1
5.216166666666667,0.28557305934247756,4.45,6.08,1.63,5.15,0.006701923744704471,0.0,0.9916666666666667,1
6.326833333333334,0.21933605621410165,5.78,6.65,0.8700000000000001,6.31,-1.9445794847007246e-06,0.0,0.06666666666666667,1
6.183999999999999,0.2192616397518423,5.94,6.86,0.9199999999999999,6.1,0.0020363219668032492,0.0,0.09166666666666666,1
6.74475,0.22990564187654605,6.15,7.11,0.96,6.78,0.0037028613098131677,0.14166666666666666,0.0,1
6.815916666666667,0.2109877399018456,6.33,7.31,0.9799999999999995,6.83,-0.0002735259393013658,0.2,0.0,1
6.405166666666667,0.3464846878130243,5.69,7.1,1.4099999999999993,6.35,-0.008165705951802181,0.058333333333333334,0.09166666666666666,1
6.525083333333333,0.3283214782123697,5.86,7.1,1.2399999999999993,6.51,-0.0061237933189805215,0.075,0.06666666666666667,1
5.955666666666667,0.17118086601279034,5.67,6.35,0.6799999999999997,5.94,-0.001978540176401128,0.0,0.5833333333333334,1
5.890499999999999,0.16152837727986583,5.51,6.4,0.8900000000000006,5.89,0.0011429265921244543,0.0,0.7416666666666667,1
6.275666666666666,0.09967224064680975,6.07,6.48,0.41000000000000014,6.29,0.001288145010070131,0.0,0.0,1
6.42675,0.058311841278880394,6.24,6.61,0.3700000000000001,6.44,0.0010923328008889488,0.0,0.0,1
6.519916666666668,0.023039669895397533,6.42,6.56,0.13999999999999968,6.53,0.00030144454476007136,0.0,0.0,1
6.128666666666666,0.20555183179810285,5.78,6.54,0.7599999999999998,6.12,-0.004735051045211463,0.0,0.2833333333333333,1
5.972083333333332,0.11185478557288264,5.71,6.33,0.6200000000000001,5.99,0.0013068615876102494,0.0,0.5333333333333333,1
4.504833333333333,0.7592002187975331,3.77,6.22,2.4499999999999997,4.145,-0.0171859156885895,0.0,0.8916666666666667,1
5.613583333333333,0.5096645887792829,4.3,6.21,1.9100000000000001,5.79,0.010905861518160967,0.0,0.7416666666666667,1
5.843833333333333,0.13693175510288164,5.51,6.17,0.6600000000000001,5.86,-0.003207167164386428,0.0,0.8666666666666667,1
6.0835,0.15558304320629976,5.62,6.44,0.8200000000000003,6.1,0.00039586082366827014,0.0,0.10833333333333334,1
6.107333333333332,0.040098489857959656,6.01,6.17,0.16000000000000014,6.12,0.000157997083130768,0.0,0.0,1
6.24175,0.19080383687616628,6.02,6.86,0.8400000000000007,6.19,0.0035711854989929886,0.0,0.0,1
6.321,0.1388248296715445,5.78,6.65,0.8700000000000001,6.33,0.0015632335578859354,0.0,0.03333333333333333,1
6.6195,0.2213287524626357,6.01,7.06,1.0499999999999998,6.58,-0.0009854156538648638,0.03333333333333333,0.0,1
6.409583333333333,0.09918329692487993,6.19,6.62,0.4299999999999997,6.42,-0.001356309465935129,0.0,0.0,1
6.222416666666667,0.09890227359480781,6.02,6.56,0.54,6.22,0.0003961733453711767,0.0,0.0,1
6.212666666666666,0.20652575841499501,5.8,6.91,1.1100000000000003,6.15,-0.0020344468365858944,0.0,0.03333333333333333,1
6.146166666666667,0.2800362575731142,5.42,6.77,1.3499999999999996,6.0600000000000005,0.003722272380026389,0.0,0.31666666666666665,1
5.958749999999999,0.14301260142612146,5.78,6.4,0.6200000000000001,5.89,-0.0035982707132439984,0.0,0.6166666666666667,1
5.824333333333333,0.03402776643990744,5.73,5.89,0.15999999999999925,5.83,0.000286964372525868,0.0,1.0,1
5.81025,0.09166481058726948,5.64,6.05,0.41000000000000014,5.8,-0.001099069379818008,0.0,0.9666666666666667,1
6.052583333333334,0.2432916488268533,5.3,6.61,1.3100000000000005,6.08,0.001991770261823766,0.0,0.4,1
6.286333333333334,0.1834299745285802,5.57,6.65,1.08,6.32,0.0009108271407736518,0.0,0.058333333333333334,1
6.4078333333333335,0.1903382223540214,5.69,6.72,1.0299999999999994,6.45,0.0025534412111952003,0.0,0.058333333333333334,1
6.459583333333334,0.14439757519509194,6.1,6.83,0.7300000000000004,6.45,0.000614452392527262,0.0,0.0,1
6.430583333333334,0.1196195067239825,6.03,6.74,0.71,6.42,-0.0015697270643794579,0.0,0.0,1
6.50625,0.23347399034296448,5.88,7.02,1.1399999999999997,6.53,-0.0013556149732620356,0.008333333333333333,0.058333333333333334,1
6.2573333333333325,0.26581865163218993,5.75,7.06,1.3099999999999996,6.3,-0.0037567192166122897,0.008333333333333333,0.24166666666666667,1
6.6160000000000005,0.12754345664648314,6.37,6.97,0.5999999999999996,6.62,0.002485658726300436,0.0,0.0,1
6.502833333333332,0.1861548787673557,6.05,6.94,0.8900000000000006,6.53,-0.000647683866935238,0.0,0.0,1
6.0328333333333335,0.8593613746394599,2.67,6.94,4.2700000000000005,6.32,0.006347385235085783,0.0,0.275,1
6.377416666666666,0.1587634290033095,6.02,6.74,0.7200000000000006,6.37,-0.0012249809014515155,0.0,0.0,1
6.405083333333335,0.19395874060107626,5.92,6.83,0.9100000000000001,6.42,-0.000873706507396378,0.0,0.008333333333333333,1
6.6329166666666675,0.21890407272491658,5.94,6.97,1.0299999999999994,6.69,0.0038053684283630945,0.0,0.03333333333333333,1
6.503666666666667,0.12013834617732265,6.22,6.85,0.6299999999999999,6.49,-0.001904715605250346,0.0,0.0,1
6.138833333333333,0.22841184781491142,5.81,6.56,0.75,6.105,-0.005545315646919945,0.0,0.4666666666666667,1
6.243166666666667,0.2887991901342908,5.75,6.85,1.0999999999999996,6.205,0.006766858809639544,0.0,0.275,1
6.48925,0.10021778368466673,6.07,6.85,0.7799999999999994,6.48,0.00041332731439682824,0.0,0.0,1
6.43925,0.17752540897948482,5.6,6.75,1.1500000000000004,6.44,-0.001105736509479825,0.0,0.025,1
5.96225,0.5691286651540229,4.78,6.88,2.0999999999999996,5.99,0.0078023821098687504,0.0,0.5,1
6.602166666666666,0.24162361685526978,6.12,7.11,0.9900000000000002,6.53,0.005756580318077591,0.15,0.0,1
6.2669999999999995,0.2541049651882728,5.88,7.07,1.1900000000000004,6.22,-0.0021111188276963675,0.041666666666666664,0.09166666666666666,1
6.313,0.03363034344160047,6.22,6.38,0.16000000000000014,6.31,0.0004000972289742512,0.0,0.0,1
6.534166666666666,0.20518927576481402,6.1,6.93,0.8300000000000001,6.47,0.005242586290714621,0.0,0.0,1
6.305166666666667,0.10639535808587809,6.12,6.9,0.7800000000000002,6.28,-0.0013037710952149603,0.0,0.0,1
6.271749999999999,0.054782334439732135,6.17,6.38,0.20999999999999996,6.28,-0.0003079727758872009,0.0,0.0,1
6.21275,0.05792182231249285,6.1,6.38,0.28000000000000025,6.21,-0.0001952566150427434,0.0,0.0,1
6.4630833333333335,0.14452679009635397,6.17,6.83,0.6600000000000001,6.44,0.00047430377109522004,0.0,0.0,1
6.481666666666667,0.1183591521129181,6.21,6.77,0.5599999999999996,6.48,0.0005761511216056892,0.0,0.0,1
6.249916666666667,0.1724552880861845,6.03,6.77,0.7399999999999993,6.17,-0.0014061740398638872,0.0,0.0,1
6.367916666666668,0.21299802750782043,6.05,6.78,0.7300000000000004,6.28,0.005140530592402204,0.0,0.0,1
6.753083333333333,0.12720584258943804,6.38,6.94,0.5600000000000005,6.79,-0.0004903465518438621,0.0,0.0,1
6.572416666666667,0.09556843824657223,6.33,6.75,0.41999999999999993,6.59,-0.0006342454337106699,0.0,0.0,1
6.699083333333334,0.15063197886091637,6.26,6.93,0.6699999999999999,6.72,0.001439648586707386,0.0,0.0,1
6.4519166666666665,0.3331848731893785,5.64,6.9,1.2600000000000007,6.56,-0.006626675463573848,0.0,0.15,1
6.754499999999999,0.16068006513980926,6.21,6.95,0.7400000000000002,6.79,0.00035453850961871653,0.0,0.0,1
6.548,0.11372188297186547,6.29,6.93,0.6399999999999997,6.57,0.001072296687269952,0.0,0.0,1
6.455333333333334,0.06700663317082038,6.24,6.64,0.39999999999999947,6.45,-0.00012736995624696947,0.0,0.0,1
6.331333333333333,0.08189356235721805,6.17,6.58,0.41000000000000014,6.31,-0.0005571914716299819,0.0,0.0,1
6.382333333333334,0.08452547282065662,6.12,6.59,0.46999999999999975,6.38,0.001624973956524757,0.0,0.0,1
6.471416666666668,0.0845605880747973,6.29,6.78,0.4900000000000002,6.45,6.6324050281486e-06,0.0,0.0,1
6.440500000000001,0.07878081407720201,6.29,6.65,0.3600000000000003,6.44,0.00033405097576220597,0.0,0.0,1
6.6723333333333334,0.284949508197895,6.24,7.01,0.7699999999999996,6.76,-0.004447947774150997,0.025,0.0,1
6.2135,0.07068297767732576,6.15,6.48,0.33000000000000007,6.19,0.001067365789290925,0.0,0.0,1
6.430583333333333,0.11303609919942491,6.21,6.72,0.5099999999999998,6.44,-0.0017199458295714888,0.0,0.0,1
6.651,0.25989228537992426,6.12,7.04,0.9199999999999999,6.615,-0.0005385096187235271,0.075,0.0,1
6.871666666666667,0.11821120458268279,6.48,6.99,0.5099999999999998,6.91,0.002138967983887746,0.0,0.0,1
6.677250000000001,0.09836126015866203,6.44,6.86,0.41999999999999993,6.7,-0.0019035002430724303,0.0,0.0,1
6.579,0.08469946871143885,6.4,6.77,0.3699999999999992,6.58,-0.00020883394680184354,0.0,0.0,1
6.665750000000001,0.139765652075179,6.44,6.93,0.4899999999999993,6.64,-0.002373116188624212,0.0,0.0,1
6.37,0.19146366060778572,6.1,6.75,0.6500000000000004,6.375,-0.004543787763039112,0.0,0.0,1
6.500916666666668,0.27922510582363863,6.02,6.93,0.9100000000000001,6.62,0.006241648725605917,0.0,0.0,1
6.3069999999999995,0.16674631430209583,5.97,6.74,0.7700000000000005,6.28,-0.0032418223487742166,0.0,0.008333333333333333,1
6.5144166666666665,0.08188198655517717,6.28,6.69,0.41000000000000014,6.53,3.9065212861965135e-05,0.0,0.0,1
6.527166666666667,0.054744609069955145,6.37,6.62,0.25,6.54,0.00013292589763176275,0.0,0.0,1
6.521333333333334,0.056582290122931166,6.4,6.69,0.29000000000000004,6.51,-4.236405305886847e-06,0.0,0.0,1
6.573916666666667,0.04301735760777916,6.47,6.67,0.20000000000000018,6.58,-1.3438433224511636e-05,0.0,0.0,1
6.554500000000001,0.03492491947020063,6.48,6.64,0.15999999999999925,6.56,5.937912355022356e-05,0.0,0.0,1
6.560083333333334,0.035881653467413635,6.47,6.64,0.16999999999999993,6.56,-0.00043416209458989016,0.0,0.0,1
6.5505,0.025620629708628627,6.49,6.59,0.09999999999999964,6.56,-2.2918258212238066e-06,0.0,0.0,1
6.540916666666667,0.03271074831848933,6.48,6.69,0.20999999999999996,6.535,0.00012219598583234408,0.0,0.0,1
6.515750000000001,0.02551674286947029,6.47,6.58,0.11000000000000032,6.51,-0.0003626293492603789,0.0,0.0,1
6.4837500000000015,0.01875555473275403,6.44,6.53,0.08999999999999986,6.48,-0.00022699493020350434,0.0,0.0,1
6.454,0.021886068628239212,6.4,6.51,0.10999999999999943,6.45,-0.00031446628238071387,0.0,0.0,1
6.430083333333333,0.02211695553692287,6.38,6.48,0.10000000000000053,6.44,-0.00011365372595318662,0.0,0.0,1
6.406000000000001,0.02497999199359366,6.35,6.47,0.1200000000000001,6.4,-0.00041065351760538946,0.0,0.0,1
6.372000000000001,0.01625833119767633,6.33,6.42,0.08999999999999986,6.37,-0.00016952566150429905,0.0,0.0,1
6.3237499999999995,0.018799933510520745,6.28,6.38,0.09999999999999964,6.33,4.3718313771815344e-05,0.0,0.0,1
6.322333333333334,0.018472201336663236,6.28,6.38,0.09999999999999964,6.33,-2.7432460587509194e-05,0.0,0.0,1
6.312250000000001,0.019255410495061763,6.26,6.37,0.11000000000000032,6.31,-0.00017601916799775551,0.0,0.0,1
6.2923333333333344,0.023048258550749975,6.24,6.35,0.10999999999999943,6.29,0.00022091811931386994,0.0,0.0,1
6.304750000000001,0.024663147271451975,6.24,6.37,0.1299999999999999,6.3,-2.635599694424807e-05,0.0,0.0,1
6.30325,0.023775424987438835,6.24,6.37,0.1299999999999999,6.31,2.642544621152819e-05,0.0,0.0,1
6.308833333333334,0.026620272141525663,6.24,6.37,0.1299999999999999,6.31,4.1739009653460426e-05,0.0,0.0,1
6.297666666666668,0.026354421935522565,6.24,6.37,0.1299999999999999,6.29,-0.0003045350371553605,0.0,0.0,1
6.309916666666666,0.0298746222663242,6.24,6.37,0.1299999999999999,6.31,0.0005793110632682867,0.0,0.0,1
6.334333333333333,0.022350739485653574,6.28,6.38,0.09999999999999964,6.33,8.521425098963047e-05,0.0,0.0,1
6.305333333333334,0.02997035572398532,6.22,6.37,0.15000000000000036,6.31,-0.0004099590249322774,0.0,0.0,1
6.2915833333333335,0.024765427290658355,6.22,6.35,0.1299999999999999,6.29,-0.00028067921383431786,0.0,0.0,1
6.264,0.024879710609249508,6.21,6.33,0.1200000000000001,6.26,-0.00014216265018405114,0.0,0.0,1
6.227666666666666,0.030296681153038626,6.17,6.31,0.13999999999999968,6.22,-0.0004884366969928626,0.0,0.0,1
6.226,0.035458896391925836,6.17,6.35,0.17999999999999972,6.22,-0.00021598722133481444,0.0,0.0,1
6.191916666666668,0.03299736942377201,6.12,6.26,0.13999999999999968,6.19,-0.00016539343009929,0.0,0.0,1
6.206833333333333,0.02704882416832358,6.17,6.28,0.11000000000000032,6.21,5.667060212515887e-05,0.0,0.0,1
6.191999999999999,0.028065399813055666,6.1,6.29,0.1900000000000004,6.19,0.0001367456073338558,0.0,0.0,1
6.187666666666667,0.02499110953030206,6.13,6.26,0.1299999999999999,6.19,-0.0002606431002153118,0.0,0.0,1
6.181916666666667,0.03585377324014246,6.1,6.29,0.1900000000000004,6.17,7.156746996319369e-05,0.0,0.0,1
6.160250000000001,0.023326040526987557,6.12,6.22,0.09999999999999964,6.17,-0.0001531703590527128,0.0,0.0,1
6.113583333333333,0.028745893426520775,6.05,6.17,0.1200000000000001,6.12,-0.000494027363011329,0.0,0.0,1
6.054083333333334,0.02697207918488217,6.01,6.12,0.11000000000000032,6.05,-0.0003471421626501945,0.0,0.0,1
6.017583333333333,0.027202813375744022,5.92,6.08,0.16000000000000014,6.02,-0.0004922911313285533,0.0,0.16666666666666666,1
5.955749999999998,0.027768762425910542,5.91,6.01,0.09999999999999964,5.96,-0.0003498506840752875,0.0,0.9166666666666666,1
5.930833333333333,0.024582627108499955,5.88,6.01,0.1299999999999999,5.93,-0.00020918119313841372,0.0,0.9916666666666667,1
5.906166666666666,0.04665803491599521,5.83,6.17,0.33999999999999986,5.91,-0.00020466699076326507,0.0,0.9666666666666667,1
5.896,0.07664202502543888,5.6,6.13,0.5300000000000002,5.9,-7.542190429891268e-05,0.0,0.9166666666666666,1
5.824583333333334,0.06362515007622556,5.67,6.15,0.4800000000000004,5.81,-2.5800402805762148e-05,0.0,0.975,1
5.88275,0.028342032978128658,5.81,5.97,0.16000000000000014,5.88,0.0002486631016042763,0.0,1.0,1
5.880416666666666,0.027123047804813956,5.81,5.94,0.13000000000000078,5.88,0.0001353218973539868,0.0,1.0,1
5.900166666666666,0.029888217671108462,5.83,5.99,0.16000000000000014,5.89,6.8338079033269e-05,0.0,1.0,1
5.883833333333333,0.022663602734095227,5.83,5.94,0.11000000000000032,5.88,-0.00012396694214873616,0.0,1.0,1
5.878583333333333,0.022446077360841678,5.85,5.94,0.09000000000000075,5.88,-0.000108861726508795,0.0,1.0,1
5.866749999999999,0.02183889878176095,5.81,5.91,0.10000000000000053,5.86,-3.823182165429278e-05,0.0,1.0,1
5.8542499999999995,0.018058354483913186,5.81,5.89,0.08000000000000007,5.86,9.827071324390832e-06,0.0,1.0,1
5.8382499999999995,0.023792943631813803,5.78,5.91,0.1299999999999999,5.83,-0.0001872005000347211,0.0,1.0,1
5.826666666666666,0.019593082679580875,5.8,5.88,0.08000000000000007,5.83,-3.4724633655134556e-05,0.0,1.0,1
5.8084999999999996,0.025352514668174373,5.73,5.86,0.1299999999999999,5.81,-0.00019848600597263983,0.0,1.0,1
5.786,0.025079872407968863,5.73,5.86,0.1299999999999999,5.78,0.00010806305993472503,0.0,1.0,1
5.778416666666668,0.0219846853261284,5.73,5.83,0.09999999999999964,5.78,-0.00012247378290160116,0.0,1.0,1
5.7530833333333335,0.019949763295727445,5.72,5.8,0.08000000000000007,5.75,-0.00014719772206403623,0.0,1.0,1
5.7385,0.018825957257644684,5.69,5.8,0.10999999999999943,5.73,-0.00022779359677753665,0.0,1.0,1
5.726333333333334,0.01741327718214531,5.69,5.78,0.08999999999999986,5.72,-2.1945968470038442e-05,0.0,1.0,1
5.708416666666666,0.020248285249757685,5.67,5.76,0.08999999999999986,5.71,-0.000166435169108977,0.0,1.0,1
5.692666666666668,0.024417662095749845,5.65,5.75,0.09999999999999964,5.69,-0.00026800472255018436,0.0,1.0,1
5.6760833333333345,0.025635126725300585,5.62,5.72,0.09999999999999964,5.67,-0.00016962983540521926,0.0,1.0,1
5.656833333333334,0.022247971193397036,5.6,5.72,0.1200000000000001,5.65,-0.00022862698798529379,0.0,1.0,1
5.647333333333334,0.027680719322702343,5.6,5.72,0.1200000000000001,5.64,-0.0001181332036946905,0.0,1.0,1
5.626333333333333,0.02667499869832355,5.56,5.69,0.13000000000000078,5.62,-0.00022258490172926174,0.0,1.0,1
5.600750000000001,0.023775424987438856,5.56,5.67,0.11000000000000032,5.6,-0.00013573859295784655,0.0,1.0,1
5.580583333333334,0.021536629004765072,5.53,5.65,0.1200000000000001,5.57,-0.0002741509827071271,0.0,1.0,1
5.568833333333333,0.020007637430630224,5.51,5.62,0.11000000000000032,5.57,-4.694770470171648e-05,0.0,1.0,1
5.564416666666667,0.028337132098283202,5.51,5.64,0.1299999999999999,5.56,-4.4690603514165706e-05,0.0,1.0,1
5.554749999999999,0.0930139998423176,5.42,5.91,0.4900000000000002,5.53,0.0007814778804083556,0.0,1.0,1
5.607333333333333,0.12457081876944091,5.37,6.07,0.7000000000000002,5.5649999999999995,0.0013253698173484097,0.0,0.9833333333333333,1
5.616833333333333,0.09235784873102136,5.51,5.96,0.4500000000000002,5.59,0.0015147579693034108,0.0,1.0,1
5.543333333333334,0.04575903068126427,5.21,5.65,0.4400000000000004,5.55,-0.00013375928883951988,0.0,1.0,1
5.570000000000001,0.0590480030709478,5.48,5.88,0.39999999999999947,5.56,-0.0004044725328147831,0.0,1.0,1
5.554916666666666,0.058195014582197835,5.35,5.8,0.4500000000000002,5.55,0.00023130078477672314,0.0,1.0,1
5.555833333333334,0.04510327655010833,5.48,5.8,0.3199999999999994,5.55,-0.0002925203139107131,0.0,1.0,1
5.520416666666667,0.022597781356191136,5.48,5.57,0.08999999999999986,5.51,-0.0003827696367803475,0.0,1.0,1
5.463666666666667,0.03122321073959069,5.42,5.53,0.11000000000000032,5.46,-0.0006283075213556664,0.0,1.0,1
5.405583333333334,0.027166027599845318,5.35,5.48,0.13000000000000078,5.4,-0.0004079797208139366,0.0,1.0,1
5.366333333333333,0.02428762830926254,5.32,5.43,0.10999999999999943,5.37,-7.444961455655761e-05,0.0,1.0,1
5.346333333333334,0.04587906809089395,5.28,5.43,0.14999999999999947,5.34,-0.000521633446767142,0.0,1.0,1
5.32775,0.030316730804403395,5.28,5.43,0.14999999999999947,5.32,-0.00030012500868115556,0.0,1.0,1
5.27275,0.032887751012598374,5.14,5.34,0.20000000000000018,5.28,-0.0006740398638794391,0.0,1.0,1
5.197333333333333,0.02031966753883763,5.14,5.26,0.1200000000000001,5.19,-6.368497812348945e-05,0.0,1.0,1
5.147833333333334,0.025039413376160127,5.08,5.23,0.15000000000000036,5.14,-0.00034148204736440574,0.0,1.0,1
5.58825,0.2831891667537208,5.05,6.15,1.1000000000000005,5.57,0.003825508715883054,0.0,0.8583333333333333,1
5.795249999999999,0.14617890009619489,5.46,6.01,0.5499999999999998,5.81,0.00348298492950898,0.0,0.9833333333333333,1
5.93425,0.07679694546877064,5.6,6.05,0.4500000000000002,5.96,-0.0009098201263976802,0.0,0.85,1
5.968666666666667,0.05202456684640008,5.8,6.05,0.25,5.97,-0.000619695812209177,0.0,0.65,1
6.00425,0.05957715585692223,5.88,6.13,0.25,6.01,0.0007393221751510543,0.0,0.4583333333333333,1
5.976666666666666,0.03643106122832843,5.88,6.05,0.16999999999999993,5.97,-0.0004664212792555299,0.0,0.6833333333333333,1
5.949166666666666,0.05251322584729383,5.81,6.07,0.2600000000000007,5.96,-0.0004818390165983588,0.0,0.8583333333333333,1
5.937833333333333,0.11080149918761131,5.42,6.17,0.75,5.94,-0.0006650461837627582,0.0,0.8833333333333333,1
5.9303333333333335,0.06895570236672885,5.59,6.12,0.5300000000000002,5.92,0.000752552260573655,0.0,0.8666666666666667,1
6.014166666666666,0.0755489171920345,5.72,6.15,0.4300000000000006,6.02,0.0002955066324050255,0.0,0.4,1
5.998083333333332,0.07698804921688965,5.85,6.17,0.3200000000000003,5.99,-0.0016682061254253856,0.0,0.525,1
5.866249999999999,0.1175589391184978,5.42,6.1,0.6799999999999997,5.88,-0.0006138273491214772,0.0,0.8666666666666667,1
5.844083333333333,0.061243990634909574,5.43,5.92,0.4900000000000002,5.86,-0.00016330995208003844,0.0,1.0,1
5.771333333333333,0.0814445960283567,5.46,5.96,0.5,5.78,2.2918258212379385e-05,0.0,1.0,1
5.79375,0.1686666460803677,5.1,6.02,0.9199999999999999,5.8,-0.000304291964719767,0.0,0.975,1
5.7215,0.14203080651745942,5.16,5.96,0.7999999999999998,5.75,0.0011042433502326335,0.0,1.0,1
5.79425,0.08421858959477609,5.32,6.01,0.6899999999999995,5.8,-0.0015270157649836847,0.0,0.9833333333333333,1
5.739833333333333,0.1468047645306135,5.03,5.92,0.8899999999999997,5.76,0.00012966178206818857,0.0,1.0,1
5.7227500000000004,0.04885288289002668,5.6,5.86,0.2600000000000007,5.72,5.208695048317288e-07,0.0,1.0,1
5.6732499999999995,0.09897948019665494,5.5,6.01,0.5099999999999998,5.66,-0.0014886103201611305,0.0,0.9916666666666667,1
5.602416666666667,0.033065486370064005,5.51,5.67,0.16000000000000014,5.6,-0.0001190013195360877,0.0,1.0,1
5.563249999999999,0.06266528145632155,5.46,5.81,0.34999999999999964,5.55,-0.0003467949163136479,0.0,1.0,1
5.550083333333333,0.05778546289701429,5.28,5.72,0.4399999999999995,5.56,0.0002749149246475665,0.0,1.0,1
5.488916666666666,0.057005786743296656,5.35,5.6,0.25,5.5,-0.0012616501145913085,0.0,1.0,1
5.449666666666667,0.048492840250448865,5.37,5.64,0.2699999999999996,5.44,0.0002736995624696038,0.0,1.0,1
5.449916666666667,0.044897955286280995,5.28,5.57,0.29000000000000004,5.44,-0.0006651503576637302,0.0,1.0,1
5.519583333333332,0.04841480202949868,5.39,5.72,0.33000000000000007,5.51,0.0008043961386207398,0.0,1.0,1
5.5295,0.04862869523234193,5.46,5.76,0.2999999999999998,5.51,-0.00023300229182584453,0.0,1.0,1
5.50075,0.0840849025291302,5.21,5.75,0.54,5.48,0.0008312730050698101,0.0,1.0,1
5.862833333333333,0.1570837533150884,5.28,6.1,0.8199999999999994,5.9,0.0004216265018404299,0.0,0.8,1
5.822249999999999,0.0860664714043744,5.55,6.08,0.5300000000000002,5.83,-0.0002742204319744638,0.0,0.975,1
5.739583333333333,0.0530470833840613,5.56,5.91,0.35000000000000053,5.73,-0.0007794638516563607,0.0,1.0,1
5.689166666666667,0.032444396879721595,5.57,5.75,0.17999999999999972,5.69,1.2500868115848439e-05,0.0,1.0,1
5.676083333333334,0.026498296590955078,5.62,5.73,0.11000000000000032,5.67,0.00012761302868254882,0.0,1.0,1
5.6735,0.04077683165720459,5.6,5.76,0.16000000000000014,5.67,-0.0003112716160844387,0.0,1.0,1
5.66875,0.049909292721897064,5.59,5.81,0.21999999999999975,5.65,-6.878949927078293e-05,0.0,1.0,1
5.656666666666667,0.04758034141206738,5.57,5.75,0.17999999999999972,5.65,-0.00023084936453922805,0.0,1.0,1
5.628833333333334,0.045847270608207764,5.55,5.72,0.16999999999999993,5.62,-6.180984790610654e-05,0.0,1.0,1
5.604666666666666,0.045459383580901756,5.51,5.72,0.20999999999999996,5.6,-1.3125911521628614e-05,0.0,1.0,1
5.590166666666666,0.04155284453426609,5.51,5.67,0.16000000000000014,5.59,-0.00035794152371692163,0.0,1.0,1
5.565,0.036055512754639835,5.5,5.65,0.15000000000000036,5.56,-0.0002782832141121079,0.0,1.0,1
5.54775,0.04065018450142627,5.46,5.65,0.1900000000000004,5.55,-0.00023775956663659605,0.0,1.0,1
5.509500000000001,0.03859727969689046,5.44,5.57,0.1299999999999999,5.505,0.0001433432877282984,0.0,1.0,1
5.483333333333333,0.038586123009300685,5.42,5.57,0.15000000000000036,5.48,-0.00016737273421764493,0.0,1.0,1
5.467583333333335,0.03447211030512768,5.4,5.53,0.1299999999999999,5.46,-0.0001869921522327818,0.0,1.0,1
5.45025,0.03282434310081469,5.39,5.51,0.1200000000000001,5.44,-0.00020345162858534008,0.0,1.0,1
5.433166666666667,0.03201518736821986,5.37,5.5,0.1299999999999999,5.43,-0.0002566150427113125,0.0,1.0,1
5.420166666666668,0.031090816793530773,5.35,5.5,0.15000000000000036,5.42,-8.979790263212519e-05,0.0,1.0,1
5.4102500000000004,0.027001928943441594,5.34,5.48,0.14000000000000057,5.41,2.080005555942183e-05,0.0,1.0,1
5.385833333333333,0.025546798016363857,5.34,5.44,0.10000000000000053,5.39,-0.00019098548510314113,0.0,1.0,1
5.3735833333333325,0.02821925564023428,5.32,5.46,0.13999999999999968,5.37,-0.0001287936662268055,0.0,1.0,1
5.364333333333334,0.027469174642780193,5.3,5.43,0.1299999999999999,5.359999999999999,-0.00011889714563512983,0.0,1.0,1
5.339416666666666,0.0324626922618702,5.21,5.42,0.20999999999999996,5.34,-0.0004023543301618302,0.0,1.0,1
5.9816666666666665,0.20183876953868132,5.3,6.17,0.8700000000000001,6.05,0.0035921244530870275,0.0,0.30833333333333335,1
5.921333333333333,0.06524228349433792,5.8,6.05,0.25,5.91,-0.0017266476838669552,0.0,0.85,1
5.855,0.038880157750022966,5.76,5.94,0.1800000000000006,5.855,-0.00042183484964235035,0.0,1.0,1
5.9399999999999995,0.07496665925596531,5.8,6.08,0.28000000000000025,5.94,0.0015293423154385533,0.0,0.6916666666666667,1
5.897583333333333,0.03291392393636605,5.81,5.99,0.1800000000000006,5.89,0.000217688728383917,0.0,1.0,1
5.905916666666667,0.0355315782868642,5.8,6.02,0.21999999999999975,5.91,-0.00015921244530869302,0.0,0.9916666666666667,1
5.855499999999998,0.06177715327422162,5.75,6.07,0.3200000000000003,5.85,0.0009619418015139797,0.0,0.9416666666666667,1
5.82925,0.044649794699042726,5.73,5.92,0.1899999999999995,5.83,-0.0009100284741995959,0.0,1.0,1
5.8335,0.05908539018516618,5.71,6.02,0.3099999999999996,5.83,5.500381970968226e-05,0.0,0.975,1
5.81275,0.09662610499583775,5.62,6.03,0.41000000000000014,5.8,-0.001871275783040501,0.0,0.9166666666666666,1
5.670583333333334,0.04197808621438361,5.59,5.78,0.1900000000000004,5.67,-0.0006348704771164831,0.0,1.0,1
5.595666666666667,0.030379086373505212,5.55,5.71,0.16000000000000014,5.59,-0.0002659906937981658,0.0,1.0,1
5.535583333333333,0.03145885761152521,5.48,5.62,0.13999999999999968,5.53,-0.0004730536842836267,0.0,1.0,1
5.497083333333333,0.026720648486807944,5.43,5.59,0.16000000000000014,5.5,-0.0003713105076741296,0.0,1.0,1
5.451833333333334,0.036560072331559855,5.39,5.55,0.16000000000000014,5.44,-0.0006458781859851447,0.0,1.0,1
5.434833333333334,0.05603545504608865,5.37,5.72,0.34999999999999964,5.42,0.0002522397388707523,0.0,1.0,1
5.4385,0.05100081698692023,5.37,5.56,0.1899999999999995,5.42,-0.00022730745190639208,0.0,1.0,1
5.401750000000001,0.04819513288012953,5.32,5.55,0.22999999999999954,5.4,-0.0005434057920689095,0.0,1.0,1
5.367916666666667,0.043720625059067465,5.3,5.48,0.1800000000000006,5.35,-0.00011004236405302342,0.0,1.0,1
5.609916666666667,0.1332197172176685,5.28,5.85,0.5699999999999994,5.62,0.00012344607264392325,0.0,1.0,1
5.5683333333333325,0.05758086101783787,5.43,5.71,0.28000000000000025,5.5649999999999995,-0.00042322383498856513,0.0,1.0,1
5.601583333333333,0.09723678859133285,5.42,5.85,0.4299999999999997,5.57,0.0013084589207583799,0.0,1.0,1
5.606083333333333,0.0438804404667451,5.5,5.71,0.20999999999999996,5.6,0.0003856865060073656,0.0,1.0,1
5.538083333333333,0.04353726054261507,5.43,5.65,0.22000000000000064,5.53,-0.00016178206819918804,0.0,1.0,1
5.526333333333333,0.03696695220809458,5.43,5.6,0.16999999999999993,5.52,2.027918605458068e-05,0.0,1.0,1
5.569500000000001,0.10602554723587457,5.4,5.91,0.5099999999999998,5.55,0.0016287242169595135,0.0,1.0,1
5.567333333333334,0.03290727714182516,5.51,5.69,0.1800000000000006,5.56,-0.00024987846378222956,0.0,1.0,1
5.690083333333334,0.1927800812382395,5.48,6.08,0.5999999999999996,5.59,0.004018438780470849,0.0,0.8916666666666667,1
5.855083333333335,0.05593144365103489,5.75,5.96,0.20999999999999996,5.85,-0.0014916660879227888,0.0,1.0,1
5.9085833333333335,0.11849961908049417,5.35,6.07,0.7200000000000006,5.94,0.001141780679213814,0.0,0.75,1
5.949666666666666,0.06144012442117032,5.85,6.07,0.22000000000000064,5.94,-0.001447392180012497,0.0,0.725,1
5.822749999999999,0.03344055671386669,5.72,5.92,0.20000000000000018,5.83,-0.00017393568997845686,0.0,1.0,1
5.7571666666666665,0.043821291121503375,5.65,5.88,0.22999999999999954,5.75,-0.0007588026946315792,0.0,1.0,1
5.708083333333334,0.09039077970432358,5.51,5.97,0.45999999999999996,5.71,-0.00013066879644420254,0.0,1.0,1
5.681166666666667,0.04438812403735439,5.59,5.76,0.16999999999999993,5.67,-0.0009609000625043492,0.0,1.0,1
5.629083333333333,0.044497112890114134,5.56,5.76,0.20000000000000018,5.63,-0.00028408222793249466,0.0,1.0,1
5.605583333333334,0.06367621001773134,5.51,5.78,0.27000000000000046,5.59,5.024654489894484e-05,0.0,1.0,1
5.638166666666667,0.10697338713696766,5.48,5.85,0.3699999999999992,5.609999999999999,-0.0014737829015903992,0.0,1.0,1
5.798416666666666,0.11164673329549574,5.56,5.97,0.41000000000000014,5.82,0.002033787068546432,0.0,1.0,1
5.6146666666666665,0.12120872722521074,5.44,5.89,0.4499999999999993,5.57,-0.0021070907701923967,0.0,1.0,1
5.517083333333333,0.03207792162150704,5.43,5.59,0.16000000000000014,5.51,-0.0003802694631571703,0.0,1.0,1
5.469833333333332,0.027110371119227074,5.39,5.55,0.16000000000000014,5.46,-0.0002729356205292257,0.0,1.0,1
5.433583333333333,0.028774868471559675,5.35,5.51,0.16000000000000014,5.43,-0.0004785401764011257,0.0,1.0,1
5.369583333333334,0.0340684564109122,5.28,5.44,0.16000000000000014,5.37,-0.0005075005208695089,0.0,1.0,1
5.313583333333333,0.03480411453964721,5.26,5.4,0.14000000000000057,5.3,-0.0004940273630113431,0.0,1.0,1
5.274583333333334,0.029577464206535443,5.19,5.35,0.15999999999999925,5.28,-0.0003792277241475068,0.0,1.0,1
5.235833333333333,0.03736271165510103,5.16,5.34,0.17999999999999972,5.24,-0.00043968331134108574,0.0,1.0,1
5.179166666666666,0.03402409277098947,5.1,5.26,0.16000000000000014,5.18,-0.00036710882700185924,0.0,1.0,1
5.131916666666666,0.02910600835261035,5.08,5.23,0.15000000000000036,5.125,-7.10118758247219e-05,0.0,1.0,1
5.127583333333333,0.02362893118380286,5.08,5.19,0.11000000000000032,5.12,-3.712063337733978e-05,0.0,1.0,1
5.125083333333333,0.026299424370548906,5.05,5.19,0.14000000000000057,5.13,-1.913327314399704e-05,0.0,1.0,1
5.108,0.026413380447543298,5.05,5.18,0.1299999999999999,5.1,-0.00013966247656088334,0.0,1.0,1
5.094083333333333,0.02838708137320364,5.03,5.16,0.1299999999999999,5.1,-0.00023498159594417117,0.0,1.0,1
5.071583333333333,0.0374387462693694,4.97,5.16,0.1900000000000004,5.07,-0.00022859226335160662,0.0,1.0,1
5.144416666666667,0.10669892090467561,4.94,5.34,0.39999999999999947,5.1850000000000005,0.0025716716438641788,0.0,1.0,1
5.312,0.08140024569987483,5.14,5.57,0.4300000000000006,5.3,0.0007390791027154373,0.0,1.0,1
5.326416666666666,0.05956503215440707,5.24,5.62,0.3799999999999999,5.32,0.0003758941593165913,0.0,1.0,1
5.324416666666667,0.07916013130919428,5.21,5.72,0.5099999999999998,5.3,-0.0008896103896103796,0.0,1.0,1
5.299333333333334,0.07239628596980792,5.21,5.64,0.4299999999999997,5.28,-0.0005567747760261127,0.0,1.0,1
5.429083333333334,0.3017531989151988,4.68,5.88,1.2000000000000002,5.3,0.004531113271755002,0.0,1.0,1
5.7164166666666665,0.10857252440445303,5.37,5.97,0.5999999999999996,5.72,-0.00020838252656435317,0.0,1.0,1
5.786333333333333,0.05920210206478215,5.51,5.91,0.40000000000000036,5.78,-0.0001777206750468722,0.0,1.0,1
5.684499999999999,0.41056028789935345,4.57,6.1,1.5299999999999994,5.78,0.003399124939231915,0.0,0.775,1
6.0698333333333325,0.031117608448522422,6.01,6.15,0.14000000000000057,6.07,-0.0006494200986179948,0.0,0.0,1
5.995999999999999,0.024576411454888956,5.92,6.03,0.11000000000000032,5.99,-0.0005309396485867058,0.0,0.5083333333333333,1
5.951583333333333,0.02097601143105028,5.91,5.99,0.08000000000000007,5.96,-0.00034998958260989483,0.0,1.0,1
5.914499999999999,0.016973017802775638,5.88,5.96,0.08000000000000007,5.91,-5.5976109452065596e-05,0.0,1.0,1
5.882083333333332,0.025556989694058722,5.83,5.96,0.1299999999999999,5.88,-0.00041756371970275277,0.0,1.0,1
5.834666666666665,0.023626726862225896,5.78,5.89,0.10999999999999943,5.83,-0.00016563650253489291,0.0,1.0,1
5.803666666666667,0.03449476610862704,5.73,5.88,0.14999999999999947,5.8,-0.00019931939718035457,0.0,1.0,1
5.7636666666666665,0.033959125757625386,5.67,5.85,0.17999999999999972,5.76,-0.0006217098409611908,0.0,1.0,1
5.72725,0.029324690961713407,5.65,5.81,0.15999999999999925,5.72,0.0002454684353080199,0.0,1.0,1
5.788833333333332,0.11753852796234751,5.3,6.03,0.7300000000000004,5.8,0.0015767067157441577,0.0,0.975,1
5.813999999999999,0.03426368339802361,5.73,5.91,0.17999999999999972,5.81,-0.0005943468296409523,0.0,1.0,1
5.73675,0.03152148738030396,5.67,5.81,0.13999999999999968,5.73,-0.0006049378429057778,0.0,1.0,1
5.708666666666667,0.05855102238409009,5.56,5.92,0.3600000000000003,5.71,0.00035287172720326347,0.0,1.0,1
5.663500000000001,0.034728710504902637,5.53,5.75,0.21999999999999975,5.66,-0.0002615459406903444,0.0,1.0,1
5.667250000000001,0.10014125440263542,5.5,5.94,0.4400000000000004,5.645,7.490103479407153e-05,0.0,1.0,1
5.6939166666666665,0.04690941329366163,5.59,5.81,0.21999999999999975,5.69,0.0007820334745468274,0.0,1.0,1
5.687083333333334,0.045025841345708244,5.59,5.8,0.20999999999999996,5.69,-0.0007552955066324163,0.0,1.0,1
5.61775,0.03994710043711982,5.53,5.72,0.1899999999999995,5.62,-0.0004913882908535396,0.0,1.0,1
5.585916666666667,0.032442149367074256,5.53,5.65,0.1200000000000001,5.57,-0.00023227307451905465,0.0,1.0,1
5.555833333333334,0.02525151260595858,5.48,5.62,0.13999999999999968,5.56,-9.299256892840511e-05,0.0,1.0,1
5.531583333333333,0.029240264286691256,5.46,5.59,0.1299999999999999,5.53,-0.00019122855753873932,0.0,1.0,1
5.496083333333333,0.031125976111423113,5.43,5.56,0.1299999999999999,5.5,-0.0003442252934231717,0.0,1.0,1
5.466833333333333,0.03783700422719655,5.39,5.55,0.16000000000000014,5.46,-0.0004582262657128908,0.0,1.0,1
5.590833333333333,0.11441578659530433,5.24,5.92,0.6799999999999997,5.57,-0.0006471977220640322,0.0,1.0,1
5.55925,0.026399573860197027,5.5,5.62,0.1200000000000001,5.56,-0.0002246336551149486,0.0,1.0,1
5.5205,0.03705513909477775,5.44,5.6,0.15999999999999925,5.51,-0.0003643308563094532,0.0,1.0,1
5.48,0.0467439835700809,5.39,5.6,0.20999999999999996,5.470000000000001,-0.00025730953538441513,0.0,1.0,1
5.540916666666666,0.16153428858570207,5.3,5.96,0.6600000000000001,5.48,0.002931557747065768,0.0,1.0,1
5.548166666666668,0.05165564398548866,5.43,5.78,0.35000000000000053,5.55,-0.0003714146815751157,0.0,1.0,1
5.51425,0.044715070166555626,5.42,5.65,0.23000000000000043,5.51,-0.0003686714355163261,0.0,1.0,1
5.474666666666666,0.048527197414325145,5.4,5.6,0.1999999999999993,5.46,-0.00020918119313840432,0.0,1.0,1
5.459500000000001,0.04377689649423157,5.39,5.56,0.16999999999999993,5.46,-1.7917910966043777e-05,0.0,1.0,1
5.44975,0.05535435092805863,5.37,5.69,0.3200000000000003,5.44,-1.781373706507649e-05,0.0,1.0,1
5.43575,0.14804651577572953,4.83,5.73,0.9000000000000004,5.46,0.0009407250503507029,0.0,1.0,1
5.445416666666666,0.06435443306840297,5.05,5.64,0.5899999999999999,5.46,-0.0003326272657823558,0.0,1.0,1
5.423,0.02564501251055787,5.3,5.48,0.1800000000000006,5.43,-0.0002605736509479893,0.0,1.0,1
5.41875,0.03477457164845216,5.28,5.55,0.2699999999999996,5.42,0.0004446489339537389,0.0,1.0,1
5.468833333333333,0.10899681442847563,5.21,5.81,0.5999999999999996,5.44,0.0010221543162719463,0.0,1.0,1
5.557833333333333,0.23286685513877287,4.83,6.01,1.1799999999999997,5.56,0.001103062712688372,0.0,0.9833333333333333,1
5.589250000000001,0.25488939594786336,4.89,6.07,1.1800000000000006,5.62,-0.0006856378915202313,0.0,0.95,1
6.087666666666666,0.21672076247763827,5.3,6.48,1.1800000000000006,6.125,0.002081394541287606,0.0,0.3333333333333333,1
6.0040000000000004,0.39448785363641636,4.94,6.64,1.6999999999999993,6.09,0.006862629349260365,0.0,0.4,1
6.46275,0.1830617496001463,5.83,6.74,0.9100000000000001,6.49,0.0006154941315368972,0.0,0.03333333333333333,1
6.189166666666667,0.172861135661612,5.67,6.51,0.8399999999999999,6.22,0.0009601361205639334,0.0,0.11666666666666667,1
5.477666666666667,1.0135595142313494,3.03,6.7,3.6700000000000004,5.734999999999999,-0.019784429474269047,0.0,0.5333333333333333,1
5.8293333333333335,0.1519140839056369,5.42,6.12,0.7000000000000002,5.85,0.0034748940898673315,0.0,0.8416666666666667,1
5.170833333333333,0.7839372671897216,2.49,6.21,3.7199999999999998,5.26,0.007368636710882701,0.0,0.8916666666666667,1
6.007166666666666,0.09871831418513768,5.57,6.21,0.6399999999999997,6.02,0.0008042225154524641,0.0,0.3416666666666667,1
5.912833333333333,0.14838117206108806,5.44,6.28,0.8399999999999999,5.96,-0.00014424612820335923,0.0,0.7583333333333333,1
5.923333333333333,0.11858424103658219,5.53,6.1,0.5699999999999994,5.96,0.0015864990624349085,0.0,0.6833333333333333,1
5.989166666666666,0.07855553591073146,5.86,6.35,0.4899999999999993,5.97,-6.625460101396092e-05,0.0,0.6416666666666667,1
6.047666666666666,0.141490478674558,5.56,6.33,0.7700000000000005,6.05,0.0012017501215362296,0.0,0.31666666666666665,1
6.0,0.19404466839708157,5.51,6.48,0.9700000000000006,6.05,-0.0003028682547399027,0.0,0.3333333333333333,1
6.0855,0.36035364574262324,5.14,6.61,1.4700000000000006,6.125,0.007190499340231946,0.0,0.35833333333333334,1
6.263500000000001,0.21669736961947647,5.55,6.62,1.0700000000000003,6.22,0.001293492603652999,0.0,0.075,1
6.384583333333333,0.28571517236965593,5.43,6.69,1.2600000000000007,6.485,-0.004298805472602246,0.0,0.10833333333333334,1
6.245500000000001,0.2153944056840846,5.64,6.61,0.9700000000000006,6.25,0.003926731022987705,0.0,0.10833333333333334,1
6.350666666666667,0.18624684933949595,5.76,6.62,0.8600000000000003,6.4,0.0002384193346760257,0.0,0.058333333333333334,1
6.538583333333334,0.11056141455719937,6.05,6.69,0.6400000000000006,6.56,-0.0009350996596986201,0.0,0.0,1
6.412833333333334,0.11338123987483803,6.02,6.62,0.6000000000000005,6.42,0.0007005347593582662,0.0,0.0,1
6.4590000000000005,0.11220813993051779,6.02,6.64,0.6200000000000001,6.48,-0.0011560525036460499,0.0,0.0,1
6.377916666666667,0.08618677231583877,6.07,6.56,0.4899999999999993,6.38,0.00011816792832835411,0.0,0.0,1
6.301083333333334,0.06573679630837573,6.03,6.4,0.3700000000000001,6.33,-0.0009385721230641146,0.0,0.0,1
6.243666666666667,0.1073307453104137,5.89,6.37,0.4800000000000004,6.28,-0.002493089797902612,0.0,0.05,1
6.246583333333333,0.09185582755359378,6.05,6.48,0.4300000000000006,6.22,0.0009728106118480434,0.0,0.0,1
6.171916666666666,0.08509108681616163,5.76,6.28,0.5200000000000005,6.19,-0.0017795333009236847,0.0,0.03333333333333333,1
6.170166666666666,0.1613019080964499,5.78,6.54,0.7599999999999998,6.13,-0.0018450586846309076,0.0,0.075,1
6.176749999999999,0.0783705142256959,5.88,6.35,0.46999999999999975,6.18,4.8440863948879726e-05,0.0,0.03333333333333333,1
6.087000000000001,0.09890736406692208,5.78,6.33,0.5499999999999998,6.1,0.0005557330370164399,0.0,0.19166666666666668,1
6.008,0.08367197858303578,5.65,6.17,0.5199999999999996,6.02,-0.0009690950760469506,0.0,0.3,1
6.0295,0.037635311433103225,5.89,6.1,0.20999999999999996,6.03,0.0003134245433710598,0.0,0.2,1
5.973666666666666,0.04302970550161309,5.86,6.08,0.21999999999999975,5.97,1.3681505660119245e-05,0.0,0.725,1
5.966166666666665,0.031522038146174595,5.89,6.05,0.16000000000000014,5.96,-9.500659768036712e-05,0.0,0.8666666666666667,1
5.927916666666666,0.027835703491898508,5.85,6.01,0.16000000000000014,5.92,-0.00043055073268976935,0.0,0.9916666666666667,1
5.859333333333333,0.028452689777164416,5.8,5.92,0.1200000000000001,5.86,-0.00033474546843530867,0.0,1.0,1
5.822416666666667,0.028225161154938002,5.76,5.89,0.1299999999999999,5.81,-0.0004159663865546175,0.0,1.0,1
5.768916666666667,0.02330221138766774,5.71,5.81,0.09999999999999964,5.76,-0.00018907563025209932,0.0,1.0,1
5.7467500000000005,0.01808141310849343,5.71,5.8,0.08999999999999986,5.75,-9.156885894851728e-05,0.0,1.0,1
5.719333333333333,0.0261002341411379,5.67,5.78,0.11000000000000032,5.72,-0.00034370442391832586,0.0,1.0,1
5.67925,0.025303573528917517,5.62,5.75,0.1299999999999999,5.69,-0.00019206194874644465,0.0,1.0,1
5.607916666666667,0.027504418836898855,5.53,5.67,0.13999999999999968,5.6,-0.00042436974789917707,0.0,1.0,1
5.570583333333333,0.020301717223481897,5.53,5.62,0.08999999999999986,5.57,-0.00022484200291686434,0.0,1.0,1
5.545833333333333,0.02809458231680184,5.48,5.6,0.11999999999999922,5.55,-0.0003798874921869506,0.0,1.0,1
5.507083333333335,0.025377018255806783,5.44,5.62,0.17999999999999972,5.505,-0.00027880408361693023,0.0,1.0,1
5.488083333333333,0.026435324641261464,5.43,5.57,0.14000000000000057,5.48,-0.00044214876033056165,0.0,1.0,1
5.44975,0.019081513741489947,5.42,5.53,0.11000000000000032,5.44,-0.00016414334328772494,0.0,1.0,1
5.444416666666667,0.02581329868282803,5.37,5.53,0.16000000000000014,5.44,-0.00034429474269046596,0.0,1.0,1
5.4271666666666665,0.02331606503869998,5.39,5.51,0.1200000000000001,5.43,0.00022459893048128028,0.0,1.0,1
5.41425,0.03062304415523276,5.34,5.51,0.16999999999999993,5.42,-0.0005043058545732478,0.0,1.0,1
5.622583333333333,0.30692153132175154,5.23,6.1,0.8699999999999992,5.4,0.007508542259879159,0.0,0.7,1
5.957916666666666,0.06062034632768848,5.85,6.08,0.23000000000000043,5.96,-0.0015276408083894461,0.0,0.725,1
5.816,0.05037194986630287,5.69,5.92,0.22999999999999954,5.82,-0.0011087575526078244,0.0,1.0,1
5.715000000000001,0.03943348830626072,5.6,5.8,0.20000000000000018,5.72,-0.0004781582054309343,0.0,1.0,1
5.694249999999999,0.043082527394138176,5.6,5.8,0.20000000000000018,5.69,-0.00034228071393848514,0.0,1.0,1
5.742583333333332,0.08942870375643132,5.6,6.03,0.4300000000000006,5.73,0.0019962844641989103,0.0,0.9916666666666667,1
5.800583333333333,0.05632192931906913,5.69,5.96,0.2699999999999996,5.8,-0.0003054031529967388,0.0,1.0,1
5.728583333333334,0.04219588908360087,5.65,5.89,0.23999999999999932,5.72,-0.000774116258073502,0.0,1.0,1
5.836833333333334,0.1293121761045296,5.62,6.17,0.5499999999999998,5.81,0.00047628307521354197,0.0,0.8333333333333334,1
5.7885,0.05504013686998478,5.69,6.02,0.3299999999999992,5.78,-0.0002569622890478544,0.0,0.9916666666666667,1
5.749,0.0612154664552458,5.62,6.02,0.39999999999999947,5.75,-0.00012257795680253546,0.0,0.9916666666666667,1
5.7227500000000004,0.04248455601745175,5.64,5.83,0.1900000000000004,5.72,-0.0003454753802347415,0.0,1.0,1
5.652083333333334,0.04143058116362312,5.57,5.76,0.1899999999999995,5.65,4.531564691992704e-05,0.0,1.0,1
5.6380833333333324,0.05028743768466333,5.53,5.75,0.21999999999999975,5.64,-9.49718730467459e-05,0.0,1.0,1
5.626833333333334,0.07631058613033687,5.48,5.94,0.45999999999999996,5.62,-0.00047558858254046285,0.0,1.0,1
5.5696666666666665,0.05572152985057833,5.42,5.72,0.2999999999999998,5.57,-0.0005624001666782568,0.0,1.0,1
5.499416666666667,0.04537429215854374,5.42,5.59,0.16999999999999993,5.5,-0.00028783248836723697,0.0,1.0,1
5.4439166666666665,0.04052356995900318,5.37,5.55,0.17999999999999972,5.43,-0.0003652684214181493,0.0,1.0,1
5.383500000000001,0.04214360370605885,5.28,5.51,0.22999999999999954,5.38,-0.00022098756858115478,0.0,1.0,1
5.354833333333334,0.053260105978949084,5.26,5.55,0.29000000000000004,5.35,0.0003089103409959159,0.0,1.0,1
5.3165000000000004,0.03508679713700476,5.21,5.39,0.17999999999999972,5.32,-0.00031502187651923276,0.0,1.0,1
5.26725,0.04571583423716552,5.16,5.35,0.1899999999999995,5.28,-0.0007186262934926139,0.0,1.0,1
5.194500000000001,0.05011403662315261,5.08,5.28,0.20000000000000018,5.19,-0.0005680255573303726,0.0,1.0,1
5.136416666666667,0.028600577888489527,5.05,5.21,0.16000000000000014,5.14,-0.00017122716855339689,0.0,1.0,1
5.095666666666667,0.02166923061752663,5.05,5.13,0.08000000000000007,5.1,-0.0001829988193624649,0.0,1.0,1
5.034249999999999,0.039447486189447684,4.96,5.1,0.13999999999999968,5.05,0.00042784221126466223,0.0,1.0,1
5.019333333333333,0.029403325586667146,4.96,5.08,0.1200000000000001,5.02,-0.0006503229390929991,0.0,1.0,1
5.002416666666666,0.03573037534398735,4.94,5.13,0.1899999999999995,5.0,0.000365546218487397,0.0,1.0,1
5.077333333333333,0.04748216039267329,4.98,5.21,0.22999999999999954,5.07,0.0008999236058059574,0.0,1.0,1
5.178166666666666,0.09243901893801248,5.0,5.44,0.4400000000000004,5.16,-0.00022084867004654743,0.0,1.0,1
5.128583333333333,0.02252020697556358,5.07,5.21,0.13999999999999968,5.13,-0.00036790749357596217,0.0,1.0,1
5.253666666666667,0.08195459447496252,5.1,5.5,0.40000000000000036,5.24,0.0018329745121189048,0.0,1.0,1
5.474499999999998,0.08731981447529533,5.21,5.62,0.41000000000000014,5.5,-0.001479894437113669,0.0,1.0,1
5.638833333333333,0.15063854826113474,5.39,5.99,0.6000000000000005,5.63,0.003953399541634837,0.0,1.0,1
5.940583333333333,0.03484001132159527,5.86,6.03,0.16999999999999993,5.94,-0.0006458434613514905,0.0,0.9416666666666667,1
5.798916666666668,0.04368057984454364,5.73,5.89,0.15999999999999925,5.805,-0.0011183762761303138,0.0,1.0,1
5.662750000000002,0.04383610574248891,5.59,5.76,0.16999999999999993,5.65,-0.0010785818459615258,0.0,1.0,1
5.577333333333334,0.03432038590821625,5.5,5.67,0.16999999999999993,5.57,-0.000512466143482195,0.0,1.0,1
5.57075,0.12348523865898571,5.42,6.01,0.5899999999999999,5.53,0.0015795888603375218,0.0,0.9916666666666667,1
5.653166666666667,0.1571887577263576,5.05,5.88,0.8300000000000001,5.71,-0.0022464060004166956,0.0,1.0,1
5.771083333333333,0.3182263236370549,4.75,6.03,1.2800000000000002,5.91,0.005290541009792333,0.0,0.9583333333333334,1
5.799499999999999,0.2210989597442738,5.12,6.15,1.0300000000000002,5.85,0.001954094034307955,0.0,0.8416666666666667,1
6.053916666666666,0.045208698155210045,5.96,6.17,0.20999999999999996,6.05,-0.0005834780193069216,0.0,0.1,1
5.932416666666666,0.16218300277430087,5.1,6.07,0.9700000000000006,5.98,-0.0020246892145287837,0.0,0.5833333333333334,1
5.881166666666667,0.0641116647386071,5.76,6.03,0.27000000000000046,5.88,-0.0009760400027779775,0.0,0.95,1
5.688833333333334,0.05815472656820099,5.57,5.86,0.29000000000000004,5.69,-0.0012377942912702282,0.0,1.0,1
5.805166666666666,0.15252313121476216,5.34,6.03,0.6900000000000004,5.81,0.0030268074171817478,0.0,0.8833333333333333,1
5.824833333333333,0.06047014874207676,5.72,5.94,0.22000000000000064,5.83,-0.0014863532189735467,0.0,1.0,1
5.734833333333333,0.09012938230985251,5.44,6.01,0.5699999999999994,5.73,-0.0001842489061740535,0.0,0.9916666666666667,1
5.710666666666667,0.029261275129806304,5.62,5.76,0.13999999999999968,5.72,-0.00038231821654281475,0.0,1.0,1
5.6463333333333345,0.09815746985782023,5.39,5.91,0.5200000000000005,5.65,-0.0004994096812278512,0.0,1.0,1
5.790166666666666,0.18064690851369575,5.34,6.13,0.79,5.85,0.0031288283908604644,0.0,0.8583333333333333,1
5.6625,0.3193672128861487,4.77,6.17,1.4000000000000004,5.75,-0.005712896728939515,0.0,0.8583333333333333,1
5.984166666666666,0.24545054944371636,5.26,6.33,1.0700000000000003,6.05,0.0023784985068407293,0.0,0.38333333333333336,1
6.222583333333334,0.20291827514762903,5.62,6.53,0.9100000000000001,6.285,-0.0014062434891311956,0.0,0.19166666666666668,1
6.245833333333334,0.20618189111127644,5.65,6.61,0.96,6.22,-0.0005851795263559865,0.0,0.10833333333333334,1
6.321833333333334,0.12723327220328634,5.96,6.49,0.5300000000000002,6.37,-0.000824987846378227,0.0,0.016666666666666666,1
5.629916666666666,0.6138003147513765,3.65,6.44,2.7900000000000005,5.745,-0.004229911799430514,0.0,0.6833333333333333,1
5.480666666666666,0.1603731759227694,5.18,5.85,0.6699999999999999,5.45,-0.0014666990763247461,0.0,1.0,1
5.597916666666666,0.3542454324178208,4.91,6.1,1.1899999999999995,5.45,0.008663344676713678,0.0,0.8083333333333333,1
6.056916666666667,0.2907398488721871,4.98,6.42,1.4399999999999995,6.109999999999999,0.0009351691089659001,0.0,0.35,1
6.325083333333334,0.17263157220573022,5.64,6.58,0.9400000000000004,6.375,-0.00045589971525804583,0.0,0.03333333333333333,1
6.241833333333334,0.45285020211495497,4.57,6.77,2.1999999999999993,6.390000000000001,0.0014442669629835347,0.0,0.2,1
6.556166666666667,0.2578151254075077,5.56,6.79,1.2300000000000004,6.65,0.002998333217584575,0.0,0.058333333333333334,1
6.617249999999999,0.2275227552722291,5.73,6.83,1.0999999999999996,6.7,0.0015127786651850654,0.0,0.05,1
6.685416666666668,0.14560732486916847,6.07,6.9,0.8300000000000001,6.72,-0.00026331689700673173,0.0,0.0,1
6.606583333333334,0.11633640755250363,6.24,6.79,0.5499999999999998,6.59,-9.295784429472266e-05,0.0,0.0,1
6.543750000000001,0.14946048808966206,5.85,6.77,0.9199999999999999,6.56,-0.000464025279533287,0.0,0.016666666666666666,1
6.551166666666668,0.1778678504458358,6.08,6.9,0.8200000000000003,6.58,0.00029571498020696007,0.0,0.0,1
6.684833333333334,0.14592796929383417,5.71,6.83,1.12,6.72,-0.0018964511424404502,0.0,0.016666666666666666,1
5.54425,0.9819196016816585,2.51,6.56,4.05,5.87,0.003829884019723595,0.0,0.7,1
6.215916666666668,0.353797248513263,5.39,6.62,1.2300000000000004,6.35,0.008348808945065636,0.0,0.3,1
6.679166666666666,0.149122898606783,5.76,6.83,1.0700000000000003,6.72,0.0016694214876032728,0.0,0.016666666666666666,1
6.270333333333332,0.2515946916945763,5.8,6.79,0.9900000000000002,6.21,-0.004248767275505282,0.0,0.1,1
6.235916666666666,0.188102347288798,5.76,6.67,0.9100000000000001,6.21,0.0022070629904854264,0.0,0.11666666666666667,1
6.647166666666666,0.24285174947325827,6.19,6.97,0.7799999999999994,6.75,-0.004261407042155682,0.0,0.0,1
6.694,0.23906902768865732,5.83,6.97,1.1399999999999997,6.785,0.0010086811584137851,0.0,0.025,1
6.722916666666666,0.28069673977839893,5.91,7.11,1.2000000000000002,6.71,0.004807035210778497,0.2833333333333333,0.008333333333333333,1
6.393083333333334,0.10950491490745469,6.15,6.65,0.5,6.4,-0.0009430168761719644,0.0,0.0,1
6.183583333333334,1.3272759043954987,1.9,6.94,5.040000000000001,6.66,-0.01835123966942151,0.0,0.10833333333333334,1
5.485083333333334,1.0016827473750802,1.84,6.21,4.37,5.85,0.020516459476352524,0.0,0.6666666666666666,1
6.1795,0.21510017046328286,5.6,6.56,0.96,6.140000000000001,-0.00025807347732483563,0.0,0.21666666666666667,1
6.271166666666667,0.3135208215662168,5.75,6.83,1.08,6.2,0.00697013681505659,0.0,0.275,1
6.510583333333333,0.14980707500723126,6.01,6.79,0.7800000000000002,6.54,0.001779949996527535,0.0,0.0,1
6.47075,0.21793027363509337,5.91,6.91,1.0,6.51,-0.0016788318633238417,0.0,0.008333333333333333,1
6.53725,0.12410319966329098,6.21,6.83,0.6200000000000001,6.54,0.00037151885547607826,0.0,0.0,1
6.47075,0.11729707654782648,6.08,6.72,0.6399999999999997,6.48,0.0005313910688242197,0.0,0.0,1
6.5365833333333345,0.16634049333286902,5.92,6.78,0.8600000000000003,6.55,-3.948190846587197e-05,0.0,0.008333333333333333,1
6.647666666666667,0.1954641200379809,6.05,6.88,0.8300000000000001,6.74,-0.00015132995346898406,0.0,0.0,1
6.498083333333333,0.2061847708300063,5.92,6.81,0.8899999999999997,6.54,0.0006602194596846936,0.0,0.025,1
6.4740833333333345,0.21255781893143547,5.88,6.75,0.8700000000000001,6.53,-2.1702896034444965e-05,0.0,0.025,1
6.427583333333334,0.17446583157996554,5.88,6.79,0.9100000000000001,6.45,-0.002608618654073229,0.0,0.016666666666666666,1
6.297916666666667,0.2754871316817216,5.62,6.77,1.1499999999999995,6.35,0.002189770122925205,0.0,0.175,1
6.412916666666666,0.18515037057003755,5.85,6.77,0.9199999999999999,6.44,0.001463886380998653,0.0,0.03333333333333333,1
6.665333333333334,0.21529024336669061,5.97,6.93,0.96,6.7,-0.0027635252448086514,0.0,0.008333333333333333,1
6.505416666666666,0.16428580702205803,5.94,6.72,0.7799999999999994,6.55,-0.0004784707271338079,0.0,0.008333333333333333,1
7.406833333333334,0.4392626081160208,6.66,8.29,1.629999999999999,7.27,-0.0069560386137926256,0.7833333333333333,0.0,0
7.1760833333333345,0.3813535014334542,6.48,8.01,1.5299999999999994,7.13,-0.003945100354191258,0.6416666666666667,0.0,0
7.413083333333334,0.4530117655450267,6.48,8.26,1.7799999999999994,7.48,0.0012407458851308676,0.8,0.0,0
7.398499999999999,0.4123644221640207,6.62,8.31,1.6900000000000004,7.38,-0.0020395166330995198,0.8166666666666667,0.0,0
7.386166666666667,0.30691525250828156,6.81,8.16,1.3500000000000005,7.37,0.00016681714007918725,0.9,0.0,0
7.397916666666668,0.3847919260962851,6.73,8.36,1.629999999999999,7.38,0.0007916174734356437,0.8,0.0,0
7.436333333333334,0.49281831224994965,6.58,8.31,1.7300000000000004,7.51,0.005094867699145786,0.7416666666666667,0.0,0
7.483333333333333,0.31335904149854826,6.79,8.03,1.2399999999999993,7.48,-0.004471977220640339,0.9333333333333333,0.0,0
7.3919999999999995,0.17306838725390222,6.93,7.67,0.7400000000000002,7.42,-0.0008909646503229544,0.9666666666666667,0.0,0
7.417166666666666,0.2685522399004625,6.81,8.03,1.2199999999999998,7.38,0.0036332384193346933,0.9583333333333334,0.0,0
7.474,0.28805786455733734,6.77,8.1,1.33,7.55,0.0035300368081116543,0.9,0.0,0
7.420249999999999,0.5257398952904373,6.66,8.44,1.7799999999999994,7.359999999999999,0.0013576984512813344,0.7,0.0,0
7.20325,0.4072246769290879,6.45,7.75,1.2999999999999998,7.380000000000001,0.007257969303423846,0.675,0.0,0
7.46175,0.3716307811524766,6.51,8.11,1.5999999999999996,7.52,0.00033241891798043067,0.825,0.0,0
7.354083333333334,0.4770735370173263,6.29,8.27,1.9799999999999995,7.45,0.007175533023126607,0.7083333333333334,0.0,0
7.378583333333334,0.45395905805357467,6.25,8.04,1.7899999999999991,7.54,-0.003307903326619869,0.7083333333333334,0.0,0
7.238333333333333,0.34408655241894526,6.51,7.67,1.1600000000000001,7.36,-0.008594694075977502,0.7416666666666667,0.0,0
7.136666666666668,0.20874359604282214,6.55,7.44,0.8900000000000006,7.17,0.004605805958747157,0.8166666666666667,0.0,0
7.343333333333334,0.25977661343717773,6.84,8.1,1.2599999999999998,7.32,0.0024925342037641356,0.9083333333333333,0.0,0
7.1795833333333325,0.14832057529404197,6.99,7.58,0.5899999999999999,7.14,-0.0014862490450725935,0.9916666666666667,0.0,0
7.346666666666667,0.11814068825862763,7.06,7.57,0.5100000000000007,7.38,-0.0007962358497117925,1.0,0.0,0
7.408166666666667,0.18030059776815927,6.79,7.97,1.1799999999999997,7.4,0.0006150427112993739,0.975,0.0,0
7.211916666666667,0.10903589495615142,6.99,7.49,0.5,7.23,-0.00035735120494480034,0.975,0.0,0
7.025333333333333,0.1794107639530645,6.5,7.57,1.0700000000000003,7.04,3.8127647753320785e-05,0.6416666666666667,0.0,0
7.311916666666667,0.12494195874707408,7.01,7.83,0.8200000000000003,7.34,-0.0002697062295992916,1.0,0.0,0
7.3421666666666665,0.20488689291628417,7.03,7.95,0.9199999999999999,7.3,0.0012866865754566172,1.0,0.0,0
7.22475,0.13613695616302482,6.93,7.47,0.54,7.23,-0.002649454823251652,0.9166666666666666,0.0,0
7.182333333333333,0.2368886283092167,6.9,7.86,0.96,7.07,0.00532585596221957,0.7083333333333334,0.0,0
7.2822499999999994,0.10089154655701668,7.01,7.65,0.6400000000000006,7.27,0.0006053545385096187,1.0,0.0,0
7.250749999999999,0.13466725969341375,6.91,7.6,0.6899999999999995,7.23,0.0012800541704285062,0.9583333333333334,0.0,0
7.233666666666666,0.17639885361179522,6.81,7.53,0.7200000000000006,7.25,-0.002292798110979973,0.85,0.0,0
7.146583333333333,0.22755766973573002,6.38,7.51,1.13,7.17,-0.002393117577609545,0.75,0.0,0
7.2787500000000005,0.19681024067190542,6.97,8.03,1.0599999999999996,7.23,0.0012173414820473483,0.9583333333333334,0.0,0
7.331916666666666,0.142099119357659,7.06,7.64,0.5800000000000001,7.34,0.0004670115980276512,1.0,0.0,0
7.411916666666667,0.1927705710308385,6.91,7.73,0.8200000000000003,7.45,-0.0025329189527050263,0.9833333333333333,0.0,0
7.479333333333333,0.1313058346846103,7.17,7.7,0.5300000000000002,7.47,0.0009357594277380403,1.0,0.0,0
7.32375,0.1498502724944692,6.9,7.65,0.75,7.34,0.0005800055559413705,0.9833333333333333,0.0,0
7.4857499999999995,0.23784680819104273,7.16,8.39,1.2300000000000004,7.38,0.004380477810959064,1.0,0.0,0
7.586249999999999,0.16355968584383296,7.16,8.01,0.8499999999999996,7.6,-0.0012676227515799757,1.0,0.0,0
7.494833333333333,0.14070052909953426,7.19,7.98,0.79,7.47,-0.0015603861379262633,1.0,0.0,0
7.351416666666667,0.10255320434887549,7.14,7.6,0.45999999999999996,7.36,-0.0003475588582540543,1.0,0.0,0
7.273749999999999,0.2001085642844903,6.7,7.67,0.9699999999999998,7.3,-0.0014600666712966258,0.9,0.0,0
7.508166666666667,0.20067794818785867,6.93,8.06,1.1300000000000008,7.51,0.0014183623862768667,0.9666666666666667,0.0,0
7.434083333333334,0.10100739109369945,7.1,7.65,0.5500000000000007,7.44,-0.00046784498923538006,1.0,0.0,0
7.32725,0.15039926030403206,6.78,7.7,0.9199999999999999,7.34,-0.0012170636849781241,0.9833333333333333,0.0,0
7.0847500000000005,0.1497940947879233,6.53,7.42,0.8899999999999997,7.09,-0.0022875546912979735,0.7916666666666666,0.0,0
7.168416666666667,0.1141197896461823,6.9,7.44,0.54,7.19,0.0004106187929717353,0.925,0.0,0
7.036,0.1628823706441758,6.7,7.42,0.7199999999999998,7.07,-0.0012009861795957996,0.625,0.0,0
7.185666666666666,0.13650844499720727,6.77,7.4,0.6300000000000008,7.23,0.0021616778942982,0.8833333333333333,0.0,0
7.497,0.19072056347791477,7.01,7.86,0.8500000000000005,7.515,0.0036374748246405897,1.0,0.0,0
7.391416666666667,0.10536678661809049,7.12,7.65,0.5300000000000002,7.390000000000001,-0.0012548440863949031,1.0,0.0,0
7.293000000000001,0.071,7.12,7.55,0.4299999999999997,7.29,-6.076810889647605e-05,1.0,0.0,0
7.102083333333334,0.15650823105795075,6.33,7.44,1.1100000000000003,7.1,1.385512882840905e-05,0.8583333333333333,0.0,0
6.700916666666666,0.3189043634940663,6.2,7.55,1.3499999999999996,6.68,0.006214771859156871,0.15833333333333333,0.0,0
6.401666666666667,0.3355898621167742,5.22,7.27,2.05,6.3,-0.0007191471629974409,0.08333333333333333,0.058333333333333334,0
6.415333333333334,0.22197197020244597,5.97,7.09,1.12,6.390000000000001,0.0021568858948538086,0.016666666666666666,0.008333333333333333,0
6.325916666666666,0.2911256768514626,5.66,7.19,1.5300000000000002,6.3100000000000005,0.001839606917147011,0.041666666666666664,0.08333333333333333,0
6.4735,0.3493151633315298,5.89,7.12,1.2300000000000004,6.33,-0.007730467393569029,0.09166666666666666,0.03333333333333333,0
6.51125,0.32158866714070217,5.68,7.38,1.7000000000000002,6.47,0.006175602472393905,0.09166666666666666,0.025,0
6.488583333333334,0.1733652013973841,6.14,6.86,0.7200000000000006,6.48,-0.0016970970206264366,0.0,0.0,0
6.5248333333333335,0.32676949912064246,5.92,7.17,1.25,6.45,0.002413362039030476,0.11666666666666667,0.041666666666666664,0
7.084583333333333,0.2636471626793827,6.45,7.82,1.37,7.08,-0.00296058754080146,0.6166666666666667,0.0,0
6.8045,0.33770512285128274,6.25,7.71,1.46,6.84,-2.8404750329883106e-05,0.21666666666666667,0.0,0
6.548166666666666,0.23980194374154318,6.03,7.06,1.0299999999999994,6.55,-0.005170428501979334,0.041666666666666664,0.0,0
6.420833333333333,0.20495765145241318,6.03,7.14,1.1099999999999994,6.42,0.000984998958260976,0.008333333333333333,0.0,0
6.590416666666666,0.4351271764923702,5.72,7.7,1.9800000000000004,6.57,0.006170115980276411,0.16666666666666666,0.05,0
6.816416666666667,0.3465034772151965,5.88,7.77,1.8899999999999997,6.79,-0.0009666296270574559,0.2833333333333333,0.008333333333333333,0
6.947583333333333,0.30928141401570763,6.4,8.11,1.709999999999999,6.91,0.003584033613445346,0.4083333333333333,0.0,0
7.008166666666667,0.25172731057413866,6.48,7.88,1.3999999999999995,6.96,-0.0025175359399958325,0.43333333333333335,0.0,0
6.84,0.19340803154643468,6.35,7.55,1.2000000000000002,6.82,0.0008609625668449124,0.21666666666666667,0.0,0
6.800166666666667,0.30602282957685073,6.2,7.91,1.71,6.779999999999999,-0.003435377456767848,0.25,0.0,0
6.823416666666666,0.222109191740359,6.3,7.52,1.2199999999999998,6.78,0.0017076533092575657,0.20833333333333334,0.0,0
7.034166666666667,0.30275563119820287,6.45,7.49,1.04,7.14,-0.002669490936870611,0.6916666666666667,0.0,0
6.575666666666666,0.3245194738207384,6.09,7.51,1.42,6.55,-0.003446975484408631,0.10833333333333334,0.0,0
6.112833333333333,0.2496970942740201,5.71,6.83,1.12,6.08,-0.0044338495728870175,0.0,0.2916666666666667,0
5.758083333333333,0.21823647660788106,5.48,6.64,1.1599999999999993,5.7,-0.00243221751510523,0.0,0.8833333333333333,0
5.788916666666666,0.37202776740751786,5.31,6.53,1.2200000000000006,5.57,0.009435064935064932,0.0,0.7083333333333334,0
6.561333333333335,0.22988741205690716,6.17,7.25,1.08,6.47,0.00480463921105632,0.058333333333333334,0.0,0
6.69875,0.390259662489818,6.12,7.44,1.3200000000000003,6.65,0.008132057781790377,0.325,0.0,0
6.252083333333333,0.3874357921714972,5.68,7.23,1.5500000000000007,6.23,-0.004792659212445285,0.03333333333333333,0.2833333333333333,0
6.2227500000000004,0.23677683762001162,5.76,6.66,0.9000000000000004,6.23,0.002113167581082003,0.0,0.25833333333333336,0
6.3414166666666665,0.2994391864617737,5.92,7.06,1.1399999999999997,6.295,0.006985033682894634,0.008333333333333333,0.041666666666666664,0
6.904083333333333,0.10270910243119753,6.53,7.04,0.5099999999999998,6.93,0.0021831029932633927,0.21666666666666667,0.0,0
6.804166666666666,0.20464026702701713,6.32,7.17,0.8499999999999996,6.84,-0.004054309327036595,0.175,0.0,0
6.681416666666666,0.2760504055220511,6.35,7.78,1.4300000000000006,6.6,-0.0016418154038474833,0.08333333333333333,0.0,0
6.555249999999999,0.08758769415087181,6.36,6.91,0.5499999999999998,6.55,0.0009356552538370494,0.0,0.0,0
6.441166666666667,0.4230724589896577,5.77,7.55,1.7800000000000002,6.575,-0.009086464337801232,0.05,0.18333333333333332,0
6.323083333333333,0.6548597761268353,4.44,7.53,3.09,6.44,0.0025481283422459865,0.1,0.2,0
6.348333333333333,0.42511632395015,5.44,7.4,1.96,6.38,0.0027736648378359485,0.06666666666666667,0.225,0
5.8300833333333335,0.33803721647508306,5.36,6.84,1.4799999999999995,5.76,0.005791270227099081,0.0,0.6583333333333333,0
6.195916666666666,0.4171720185433768,5.64,7.44,1.8000000000000007,6.03,-0.007849121466768532,0.075,0.44166666666666665,0
6.098916666666667,0.33877917053574724,5.57,6.86,1.29,6.18,0.006817730397944293,0.0,0.35,0
6.27525,0.34492019004401586,5.64,7.36,1.7200000000000006,6.18,-0.0014074241266754475,0.03333333333333333,0.14166666666666666,0
6.223166666666667,0.39745436495555336,5.25,7.17,1.92,6.3,0.0070585457323425384,0.016666666666666666,0.36666666666666664,0
6.902916666666666,0.467796957082403,6.35,7.83,1.4800000000000004,6.67,0.004154350996597008,0.2916666666666667,0.0,0
6.71075,0.5011705672722611,5.74,7.86,2.12,6.8,0.007353323147440817,0.2916666666666667,0.175,0
6.44225,0.5151981212763365,5.66,7.44,1.7800000000000002,6.42,-0.009976699770817412,0.2,0.3,0
6.437333333333333,0.6580244845157528,5.0,7.64,2.6399999999999997,6.46,0.007303562747413007,0.19166666666666668,0.16666666666666666,0
6.180583333333333,0.3794322421577914,5.72,7.36,1.6400000000000006,6.03,0.0027259184665601763,0.058333333333333334,0.4,0
6.182500000000001,0.34423163228655596,5.76,7.49,1.7300000000000004,6.14,-0.0006815056601152694,0.05,0.275,0
6.043666666666667,0.4988853130285112,5.23,6.99,1.7599999999999998,6.16,-0.011641086186540769,0.0,0.43333333333333335,0
5.837249999999999,0.2879090206413593,5.48,6.6,1.1199999999999992,5.75,0.004805090631293835,0.0,0.6666666666666666,0
5.544666666666667,0.18574145710876958,5.31,6.36,1.0500000000000007,5.49,0.0007050489617334525,0.0,0.95,0
5.369916666666667,0.3382664034784155,4.83,6.32,1.4900000000000002,5.4350000000000005,-0.00036346274046809835,0.0,0.9666666666666667,0
5.709416666666667,0.22410672990539324,5.33,6.32,0.9900000000000002,5.66,-0.003174213487047709,0.0,0.8833333333333333,0
5.737333333333334,0.3208886965219492,5.28,6.88,1.5999999999999996,5.64,0.003244322522397389,0.0,0.875,0
5.788583333333333,0.1782661672580888,5.5,6.57,1.0700000000000003,5.79,0.0010934439891659065,0.0,0.9166666666666666,0
5.784249999999999,0.5442895407470795,3.87,6.71,2.84,5.92,-0.0027754357941523785,0.0,0.65,0
6.11375,0.2506659879201804,5.66,6.63,0.9699999999999998,6.14,-0.0019158622126536995,0.0,0.25,0
6.18925,0.048975546619376,6.09,6.33,0.2400000000000002,6.18,0.0006639697201194406,0.0,0.0,0
6.237166666666667,0.05386995658270228,6.14,6.44,0.3000000000000007,6.23,0.0008642961316757998,0.0,0.0,0
6.28175,0.05406265655083304,6.16,6.4,0.2400000000000002,6.29,-0.00035853184248904287,0.0,0.0,0
6.328583333333333,0.0500549004149999,6.2,6.5,0.2999999999999998,6.33,8.392943954441594e-05,0.0,0.0,0
6.3931666666666676,0.05624327120247864,6.27,6.5,0.23000000000000043,6.4,0.0006012223071046474,0.0,0.0,0
6.408333333333333,0.07995137411090708,6.23,6.62,0.3899999999999997,6.4,-0.0009226335162163599,0.0,0.0,0
6.28325,0.07529013326237823,6.01,6.42,0.41000000000000014,6.3,4.69824293353848e-05,0.0,0.0,0
6.325749999999999,0.04569213097824759,6.2,6.4,0.20000000000000018,6.33,0.00025345510104869614,0.0,0.0,0
6.327333333333333,0.04639923371014751,6.2,6.4,0.20000000000000018,6.35,-0.00016487256059445827,0.0,0.0,0
6.300666666666666,0.051327921792680795,6.17,6.4,0.23000000000000043,6.32,0.0004136398360997254,0.0,0.0,0
6.305333333333334,0.05303981732832627,6.18,6.4,0.22000000000000064,6.32,-0.0004615598305438111,0.0,0.0,0
6.307916666666666,0.047432334845428914,6.18,6.4,0.22000000000000064,6.32,0.0004362455726092171,0.0,0.0,0
6.334666666666666,0.044063086087512734,6.22,6.44,0.22000000000000064,6.35,6.799083269670824e-05,0.0,0.0,0
6.358333333333333,0.04351883372620294,6.25,6.42,0.16999999999999993,6.36,-9.347871379956381e-05,0.0,0.0,0
6.35825,0.07900065927994948,6.22,6.97,0.75,6.35,0.0005650739634696532,0.0,0.0,0
7.06075,0.41954173908364994,5.9,7.51,1.6099999999999994,7.25,0.0059338495728870014,0.775,0.025,0
7.069500000000001,0.09723553877055449,6.9,7.29,0.3899999999999997,7.07,-0.0025577470657684427,0.7166666666666667,0.0,0
6.502583333333334,0.32412316546166353,5.94,7.06,1.1199999999999992,6.475,-0.005724737829015877,0.025,0.025,0
6.45075,0.210492131681923,6.09,6.88,0.79,6.43,0.0014820126397666596,0.0,0.0,0
6.431500000000001,0.2559643529868954,6.09,7.07,0.9800000000000004,6.35,-0.002267726925480902,0.016666666666666666,0.0,0
6.579,0.38751430081138083,5.97,7.53,1.5600000000000005,6.575,0.00633453712063335,0.16666666666666666,0.008333333333333333,0
5.6827499999999995,1.6386228783646346,1.91,7.65,5.74,6.38,-0.012972741162580724,0.1,0.3333333333333333,0
5.753416666666667,1.2243981486382969,2.43,7.07,4.640000000000001,6.225,0.022502361275088537,0.03333333333333333,0.44166666666666665,0
6.947166666666666,0.08797900633421332,6.7,7.17,0.46999999999999975,6.96,-0.0007553996805333788,0.3,0.0,0
6.87775,0.2872816924785381,4.94,7.19,2.25,6.93,0.001231786929647888,0.31666666666666665,0.016666666666666666,0
6.773833333333332,0.3360262473213795,5.68,7.29,1.6100000000000003,6.890000000000001,0.007315716369192322,0.25833333333333336,0.025,0
7.170166666666666,0.3431423012233976,6.47,8.21,1.740000000000001,7.109999999999999,0.0012127925550385454,0.6916666666666667,0.0,0
7.088833333333334,0.14917094965918207,6.7,7.44,0.7400000000000002,7.09,-0.003640947288006103,0.775,0.0,0
7.06675,0.16378930825911683,6.66,7.34,0.6799999999999997,7.1,-0.0032144246128203427,0.7166666666666667,0.0,0
7.157916666666667,0.15712466299795916,6.75,7.49,0.7400000000000002,7.19,-0.0004172859226335004,0.8,0.0,0
6.887666666666666,0.35914883946476683,6.23,7.98,1.75,6.93,-0.0005755260781998666,0.4166666666666667,0.0,0
6.920166666666668,0.2402775594090209,6.42,7.67,1.25,6.91,-0.0001431349399263591,0.38333333333333336,0.0,0
6.91775,0.3986089614731042,6.03,8.06,2.0300000000000002,6.8,-0.0035060420862560327,0.30833333333333335,0.0,0
6.692333333333333,0.7808774267166106,2.28,7.51,5.23,6.9,-0.005789360372248109,0.24166666666666667,0.058333333333333334,0
6.2789166666666665,0.8579916431540706,2.83,7.03,4.2,6.59,0.013517570664629493,0.008333333333333333,0.2,0
6.380916666666667,0.7117010091245403,4.22,7.78,3.5600000000000005,6.63,-0.011767171331342486,0.041666666666666664,0.18333333333333332,0
6.748499999999999,0.30520935437826935,6.05,7.4,1.3500000000000005,6.775,-0.0061107021320925044,0.18333333333333332,0.0,0
6.674,0.36251758578033155,5.86,7.19,1.33,6.76,-0.0026681714007917422,0.2833333333333333,0.041666666666666664,0
6.917083333333333,0.360366470492963,5.97,7.83,1.8600000000000003,6.9,0.002242690464615598,0.36666666666666664,0.008333333333333333,0
6.770333333333334,0.39340380724588264,6.14,8.01,1.87,6.68,-0.004329050628515896,0.23333333333333334,0.0,0
6.338750000000001,0.21278926390523878,6.05,7.14,1.0899999999999999,6.29,-0.0026866796305299073,0.025,0.0,0
6.586,0.46196572744450787,5.86,7.78,1.92,6.45,0.009070699354121763,0.2,0.09166666666666666,0
6.963666666666666,0.394771945417717,6.18,7.97,1.79,6.95,-0.005870546565733722,0.45,0.0,0
6.932916666666666,0.4274564224053203,5.89,7.82,1.9300000000000006,7.01,-0.001596326133759323,0.5416666666666666,0.025,0
6.636166666666667,0.32669349379638535,6.01,7.53,1.5200000000000005,6.62,-0.002517327592193898,0.14166666666666666,0.0,0
6.525916666666668,0.26985643045062974,5.92,7.25,1.33,6.51,-0.0011993541218140245,0.041666666666666664,0.025,0
6.694500000000001,0.3865226384055661,5.89,7.55,1.6600000000000001,6.66,0.0008189457601222374,0.20833333333333334,0.008333333333333333,0
6.594583333333333,0.30470722514498333,6.03,7.64,1.6099999999999994,6.515000000000001,-0.0011810889645114387,0.058333333333333334,0.0,0
6.673,0.2412833742027549,6.16,7.34,1.1799999999999997,6.68,0.00045878185985138146,0.075,0.0,0
7.206833333333334,0.28742530430627633,6.47,7.93,1.46,7.210000000000001,-1.1806375442896486e-06,0.8083333333333333,0.0,0
6.868916666666667,0.41550129529146945,5.99,7.78,1.79,6.905,0.0008171053545385086,0.39166666666666666,0.008333333333333333,0
6.75225,0.2942489379759934,6.01,7.44,1.4300000000000006,6.77,-0.0024498576290020307,0.2,0.0,0
6.423333333333333,0.29763605665682075,5.74,7.49,1.75,6.33,0.0031162580734773217,0.05,0.025,0
7.0185,0.42884661204988744,6.17,7.98,1.8100000000000005,7.02,0.00304562816862281,0.5416666666666666,0.0,0
6.599333333333332,0.7867165238438105,5.28,7.6,2.3199999999999994,6.885,-0.019428918674907977,0.48333333333333334,0.3416666666666667,0
6.008916666666667,0.323271804712725,5.18,6.83,1.6500000000000004,5.965,-0.005637648447808882,0.0,0.525,0
5.748749999999999,0.39463181680312265,4.61,6.78,2.17,5.779999999999999,0.0051317799847211635,0.0,0.775,0
6.008,0.22003257334616017,5.13,6.57,1.4400000000000004,6.01,0.0016898395721925315,0.0,0.48333333333333334,0
6.124166666666667,0.33066998486238347,5.53,6.97,1.4399999999999995,6.109999999999999,0.001461282033474579,0.0,0.39166666666666666,0
6.310416666666667,0.22111986128693994,5.9,6.81,0.9099999999999993,6.29,0.0011069865962914042,0.0,0.06666666666666667,0
6.51225,0.14111734183532038,6.27,6.86,0.5900000000000007,6.48,-0.001496666435169115,0.0,0.0,0
6.53075,0.1851088080922497,6.03,7.03,1.0,6.53,-0.0018475241336204117,0.008333333333333333,0.0,0
6.0235,0.5870812692180416,3.46,6.81,3.3499999999999996,6.18,-0.01148371414681575,0.0,0.3,0
4.560083333333334,1.1239658178620124,2.93,6.58,3.65,4.18,0.00988773525939302,0.0,0.7916666666666666,0
4.557416666666668,1.1195962783025357,2.96,6.73,3.7700000000000005,4.46,0.0052056740051392445,0.0,0.8583333333333333,0
6.372166666666667,0.40823437576416266,4.02,7.16,3.1400000000000006,6.35,-0.0030357663726647555,0.041666666666666664,0.11666666666666667,0
6.405166666666667,0.4191578527900385,5.31,7.23,1.9200000000000008,6.41,0.00014278769358983602,0.09166666666666666,0.15,0
6.476000000000001,0.28193498068408135,5.71,7.12,1.4100000000000001,6.55,-0.0003034932981456782,0.016666666666666666,0.08333333333333333,0
6.4517500000000005,0.5528813352188093,3.98,7.38,3.4,6.5,-0.007865511493853736,0.15833333333333333,0.15833333333333333,0
5.491416666666667,0.9104250800526581,2.83,6.91,4.08,5.68,-0.0070731648031113065,0.0,0.6583333333333333,0
5.8925,1.060976947597512,3.02,7.38,4.359999999999999,6.23,0.0076780331967497475,0.06666666666666667,0.26666666666666666,0
4.8055,1.0276541652391302,3.04,6.71,3.67,4.68,-0.01401458434613515,0.0,0.8583333333333333,0
4.5405,1.3547600341019805,2.19,6.84,4.65,4.154999999999999,-0.023946246267101876,0.0,0.7833333333333333,0
5.29325,1.3729428019768342,2.06,6.96,4.9,5.85,0.016832731439683325,0.0,0.5583333333333333,0
3.1287500000000006,0.41534235376774825,2.73,4.87,2.14,3.02,-0.0011421279255503984,0.0,1.0,0
4.073083333333334,0.9350791373223742,3.04,5.97,2.9299999999999997,3.8,-0.024685637891520257,0.0,1.0,0
3.5656666666666665,0.46218635010374576,2.91,4.48,1.5700000000000003,3.48,0.005236127508854772,0.0,1.0,0
3.616583333333333,0.37048503306101616,3.09,4.54,1.4500000000000002,3.5999999999999996,0.005951698034585725,0.0,1.0,0
3.5574999999999997,0.3526217283908258,3.16,4.51,1.3499999999999996,3.415,-0.0028040141676505276,0.0,1.0,0
3.5662500000000006,0.3590358907314606,3.15,4.33,1.1800000000000002,3.41,0.008666956038613784,0.0,1.0,0
4.123,0.7390225526554203,3.47,6.36,2.89,3.92,0.009172720327800555,0.0,0.925,0
4.28725,0.743009603459695,3.13,5.61,2.4800000000000004,4.0600000000000005,-0.020640912563372464,0.0,1.0,0
3.4259166666666667,0.2754919715506949,3.16,4.31,1.1499999999999995,3.34,0.0051345579554135665,0.0,1.0,0
4.279,0.6399731765212248,3.02,5.35,2.3299999999999996,4.46,0.009839086047642191,0.0,1.0,0
3.577,0.5663002737064499,2.96,4.72,1.7599999999999998,3.17,-0.01437113688450588,0.0,1.0,0
3.3365,0.3000906807394503,3.02,4.28,1.2600000000000002,3.215,-0.0011394541287589315,0.0,1.0,0
4.738249999999999,0.7509146228655648,3.42,6.47,3.05,4.545,0.004959198555455239,0.0,0.9083333333333333,0
4.079083333333333,0.5440526871442589,3.29,5.42,2.13,3.95,-0.005785297590110437,0.0,1.0,0
4.922416666666667,0.37390951631228764,3.87,5.89,2.0199999999999996,4.96,-0.004092749496492813,0.0,1.0,0
4.928333333333332,0.31475475461945857,4.29,5.53,1.2400000000000002,5.0,0.0037405375373289838,0.0,1.0,0
3.9443333333333332,0.9067466876452075,2.69,5.2,2.5100000000000002,4.27,-0.024855892770331282,0.0,1.0,0
4.6665833333333335,0.4687687699945702,3.77,5.88,2.11,4.65,0.005966351829988159,0.0,1.0,0
5.656916666666667,0.556466225140594,4.53,6.7,2.17,5.66,0.012010174317660955,0.0,0.7333333333333333,0
6.313416666666668,0.2455656593572391,5.81,7.03,1.2200000000000006,6.29,0.003595770539620821,0.008333333333333333,0.08333333333333333,0
5.330166666666667,1.277986034961085,1.15,6.75,5.6,5.645,0.0057740120841725095,0.0,0.575,0
5.991083333333334,0.40556091986558845,3.96,6.63,2.67,6.12,-0.005360059726369882,0.0,0.48333333333333334,0
5.060666666666666,1.0295619888520016,2.37,6.55,4.18,5.12,0.008630668796444202,0.0,0.7666666666666667,0
5.483416666666667,0.7019870557132011,3.67,6.63,2.96,5.32,0.013330543787763044,0.0,0.6916666666666667,0
5.94225,0.6964379159934742,3.22,6.84,3.6199999999999997,6.17,0.011067539412459202,0.0,0.3,0
6.146583333333334,0.44067277321790094,4.87,7.14,2.2699999999999996,6.14,-0.002813424543371073,0.03333333333333333,0.24166666666666667,0
6.287166666666667,0.20641456397798635,5.9,6.78,0.8799999999999999,6.22,-0.003863740537537337,0.0,0.016666666666666666,0
6.4869166666666676,0.1298511701483236,6.1,6.75,0.6500000000000004,6.51,0.0025802139037433176,0.0,0.0,0
6.454583333333333,0.06402988668496047,6.32,6.7,0.3799999999999999,6.45,-0.0009130842419612591,0.0,0.0,0
6.4318333333333335,0.06616876570977845,6.27,6.81,0.54,6.44,-0.0004987151885547768,0.0,0.0,0
6.544916666666666,0.18597937086916086,6.23,6.96,0.7299999999999995,6.53,0.0043158899923605885,0.0,0.0,0
6.557500000000001,0.0796790436689597,6.44,6.81,0.3699999999999992,6.55,-0.0012996735884436526,0.0,0.0,0
6.524749999999999,0.04885288289002674,6.42,6.71,0.29000000000000004,6.51,0.0007848808945065607,0.0,0.0,0
6.388249999999999,0.5735600266464415,2.89,6.9,4.01,6.5,-0.0007127231057712363,0.0,0.075,0
6.386666666666667,0.31496648851725306,5.48,6.9,1.42,6.47,0.0028115841377873633,0.0,0.14166666666666666,0
6.588750000000001,0.17701018096896765,6.29,6.96,0.6699999999999999,6.5600000000000005,0.0029168345023960185,0.0,0.0,0
6.59575,0.1955021845572746,6.25,7.03,0.7800000000000002,6.57,-0.002660566706021248,0.03333333333333333,0.0,0
6.521833333333334,0.11869416816152151,6.35,6.84,0.4900000000000002,6.5,-0.0007967219945829513,0.0,0.0,0
6.487666666666668,0.11450424543318127,6.29,6.75,0.45999999999999996,6.47,-0.0005302451559135937,0.0,0.0,0
6.400833333333334,0.10950329776870749,6.16,6.68,0.5199999999999996,6.38,-0.0010962566844919667,0.0,0.0,0
6.423583333333332,0.2665733039688875,5.72,6.91,1.1900000000000004,6.42,0.004992534203764154,0.0,0.03333333333333333,0
6.551333333333334,0.22404215873109432,5.92,6.88,0.96,6.53,-0.00438315160775054,0.0,0.008333333333333333,0
6.521,0.13030988706413135,6.27,6.83,0.5600000000000005,6.51,2.465448989512669e-05,0.0,0.0,0
6.326083333333332,0.43029698239187725,5.13,7.1,1.9699999999999998,6.4,0.0006525105910132745,0.016666666666666666,0.21666666666666667,0
7.046583333333333,0.5598414892231154,3.82,7.65,3.8300000000000005,7.21,0.007122751579970803,0.75,0.041666666666666664,0
6.1135833333333345,1.6643416094827275,2.15,7.32,5.17,6.87,-0.026883498854087088,0.24166666666666667,0.19166666666666668,0
4.850333333333334,1.5110172805835884,2.27,6.83,4.5600000000000005,5.295,-0.016207792207792213,0.0,0.6583333333333333,0
5.102083333333334,1.7000077920573056,2.12,6.5,4.38,6.16,0.03848374887144942,0.0,0.375,0
3.9595,1.0920323942081571,2.19,6.03,3.8400000000000003,3.55,-0.026607681088964514,0.0,0.9916666666666667,0
4.936916666666667,1.3013357213733212,2.04,5.96,3.92,5.61,-0.01980175706646296,0.0,1.0,0
4.409166666666666,1.6919715242547342,2.08,6.27,4.1899999999999995,5.6899999999999995,-0.04246211542468226,0.0,0.775,0
2.663,0.293685205619895,2.11,3.28,1.17,2.6799999999999997,0.007259393013403708,0.0,1.0,0
5.567333333333333,1.398301787486839,2.42,6.55,4.13,6.29,0.027466351829988186,0.0,0.24166666666666667,0
6.1049999999999995,0.06736715322271922,5.92,6.25,0.33000000000000007,6.1,0.0011884158622126524,0.0,0.075,0
6.149333333333334,0.11051194002861808,5.86,6.38,0.5199999999999996,6.17,0.0005813598166539216,0.0,0.125,0
6.171833333333333,0.07004740458353105,5.99,6.32,0.33000000000000007,6.17,-0.0015217028960344283,0.0,0.016666666666666666,0
6.265416666666667,0.052944874371578445,6.09,6.4,0.3100000000000005,6.27,0.0007647406069866015,0.0,0.0,0
6.0153333333333325,0.10662186559154842,5.86,6.44,0.5800000000000001,6.03,0.0009062434891311947,0.0,0.45,0
6.105916666666667,0.09881376281784951,5.88,6.33,0.4500000000000002,6.12,-0.0010408708938120976,0.0,0.16666666666666666,0
5.968,0.09511922343389201,5.81,6.33,0.5200000000000005,5.96,-0.001395860823668281,0.0,0.725,0
6.383416666666666,0.351815519444811,5.86,7.09,1.2299999999999995,6.35,0.006655635808042217,0.10833333333333334,0.1,0
6.448916666666667,0.1007455196136395,6.05,6.81,0.7599999999999998,6.47,0.0004345787901937781,0.0,0.0,0
6.4790833333333335,0.07635439120021553,6.29,6.63,0.33999999999999986,6.48,-0.00041756371970277164,0.0,0.0,0
6.3853333333333335,0.06279508119448708,6.23,6.53,0.2999999999999998,6.38,-0.0003587749149246505,0.0,0.0,0
6.306833333333333,0.0690287782176552,6.14,6.55,0.41000000000000014,6.3,-0.0003656503923883502,0.0,0.0,0
6.32225,0.08994871223832697,6.1,6.53,0.4300000000000006,6.33,-0.0011577540106951902,0.0,0.0,0
6.320249999999999,0.0461963652971386,6.17,6.48,0.3100000000000005,6.33,0.00030200013889852904,0.0,0.0,0
6.521,0.31229099677490973,6.03,7.38,1.3499999999999996,6.33,0.00723550246544898,0.08333333333333333,0.0,0
6.688916666666667,0.121557913723825,6.22,7.04,0.8200000000000003,6.71,-0.0007406417112299419,0.008333333333333333,0.0,0
6.694583333333333,0.3307388089145606,6.14,7.49,1.3500000000000005,6.66,0.005061983471074409,0.18333333333333332,0.0,0
7.062083333333334,0.1904813894379769,6.38,7.3,0.9199999999999999,7.14,0.0016070907701923487,0.775,0.0,0
6.545,0.3539420856580918,5.92,7.55,1.63,6.47,-0.0033062018195708226,0.125,0.016666666666666666,0
6.411,0.2662185818708629,5.84,6.88,1.04,6.47,0.006240155566358754,0.0,0.125,0
6.449083333333334,0.10979523238991554,6.18,6.99,0.8100000000000005,6.44,0.0004652059170775861,0.0,0.0,0
6.603666666666667,0.19101890540525623,6.27,7.25,0.9800000000000004,6.54,0.001322939092992555,0.06666666666666667,0.0,0
6.642833333333334,0.3141182986639836,6.14,7.32,1.1800000000000006,6.51,0.0039106882422390585,0.23333333333333334,0.0,0
6.8460833333333335,0.12387019976123755,6.44,7.23,0.79,6.81,-0.0017568928397805293,0.11666666666666667,0.0,0
6.892833333333334,0.11923494547414457,6.66,7.3,0.6399999999999997,6.87,-0.00025064240572262176,0.175,0.0,0
6.78725,0.11750150708253351,6.45,7.16,0.71,6.79,-0.0003371414681574951,0.03333333333333333,0.0,0
7.12625,0.45832496204476286,6.44,8.08,1.6399999999999997,6.965,0.009171018820751442,0.4666666666666667,0.0,0
7.031416666666667,0.5123675370820789,6.3,7.98,1.6800000000000006,6.9,0.003358184596152524,0.26666666666666666,0.0,0
6.844416666666666,0.10473614334231628,6.5,7.07,0.5700000000000003,6.84,-5.434405167028087e-05,0.041666666666666664,0.0,0
6.722833333333333,0.09499283598718845,6.5,7.04,0.54,6.73,0.00039523578026253234,0.016666666666666666,0.0,0
6.952,0.4042433260632347,6.3,7.86,1.5600000000000005,6.93,0.005660393082852972,0.35833333333333334,0.0,0
6.926416666666667,0.2165517483702735,6.48,7.64,1.1599999999999993,6.86,0.002184353080074991,0.35,0.0,0
7.104666666666666,0.3079013189679808,6.51,8.11,1.5999999999999996,7.02,-0.0031200083339121064,0.5416666666666666,0.0,0
6.796083333333333,0.1482357122588511,6.4,7.07,0.6699999999999999,6.79,-0.002148864504479464,0.075,0.0,0
6.9235,0.36318188739711854,6.3,7.84,1.54,6.835,0.005507257448433895,0.26666666666666666,0.0,0
6.956083333333333,0.26569812392178377,6.16,7.83,1.67,6.94,0.0018795402458503968,0.425,0.0,0
7.12375,0.4354998325678974,6.23,8.08,1.8499999999999996,7.105,0.009387353288422818,0.5666666666666667,0.0,0
6.4935,0.42471882855994664,5.97,7.8,1.83,6.4,-0.007586499062434904,0.13333333333333333,0.008333333333333333,0
6.354166666666667,0.22007416679130903,5.83,6.9,1.0700000000000003,6.35,0.001762552955066323,0.0,0.058333333333333334,0
6.820250000000001,0.37888094546088397,6.05,7.71,1.6600000000000001,6.81,0.0067819640252795325,0.31666666666666665,0.0,0
6.66875,0.19921329649398406,6.12,7.03,0.9100000000000001,6.71,0.0030772623098826364,0.016666666666666666,0.0,0
7.068333333333333,0.42072622399317533,5.9,7.68,1.7799999999999994,7.23,0.007561705674005113,0.6083333333333333,0.008333333333333333,0
6.806166666666667,0.07466796873864696,6.58,6.96,0.3799999999999999,6.81,-1.8959649975669552e-05,0.0,0.0,0
6.431166666666667,0.2338025639057213,6.01,7.25,1.2400000000000002,6.42,-0.0033391207722758545,0.03333333333333333,0.0,0
6.561000000000001,0.4535882861509249,5.96,7.47,1.5099999999999998,6.335,-0.0009952080005556098,0.24166666666666667,0.008333333333333333,0
6.37675,0.4088177313913867,5.77,7.49,1.7200000000000006,6.3,-0.001266025418431845,0.11666666666666667,0.11666666666666667,0
6.383,0.24658872642519572,5.96,7.29,1.33,6.35,-0.0015726092089728405,0.06666666666666667,0.016666666666666666,0
6.285583333333333,0.24864565092159208,5.83,7.12,1.29,6.29,-0.0015599347176887212,0.03333333333333333,0.10833333333333334,0
6.387916666666667,0.4032635528479552,5.76,7.27,1.5099999999999998,6.2,0.002517431766094823,0.10833333333333334,0.10833333333333334,0
5.287666666666667,0.8391600297652144,4.05,7.55,3.5,5.16,-0.012861726508785327,0.058333333333333334,0.8,0
5.033416666666667,0.8520939852634932,3.82,6.1,2.28,5.195,0.016583547468574208,0.0,0.8666666666666667,0
4.647000000000001,0.4781363125023379,4.11,5.79,1.6799999999999997,4.41,-0.008485589277033141,0.0,1.0,0
4.8068333333333335,0.5499151197129324,4.24,6.09,1.8499999999999996,4.53,0.008879922216820628,0.0,0.9833333333333333,0
5.176833333333333,0.3035291950080292,4.67,5.92,1.25,5.18,0.0028724216959511053,0.0,1.0,0
5.625416666666666,0.38342077806967567,4.87,6.29,1.42,5.635,0.004261163969720084,0.0,0.7916666666666666,0
6.2266666666666675,0.19193459534145713,5.7,6.66,0.96,6.23,0.002922147371345223,0.0,0.1,0
6.42275,0.1339276079330422,6.09,6.77,0.6799999999999997,6.42,-0.0010255226057365114,0.0,0.0,0
5.746333333333333,0.4689401762366805,4.42,6.58,2.16,5.86,0.001969025626779625,0.0,0.6833333333333333,0
6.50975,0.5721253686911637,4.76,7.53,2.7700000000000005,6.635,0.010822591846656036,0.175,0.2833333333333333,0
5.985833333333334,0.44763747112541363,5.07,6.84,1.7699999999999996,5.92,-0.0016275435794152427,0.0,0.55,0
6.477,0.07630639990634253,6.14,6.6,0.45999999999999996,6.48,0.0006328217237308197,0.0,0.0,0
6.515583333333333,0.12276533056563192,5.97,6.77,0.7999999999999998,6.53,-0.0003036669213139585,0.0,0.008333333333333333,0
6.598083333333333,0.06583180377969966,6.47,6.77,0.2999999999999998,6.58,0.0004797208139454059,0.0,0.0,0
6.38475,0.191876533652937,5.12,6.57,1.4500000000000002,6.44,-0.0009641294534342409,0.0,0.03333333333333333,0
5.125666666666667,0.8385401335389712,4.11,6.93,2.8199999999999994,4.87,-0.005816515035766362,0.0,0.7666666666666667,0
5.942333333333333,1.2394170224567498,2.78,7.23,4.450000000000001,6.36,0.029879297173414802,0.08333333333333333,0.31666666666666665,0
7.292333333333333,0.38842574007853237,6.51,7.98,1.4700000000000006,7.13,0.005614487117160924,0.6333333333333333,0.0,0
7.054583333333334,0.18005506487985526,6.53,7.47,0.9399999999999995,7.04,-0.0010921939023543414,0.65,0.0,0
7.331,0.567553815363207,6.1,8.11,2.01,7.41,0.00947746371275783,0.7333333333333333,0.0,0
7.445083333333333,0.30709389398394465,6.51,7.97,1.46,7.46,0.0014920827835266297,0.9333333333333333,0.0,0
6.9742500000000005,0.24697051949574872,6.48,7.75,1.2699999999999996,6.99,-0.001481109799291613,0.4666666666666667,0.0,0
6.751916666666667,0.19263651364393225,6.45,7.23,0.7800000000000002,6.73,-0.004649107576915094,0.1,0.0,0
7.101416666666667,0.3740951212221596,6.5,7.78,1.2800000000000002,7.09,0.00681342454337107,0.5666666666666667,0.0,0
7.006166666666667,0.1387995156891967,6.6,7.36,0.7600000000000007,7.01,0.001644766997708165,0.5083333333333333,0.0,0
7.033,0.08535806933149315,6.53,7.21,0.6799999999999997,7.04,0.00010368775609419786,0.75,0.0,0
7.183166666666667,0.3933848483214483,6.27,7.9,1.6300000000000008,7.17,0.004163622473782866,0.7333333333333333,0.0,0
7.500249999999999,0.4223495047548494,6.48,8.08,1.5999999999999996,7.45,-0.0067664768386693575,0.8916666666666667,0.0,0
6.771416666666666,0.5351032545738771,4.54,7.73,3.1900000000000004,6.9,0.003153934300993091,0.35,0.058333333333333334,0
6.959249999999999,0.2471813184014251,6.48,7.49,1.0099999999999998,7.04,-0.0008259254114869185,0.6,0.0,0
6.053083333333333,0.48425509089276036,5.38,7.1,1.7199999999999998,5.9,-0.010578338773525937,0.016666666666666666,0.5916666666666667,0
5.6859166666666665,0.324724231293091,5.07,6.38,1.3099999999999996,5.63,0.0016105632335578857,0.0,0.8083333333333333,0
5.779166666666667,0.534265201520327,4.97,6.75,1.7800000000000002,5.83,0.007703521077852655,0.0,0.5583333333333333,0
5.910166666666667,0.4937306676946675,4.87,6.57,1.7000000000000002,6.1,-0.009874088478366573,0.0,0.35,0
6.169583333333333,0.2930142085102511,5.57,6.81,1.2399999999999993,6.17,0.0024290922980762584,0.0,0.35833333333333334,0
6.395083333333333,0.30246486251390514,5.76,7.06,1.2999999999999998,6.33,-0.006297555385790707,0.016666666666666666,0.075,0
6.1273333333333335,0.6116463211875162,5.18,7.52,2.34,6.12,-0.008595041322314062,0.09166666666666666,0.35833333333333334,0
4.963416666666666,0.17776621273146626,4.64,5.66,1.0200000000000005,4.94,0.0007052920341690601,0.0,1.0,0
6.0257499999999995,0.35381883900286226,5.13,7.09,1.96,5.9,0.007214632960622269,0.008333333333333333,0.5916666666666667,0
6.116583333333334,0.24633478517840082,5.53,6.66,1.13,6.12,0.0004920133342593387,0.0,0.3,0
6.378333333333332,0.2809665855973308,5.72,7.03,1.3100000000000005,6.38,-0.002181818181818169,0.008333333333333333,0.09166666666666666,0
6.73875,0.6245405811474544,6.01,7.88,1.87,6.42,0.015223105771234115,0.275,0.0,0
6.607583333333334,0.5092608955360919,6.1,7.82,1.7200000000000006,6.41,0.0026575803875269217,0.19166666666666668,0.0,0
6.873500000000001,0.4860463798171254,6.2,7.8,1.5999999999999996,6.7,-0.010731717480380584,0.2833333333333333,0.0,0
6.443083333333334,0.23163475499635675,5.76,6.88,1.12,6.505,-0.00469591638308218,0.0,0.09166666666666666,0
5.6450000000000005,0.29905127765429573,5.0,6.16,1.1600000000000001,5.59,-0.007643378012361997,0.0,0.8083333333333333,0
6.336083333333333,0.6237137375342063,4.98,7.17,2.1899999999999995,6.3,0.008607646364330845,0.24166666666666667,0.18333333333333332,0
6.325,0.19746307671731111,6.01,7.03,1.0200000000000005,6.3,0.0012081394541287424,0.008333333333333333,0.0,0
6.370083333333334,0.09595568276842995,6.12,6.55,0.4299999999999997,6.38,-0.0004834016251128917,0.0,0.0,0
6.589,0.2896014502726117,6.17,7.51,1.3399999999999999,6.575,0.005649836794221815,0.058333333333333334,0.0,0
6.7050833333333335,0.6340885792922697,5.97,7.93,1.96,6.4,0.010702236266407365,0.275,0.03333333333333333,0
6.697500000000001,0.42802891257484,6.2,7.65,1.4500000000000002,6.48,-0.010013125911521611,0.26666666666666666,0.0,0
6.218500000000001,0.3293216512772885,5.7,7.32,1.62,6.16,0.0016225432321688978,0.06666666666666667,0.2,0
6.147083333333333,0.278715493629057,5.74,6.81,1.0699999999999994,6.12,0.004614591291061885,0.0,0.3,0
6.244916666666666,0.13810018002241065,5.9,6.63,0.7299999999999995,6.27,0.002535488575595521,0.0,0.025,0
6.171833333333333,0.15283969452410656,5.71,6.66,0.9500000000000002,6.175,-0.0024976734495451257,0.0,0.14166666666666666,0
6.4262500000000005,0.6578222435937133,5.59,7.38,1.79,6.08,-0.010850371553580087,0.35833333333333334,0.425,0
6.260500000000001,0.1445040368524931,5.96,6.91,0.9500000000000002,6.24,-0.0005267726925480992,0.0,0.008333333333333333,0
6.875249999999999,0.5078795173726409,5.7,7.7,2.0,7.045,0.004132196680324983,0.5083333333333333,0.08333333333333333,0
6.25975,0.11311839299306434,5.89,6.6,0.71,6.25,-0.0021587263004375374,0.0,0.008333333333333333,0
6.255249999999999,0.12715451558373123,5.96,6.63,0.6699999999999999,6.22,-0.0010618445725397482,0.0,0.008333333333333333,0
6.556666666666667,0.16025153838748488,6.16,6.86,0.7000000000000002,6.58,0.0015388568650600706,0.0,0.0,0
6.467833333333333,0.1333490615723343,6.2,6.88,0.6799999999999997,6.45,0.002079102715466326,0.0,0.0,0
6.7315000000000005,0.2218094151894068,6.22,7.51,1.29,6.75,-0.0031957774845475704,0.05,0.0,0
6.352166666666666,0.4337302989441967,5.38,7.42,2.04,6.44,-0.006344121119522204,0.058333333333333334,0.20833333333333334,0
5.637583333333333,0.4053599138077448,5.05,6.73,1.6800000000000006,5.52,0.002993506493506501,0.0,0.8583333333333333,0
5.833916666666666,0.42057757079468183,5.09,6.66,1.5700000000000003,5.81,0.010970102090422937,0.0,0.6916666666666667,0
6.360083333333334,0.1877742253937484,5.92,6.73,0.8100000000000005,6.42,0.0008684283630807712,0.0,0.06666666666666667,0
6.783416666666667,0.4190336021397595,6.09,7.71,1.62,6.91,0.008861691784151691,0.4583333333333333,0.0,0
7.277333333333333,0.7461196657075563,6.05,8.31,2.2600000000000007,7.17,-0.012912632821723734,0.55,0.0,0
7.036249999999999,0.17767977984752986,6.58,7.6,1.0199999999999996,6.99,0.0009785054517674723,0.48333333333333334,0.0,0
7.216666666666667,0.2978123943394939,6.55,7.98,1.4300000000000006,7.23,-0.0006394194041252859,0.7333333333333333,0.0,0
6.929166666666666,0.261987860193729,6.2,7.8,1.5999999999999996,6.93,0.003258559622196008,0.25833333333333336,0.0,0
6.782416666666666,0.12633946225238663,6.44,7.17,0.7299999999999995,6.75,-0.0005672268907563074,0.08333333333333333,0.0,0
6.457083333333332,0.6883681135280906,5.05,7.64,2.59,6.575,-0.017122821029238115,0.2916666666666667,0.31666666666666665,0
5.770583333333333,0.5403830367331018,4.77,7.23,2.460000000000001,5.550000000000001,0.008714667685255912,0.025,0.7416666666666667,0
6.553166666666667,0.3689060027824011,5.07,7.09,2.0199999999999996,6.63,0.0011611917494270588,0.06666666666666667,0.03333333333333333,0
6.3990833333333335,0.9610549722686118,3.85,7.73,3.8800000000000003,6.720000000000001,0.022247829710396565,0.26666666666666666,0.24166666666666667,0
6.531916666666666,0.2725842250061845,5.76,6.97,1.21,6.6,0.0006493853739843312,0.0,0.05,0
4.142833333333333,0.574727737474208,3.13,6.03,2.9000000000000004,4.12,-0.00852107785262865,0.0,0.9916666666666667,0
4.552499999999999,1.0633957008878052,3.09,6.71,3.62,4.199999999999999,0.011094312105007295,0.0,0.9083333333333333,0
4.662916666666666,0.7709230353212239,3.42,5.86,2.4400000000000004,4.789999999999999,-0.006931210500729227,0.0,1.0,0
4.566999999999999,0.956445328634453,3.42,6.29,2.87,4.34,-0.00821286200430587,0.0,0.9,0
5.82925,0.8647486749532105,3.7,7.01,3.3099999999999996,5.64,0.022778630460448635,0.008333333333333333,0.5833333333333334,0
6.36475,0.3126951723857171,5.92,6.97,1.0499999999999998,6.295,-0.007626467115771934,0.0,0.06666666666666667,0
5.750249999999999,0.5479331809932059,4.13,6.5,2.37,5.885,-0.007162129314535717,0.0,0.6083333333333333,0
4.945833333333334,0.7929980909322684,3.87,6.45,2.58,4.65,-0.012063059934717684,0.0,0.85,0
4.0921666666666665,0.266565136921958,3.62,4.87,1.25,4.08,-0.005468088061670944,0.0,1.0,0
4.681749999999999,0.7757422923669088,3.93,6.45,2.52,4.24,-0.01651840405583723,0.0,0.8916666666666667,0
4.236583333333333,0.1988194148523283,3.82,4.94,1.1200000000000006,4.18,-0.0031177512327244753,0.0,1.0,0
4.327583333333333,0.39750680462379784,3.72,5.55,1.8299999999999996,4.16,0.0013465171192443828,0.0,1.0,0
4.946416666666666,0.7976891581659837,4.0,6.29,2.29,4.550000000000001,0.020512014723244675,0.0,0.8666666666666667,0
5.42725,0.9637591006920073,3.19,6.71,3.52,5.66,0.020382700187513016,0.0,0.7,0
6.2707500000000005,0.26948766978596006,5.68,6.81,1.13,6.279999999999999,0.0002515799708312944,0.0,0.225,0
4.9415000000000004,1.221276415613326,3.44,6.73,3.2900000000000005,4.24,-0.02728120008333912,0.0,0.625,0
5.161666666666666,0.8909763683111293,3.48,6.47,2.9899999999999998,5.529999999999999,-0.01925251753593998,0.0,0.7833333333333333,0
3.992083333333333,0.3413841820035343,3.39,4.9,1.5100000000000002,3.91,0.004239843044655873,0.0,1.0,0
4.192166666666667,0.23251588954066968,3.7,4.79,1.0899999999999999,4.140000000000001,0.0021418154038474794,0.0,1.0,0
5.391666666666667,0.8253709603700764,3.8,6.4,2.6000000000000005,5.63,0.022583721091742486,0.0,0.7333333333333333,0
5.8854999999999995,0.8898874928888483,4.22,6.73,2.5100000000000007,6.35,0.007018473505104545,0.0,0.2916666666666667,0
6.163749999999999,0.5842303519731467,4.7,6.68,1.9799999999999995,6.45,0.007791548024168365,0.0,0.25833333333333336,0
5.9076666666666675,0.5332287397439197,5.02,6.73,1.7100000000000009,5.93,-0.014992082783526622,0.0,0.5416666666666666,0
6.6685,0.3889444047675708,5.97,7.16,1.1900000000000004,6.475,0.010169317313702346,0.375,0.025,0
7.0298333333333325,0.27531492069184255,5.5,7.3,1.7999999999999998,7.12,-0.002054795471907779,0.725,0.016666666666666666,0
6.505250000000001,0.1411970402192152,5.59,6.71,1.12,6.53,0.001964754496840046,0.0,0.025,0
5.5729999999999995,0.90669417850416,3.76,6.66,2.9000000000000004,5.8100000000000005,-0.020715119105493434,0.0,0.5666666666666667,0
6.253666666666665,0.435503412411685,4.56,6.81,2.25,6.34,0.0005541357038683188,0.0,0.18333333333333332,0
5.015416666666666,0.8954215914243352,4.0,6.63,2.63,4.53,0.018717167858879093,0.0,0.7583333333333333,0
6.0642499999999995,0.4356674238070442,4.94,6.66,1.7199999999999998,6.07,-0.008216230293770397,0.0,0.375,0
5.250083333333333,0.7477293358710906,3.04,6.22,3.1799999999999997,5.5,-0.0100626085144802,0.0,0.95,0
4.028499999999999,0.7493815783697916,3.09,5.59,2.5,3.825,-0.01079297173414821,0.0,1.0,0
5.34325,1.2194029703779907,3.15,6.68,3.53,6.03,0.026828286686575453,0.0,0.425,0
5.824416666666667,1.1900278679043146,4.03,7.01,2.9799999999999995,6.58,-0.027867733870407658,0.008333333333333333,0.375,0
3.993666666666667,1.0191769010115739,2.8,5.9,3.1000000000000005,3.7,-0.015356830335439968,0.0,1.0,0
3.863583333333333,0.9524624190603124,2.93,6.22,3.2899999999999996,3.58,0.02126595596916453,0.0,0.95,0
4.921749999999999,0.9196418347197276,3.62,6.38,2.76,4.805,0.015007257448433918,0.0,0.8666666666666667,0
4.725083333333333,0.8281485332085999,3.04,5.88,2.84,5.13,0.006731682755746934,0.0,1.0,0
5.272999999999999,0.20038546188117876,4.92,5.71,0.79,5.29,0.002346621293145333,0.0,1.0,0
5.679,0.1321451222457088,5.4,6.1,0.6999999999999993,5.64,0.0010277102576567725,0.0,0.9833333333333333,0
5.787,0.21744577868210427,5.2,6.14,0.9399999999999995,5.83,-0.0018327661643169936,0.0,0.8083333333333333,0
5.2043333333333335,0.8070984381653138,3.78,6.63,2.85,4.985,-0.0033021043127995386,0.0,0.8166666666666667,0
6.0678333333333345,0.24390634586979398,5.4,6.57,1.17,6.07,0.0036987290784082105,0.0,0.325,0
6.682583333333334,0.25967446233484126,5.71,7.06,1.3499999999999996,6.73,0.0028537745676782715,0.05,0.025,0
6.7653333333333325,0.20656691140860117,6.38,7.19,0.8100000000000005,6.75,-0.0043634280158344405,0.15833333333333333,0.0,0
6.6675,0.10594220122311974,6.4,6.84,0.4399999999999995,6.68,0.0009879158274880317,0.0,0.0,0
6.289916666666667,0.11374310113389541,5.97,6.55,0.5800000000000001,6.27,5.441350093757041e-05,0.0,0.008333333333333333,0
6.247083333333333,0.050289094797535905,6.14,6.38,0.2400000000000002,6.25,-0.00048159594416279826,0.0,0.0,0
6.055499999999999,0.09524398493693269,5.89,6.33,0.4400000000000004,6.03,-0.0017922772414751124,0.0,0.36666666666666664,0
6.127416666666666,0.1388374099041353,5.96,6.66,0.7000000000000002,6.09,0.002490068754774608,0.0,0.09166666666666666,0
6.118333333333334,0.11217793405518256,5.96,6.64,0.6799999999999997,6.095,-0.0009129800680602871,0.0,0.05,0
5.975583333333333,0.07079072247751743,5.79,6.14,0.34999999999999964,5.97,-0.0006915410792416231,0.0,0.5833333333333334,0
6.013333333333334,0.08083247422223867,5.83,6.16,0.33000000000000007,6.03,0.0009127717202583337,0.0,0.4,0
6.136333333333334,0.0952359642618737,5.92,6.35,0.4299999999999997,6.15,0.0013668310299326319,0.0,0.10833333333333334,0
6.275916666666666,0.07521630844142484,6.14,6.45,0.3100000000000005,6.27,0.0009069727064379516,0.0,0.0,0
6.188500000000001,0.0658362868535785,6.07,6.4,0.33000000000000007,6.17,-0.0010900062504340708,0.0,0.0,0
6.225083333333333,0.06869007489360378,6.05,6.42,0.3700000000000001,6.22,0.00043367594971874084,0.0,0.0,0
6.283166666666667,0.06624428696540981,6.16,6.47,0.3099999999999996,6.29,0.0008276269185359927,0.0,0.0,0
6.295166666666666,0.06587846554240791,6.14,6.44,0.3000000000000007,6.295,-4.736440030559976e-05,0.0,0.0,0
6.252166666666667,0.05993306451552617,6.09,6.4,0.3100000000000005,6.25,-0.0002852975901104291,0.0,0.0,0
6.244166666666667,0.04877812578969751,6.1,6.33,0.23000000000000043,6.25,0.00013737065073961244,0.0,0.0,0
6.2385833333333345,0.0381072135195191,6.12,6.3,0.17999999999999972,6.25,0.00010948676991458932,0.0,0.0,0
6.255833333333333,0.028271992422812184,6.17,6.3,0.1299999999999999,6.25,-1.2500868115820177e-05,0.0,0.0,0
6.234416666666667,0.03750101850468713,6.16,6.32,0.16000000000000014,6.23,-0.0003622821029238087,0.0,0.0,0
6.274083333333333,0.04801902111547977,6.09,6.36,0.27000000000000046,6.29,-3.28147788041257e-05,0.0,0.0,0
6.333833333333333,0.08717017201364753,6.09,6.47,0.3799999999999999,6.35,0.001514202375164944,0.0,0.0,0
6.403833333333334,0.058154726568201046,6.25,6.5,0.25,6.4,0.0009661782068199231,0.0,0.0,0
6.4223333333333334,0.05246797965320269,6.3,6.55,0.25,6.44,0.000847906104590597,0.0,0.0,0
6.521416666666667,0.04967051159613937,6.42,6.62,0.20000000000000018,6.51,0.0008150218765192005,0.0,0.0,0
6.5962499999999995,0.0427991919705656,6.51,6.71,0.20000000000000018,6.6,0.00047742898812418215,0.0,0.0,0
6.62225,0.21087303644610422,5.72,6.93,1.21,6.64,-0.0018703729425654544,0.0,0.05,0
6.865750000000001,0.28290358339900895,5.88,7.29,1.4100000000000001,6.99,0.0030717063684978056,0.48333333333333334,0.016666666666666666,0
6.9807500000000005,0.08626666505667177,6.79,7.17,0.3799999999999999,6.99,-0.0021966456003889045,0.4583333333333333,0.0,0
6.755833333333333,0.06264427791550921,6.63,6.93,0.2999999999999998,6.77,-0.0012082089033961072,0.0,0.0,0
6.694750000000001,0.14286335254361068,6.42,7.1,0.6799999999999997,6.67,-0.0020677477602610754,0.041666666666666664,0.0,0
6.676,0.09488940931421173,6.51,6.94,0.4300000000000006,6.66,0.000986735189943761,0.0,0.0,0
6.772083333333334,0.15407193035145053,6.48,7.23,0.75,6.75,0.0006011875824710308,0.11666666666666667,0.0,0
7.030333333333334,0.31254048626626846,6.29,7.36,1.0700000000000003,7.220000000000001,0.00798888811723035,0.6083333333333333,0.0,0
7.121833333333332,0.08112730051523284,7.03,7.49,0.45999999999999996,7.1,-0.001246753246753269,1.0,0.0,0
6.83225,0.1483097125387725,6.53,7.06,0.5299999999999994,6.86,-0.0020539968053337136,0.15,0.0,0
7.114833333333333,0.05226508288416741,6.99,7.19,0.20000000000000018,7.1,0.0014346829640947327,0.9916666666666667,0.0,0
7.184083333333333,0.02006222957588611,7.14,7.23,0.09000000000000075,7.19,-0.0001276824779498572,1.0,0.0,0
7.087833333333333,0.07492422097618955,6.91,7.19,0.28000000000000025,7.14,-0.0017331064657268047,0.8333333333333334,0.0,0
6.934833333333334,0.049816050514757605,6.84,7.04,0.20000000000000018,6.93,-0.0008941593166192155,0.21666666666666667,0.0,0
6.7444999999999995,0.07705896011064078,6.53,6.9,0.3700000000000001,6.75,-0.0019679144385026815,0.0,0.0,0
6.040666666666667,0.2720408466062077,5.53,6.53,1.0,6.175,-0.007361830682686296,0.0,0.4166666666666667,0
4.742333333333334,0.4361645968617301,3.85,5.55,1.6999999999999997,4.84,-0.01217528995069104,0.0,1.0,0
3.4639166666666665,0.2101757036122132,3.21,3.89,0.6800000000000002,3.39,-0.0057159177720675,0.0,1.0,0
3.1447500000000006,0.09098500334304183,2.93,3.31,0.3799999999999999,3.16,-0.002477012292520311,0.0,1.0,0
2.9296666666666664,0.08427072775024289,2.8,3.11,0.31000000000000005,2.93,-0.0020195152441141936,0.0,1.0,0
2.83225,0.02043128728200952,2.8,2.89,0.0900000000000003,2.83,0.0002848461698729058,0.0,1.0,0
2.8942500000000004,0.07494067097822558,2.8,3.13,0.33000000000000007,2.87,0.0014583998888811657,0.0,1.0,0
4.3740000000000006,0.38575121516334854,2.83,4.76,1.9299999999999997,4.53,0.009514619070768792,0.0,1.0,0
4.701416666666668,0.06265375531885979,4.61,4.85,0.23999999999999932,4.67,-0.0014292311966108832,0.0,1.0,0
5.2379999999999995,0.612528366690066,4.64,6.16,1.5200000000000005,4.83,0.015809292311966094,0.0,0.7833333333333333,0
6.180166666666667,0.18323019826315629,5.68,6.78,1.1000000000000005,6.2,0.003258351274394055,0.0,0.10833333333333334,0
6.933499999999999,0.029287369291214935,6.79,6.97,0.17999999999999972,6.94,0.00034113480102784024,0.0,0.0,0
6.929833333333333,0.0244602852713445,6.88,6.97,0.08999999999999986,6.93,-0.0005480936176123103,0.0,0.0,0
6.9115833333333345,0.029068764259176063,6.88,7.01,0.1299999999999999,6.9,0.000623064101673709,0.016666666666666666,0.0,0
7.07925,0.05425499208982214,6.96,7.19,0.23000000000000043,7.09,0.0014785401764011554,0.9083333333333333,0.0,0
7.183833333333333,0.021915874510399058,7.12,7.23,0.11000000000000032,7.19,0.00038245711507744096,1.0,0.0,0
7.223500000000001,0.013206690223771772,7.19,7.25,0.05999999999999961,7.23,8.688103340513534e-05,1.0,0.0,0
7.2655,0.03885550154096576,7.17,7.38,0.20999999999999996,7.25,-7.549135356621164e-05,1.0,0.0,0
7.2385,0.02703855272260934,7.17,7.32,0.15000000000000036,7.23,-0.00043378012361970343,1.0,0.0,0
7.24825,0.019350387593017073,7.21,7.3,0.08999999999999986,7.25,3.239808320020945e-05,1.0,0.0,0
7.2425000000000015,0.017332532032760195,7.19,7.27,0.07999999999999918,7.25,9.00756997013399e-05,1.0,0.0,0
7.23325,0.023670040839283018,7.16,7.29,0.1299999999999999,7.23,-0.00038367247725535654,1.0,0.0,0
7.214833333333333,0.01751110758601214,7.17,7.25,0.08000000000000007,7.21,0.0001931384123897623,1.0,0.0,0
7.313416666666666,0.06827024526753131,7.07,7.4,0.33000000000000007,7.32,0.0014397180359746848,1.0,0.0,0
7.285333333333333,0.24253155579337618,6.33,7.42,1.0899999999999999,7.38,-0.0040467393568998115,0.8583333333333333,0.0,0
7.2757499999999995,0.13858007612929069,6.79,7.4,0.6100000000000003,7.34,0.003128932564761403,0.95,0.0,0
7.349583333333333,0.03163320600606621,7.29,7.42,0.1299999999999999,7.36,-0.0004975692756441507,1.0,0.0,0
7.318083333333333,0.028904896740095113,7.27,7.38,0.11000000000000032,7.32,0.00023942634905201615,1.0,0.0,0
7.218083333333334,0.25456923037860557,5.99,7.42,1.4299999999999997,7.33,-0.004629939579137424,0.8666666666666667,0.008333333333333333,0
7.215166666666667,0.05772035073428514,7.1,7.38,0.28000000000000025,7.23,0.0013998888811722898,1.0,0.0,0
7.028833333333334,0.5064832727302606,6.12,7.47,1.3499999999999996,7.32,-0.011527119938884629,0.6916666666666667,0.0,0
6.704583333333333,0.08922719907940375,6.44,6.86,0.41999999999999993,6.71,0.0014740259740259598,0.0,0.0,0
6.730250000000001,0.07040907256881036,6.62,6.93,0.3099999999999996,6.71,-0.0006816792832835592,0.0,0.0,0
6.021333333333333,1.2142658504444386,2.37,6.97,4.6,6.6,-0.026240850059031897,0.0,0.325,0
2.9755833333333332,0.7857287443655235,1.61,4.28,2.67,3.39,0.01671980693103688,0.0,1.0,0
3.9304166666666664,0.17834141336835432,3.55,4.22,0.6699999999999999,3.93,0.004668067226890764,0.0,1.0,0
4.36475,0.12614120725071037,4.11,4.59,0.47999999999999954,4.38,0.003440620876449758,0.0,1.0,0
4.722833333333333,0.07414156878716693,4.54,4.85,0.3099999999999996,4.74,0.0016401833460656938,0.0,1.0,0
4.923999999999999,0.054396691075836605,4.76,5.02,0.2599999999999998,4.94,0.0012180012500868016,0.0,1.0,0
5.02775,0.036843418679595896,4.9,5.12,0.21999999999999975,5.03,0.0007048058892978496,0.0,1.0,0
5.089666666666667,0.03164736253711445,5.0,5.18,0.17999999999999972,5.09,-0.0003155774706576998,0.0,1.0,0
5.101166666666667,0.022773644611455753,5.03,5.13,0.09999999999999964,5.1,0.0003292589763177814,0.0,1.0,0
5.12575,0.01701286278084917,5.07,5.16,0.08999999999999986,5.13,5.243419681924376e-06,0.0,1.0,0
5.099166666666666,0.037916208788444164,4.97,5.2,0.23000000000000043,5.1,-0.0005925411486908778,0.0,1.0,0
5.038833333333332,0.03561795739355201,4.96,5.1,0.13999999999999968,5.05,0.000485033682894634,0.0,1.0,0
5.156499999999999,0.03583875927911939,5.09,5.27,0.17999999999999972,5.15,0.0008298492950899317,0.0,1.0,0
5.229000000000001,0.02684523545560108,5.15,5.28,0.1299999999999999,5.23,0.00026925480936176356,0.0,1.0,0
5.284416666666667,0.047042460135026436,5.2,5.38,0.17999999999999972,5.28,0.0010866379609694916,0.0,1.0,0
5.350416666666666,0.046357233044645375,5.25,5.46,0.20999999999999996,5.36,0.00045152441141743855,0.0,1.0,0
5.426583333333332,0.05273354140287654,5.27,5.55,0.28000000000000025,5.43,0.0007750190985485251,0.0,1.0,0
5.471583333333332,0.03111794319824001,5.38,5.59,0.20999999999999996,5.48,-0.00029248558927703536,0.0,1.0,0
5.484333333333335,0.015849991237291566,5.43,5.51,0.08000000000000007,5.48,4.583651642457035e-06,0.0,1.0,0
5.509249999999999,0.02614582503319918,5.43,5.57,0.14000000000000057,5.5,0.0005946593513438354,0.0,1.0,0
5.616666666666666,0.03715582801601312,5.53,5.68,0.14999999999999947,5.63,0.0007269949302034674,0.0,1.0,0
5.662916666666669,0.020387734602506088,5.61,5.71,0.09999999999999964,5.66,0.0002522744635043971,0.0,1.0,0
5.715750000000001,0.04257664657219176,5.64,5.81,0.16999999999999993,5.7,0.001093374539898617,0.0,1.0,0
5.865833333333333,0.043809879656939964,5.77,5.96,0.1900000000000004,5.86,0.0011107715813598242,0.0,1.0,0
6.0272499999999996,0.1309768586430442,5.88,6.3,0.41999999999999993,5.97,0.002649315924716974,0.0,0.625,0
6.299249999999999,0.07794402371787934,5.96,6.4,0.4400000000000004,6.32,0.0017645322591846402,0.0,0.008333333333333333,0
6.340249999999999,0.03657099260342826,6.22,6.4,0.1800000000000006,6.35,5.198277658170157e-05,0.0,0.0,0
6.3462499999999995,0.03410919963880715,6.23,6.4,0.16999999999999993,6.36,3.2988401972424933e-06,0.0,0.0,0
6.333583333333333,0.04643626157313804,6.2,6.4,0.20000000000000018,6.35,7.059518022084804e-05,0.0,0.0,0
6.318583333333334,0.05263547335738098,6.17,6.38,0.20999999999999996,6.33,-0.0007023751649420326,0.0,0.0,0
6.338499999999999,0.029823089488962562,6.23,6.38,0.14999999999999947,6.35,-0.00014473227307452733,0.0,0.0,0
6.329999999999999,0.032249030993194185,6.18,6.36,0.1800000000000006,6.34,-0.00018820751441070682,0.0,0.0,0
6.333166666666667,0.04051714314816496,6.18,6.38,0.20000000000000018,6.35,5.479547190778537e-05,0.0,0.0,0
6.32525,0.04429000075261531,6.17,6.36,0.1900000000000004,6.35,-0.00044707965830962656,0.0,0.0,0
6.332916666666665,0.029675911480900142,6.22,6.36,0.14000000000000057,6.35,-1.3230085422605323e-05,0.0,0.0,0
6.32025,0.030996303543056995,6.2,6.36,0.16000000000000014,6.33,3.8648517258114826e-05,0.0,0.0,0
6.319333333333333,0.028975085082800913,6.2,6.36,0.16000000000000014,6.33,0.00011521633446765354,0.0,0.0,0
6.307083333333333,0.03350114011326914,6.18,6.36,0.1800000000000006,6.32,9.413848183903114e-05,0.0,0.0,0
6.274333333333334,0.04514298272033964,6.2,6.38,0.17999999999999972,6.27,0.0006569900687547878,0.0,0.0,0
6.528499999999999,0.12175556113240436,6.29,6.71,0.41999999999999993,6.57,0.00305042016806722,0.0,0.0,0
6.674333333333333,0.05803351522085227,6.51,6.77,0.2599999999999998,6.68,-0.0013727342176540142,0.0,0.0,0
6.618416666666667,0.06383567228090853,6.53,6.84,0.3099999999999996,6.609999999999999,-0.0006089659004097583,0.0,0.0,0
6.500083333333334,0.019300079159307943,6.45,6.57,0.1200000000000001,6.5,-0.0001737273421765223,0.0,0.0,0
6.460916666666666,0.02735555499142515,6.4,6.57,0.16999999999999993,6.45,-0.0003531147996389135,0.0,0.0,0
6.432583333333332,0.13863318405858757,5.61,6.66,1.0499999999999998,6.45,-2.760608375581784e-05,0.0,0.025,0
6.690083333333333,0.29485729834767344,5.09,6.94,1.8500000000000005,6.75,0.0030410792416139883,0.0,0.041666666666666664,0
6.797583333333334,0.1776325600471065,5.7,7.01,1.3099999999999996,6.83,0.0005875755260782105,0.008333333333333333,0.016666666666666666,0
6.814166666666667,0.44407128431768195,5.55,7.38,1.83,6.905,0.010668449197860978,0.4166666666666667,0.06666666666666667,0
7.130416666666666,0.14664808120879805,6.73,7.38,0.6499999999999995,7.13,0.0032528995069102053,0.7833333333333333,0.0,0
7.35875,0.05248114740869649,7.09,7.4,0.3100000000000005,7.38,-0.0006797347037988679,1.0,0.0,0
7.3598333333333334,0.15727355856030675,6.27,7.47,1.2000000000000002,7.4,-0.0007854712132787197,0.975,0.0,0
7.0160833333333334,0.23713321092209375,6.03,7.34,1.3099999999999996,7.09,0.004993020348635317,0.65,0.0,0
7.246666666666666,0.06891218244177798,7.1,7.36,0.2600000000000007,7.23,-0.0010511841100076095,1.0,0.0,0
6.917083333333333,0.22261849216890214,6.25,7.23,0.9800000000000004,6.99,-0.0033280436141398845,0.4583333333333333,0.0,0
6.61,0.20271490653953728,6.18,7.03,0.8500000000000005,6.63,-0.0018610320161122319,0.008333333333333333,0.0,0
6.778083333333334,0.1413228917133464,6.14,7.03,0.8900000000000006,6.79,0.0010641363983610096,0.025,0.0,0
6.721416666666666,0.21472577796394693,6.16,7.03,0.8700000000000001,6.79,0.004354017640113881,0.016666666666666666,0.0,0
6.925916666666666,0.0555802098072886,6.78,7.04,0.2599999999999998,6.91,0.0006538995763594516,0.1,0.0,0
6.92725,0.06114140032198585,6.77,7.06,0.29000000000000004,6.93,-0.0008674560733384538,0.125,0.0,0
6.945083333333332,0.040661116424526335,6.84,7.04,0.20000000000000018,6.94,0.00018011667476908213,0.125,0.0,0
6.985333333333333,0.04509126547594578,6.91,7.07,0.16000000000000014,6.97,-0.00015313563441906802,0.375,0.0,0
6.9528333333333325,0.039204237299330556,6.9,7.07,0.16999999999999993,6.94,0.0001766789360372417,0.15833333333333333,0.0,0
6.949249999999998,0.03319544396449602,6.88,7.01,0.1299999999999999,6.94,-0.00016400444475311288,0.125,0.0,0
6.921333333333333,0.036763508477232566,6.84,6.99,0.15000000000000036,6.91,0.00017237308146398996,0.0,0.0,0
6.90675,0.03376789648961472,6.79,6.99,0.20000000000000018,6.9,-1.0660462532110292e-05,0.0,0.0,0
6.8854999999999995,0.04041142577704154,6.81,6.96,0.15000000000000036,6.88,-6.236544204459716e-05,0.0,0.0,0
6.772499999999999,0.22972175198124656,5.76,6.97,1.21,6.86,0.0020140287519966643,0.0,0.025,0
7.186083333333334,0.061105043890737086,6.99,7.25,0.2599999999999998,7.21,0.001465067018542952,0.9916666666666667,0.0,0
7.252833333333332,0.01659233424071325,7.23,7.29,0.05999999999999961,7.25,0.00023230779915269,1.0,0.0,0
7.255583333333334,0.02701221431542057,7.21,7.32,0.11000000000000032,7.25,7.642891867489368e-05,1.0,0.0,0
7.236333333333334,0.023661971365228227,7.17,7.29,0.1200000000000001,7.23,0.0001722341829293449,1.0,0.0,0
7.246833333333334,0.023201412792231958,7.19,7.3,0.10999999999999943,7.23,0.00012736995624696007,1.0,0.0,0
7.290416666666668,0.02672064848680797,7.23,7.32,0.08999999999999986,7.3,-0.000538683241891798,1.0,0.0,0
7.222,0.027706798203088443,7.16,7.29,0.1299999999999999,7.23,0.00013500937565108967,1.0,0.0,0
7.2524999999999995,0.029587441029373527,7.17,7.3,0.1299999999999999,7.25,0.0006112924508646269,1.0,0.0,0
7.21075,0.030004513549353535,7.12,7.27,0.14999999999999947,7.23,-0.000745503159941689,1.0,0.0,0
7.117333333333334,0.03335998934185816,7.04,7.17,0.1299999999999999,7.12,0.0004554482950204942,1.0,0.0,0
7.14175,0.025188042798121583,7.09,7.19,0.10000000000000053,7.14,-0.00044951038266546715,1.0,0.0,0
7.0921666666666665,0.030799981962476655,7.01,7.19,0.1800000000000006,7.09,-3.194666296298758e-06,1.0,0.0,0
7.018083333333333,0.031366006900606404,6.93,7.07,0.14000000000000057,7.03,-0.0005856309465935192,0.75,0.0,0
6.941666666666666,0.024025449469723157,6.83,6.99,0.16000000000000014,6.94,-0.00032571706368496426,0.0,0.0,0
6.754166666666666,0.22154225832157226,6.25,6.97,0.7199999999999998,6.86,-0.005247169942357107,0.0,0.0,0
6.709916666666667,0.1657834724036815,5.97,6.91,0.9400000000000004,6.75,0.0009955205222584693,0.0,0.008333333333333333,0
6.870333333333334,0.23371611459679503,5.84,7.29,1.4500000000000002,6.9,0.0020890339606916795,0.2,0.008333333333333333,0
7.292833333333332,0.06062429839227465,7.16,7.4,0.2400000000000002,7.3,0.0004062087644975209,1.0,0.0,0
7.24325,0.06333985712014194,7.1,7.38,0.28000000000000025,7.23,-0.0005309743732203695,1.0,0.0,0
7.163166666666668,0.08021827860420734,6.99,7.38,0.3899999999999997,7.17,-0.00179484686436557,0.9833333333333333,0.0,0
7.038166666666666,0.15187705188371578,6.71,7.23,0.5200000000000005,7.1,-0.00329147857490104,0.6416666666666667,0.0,0
6.8265,0.05024357338671953,6.68,6.93,0.25,6.83,-0.0008340162511285809,0.0,0.0,0
6.73575,0.5001360856473632,5.5,7.38,1.88,6.8,0.004601604278074878,0.3,0.125,0
6.899166666666665,0.271706285454635,6.12,7.4,1.2800000000000002,6.91,-0.0032576567817209426,0.275,0.0,0
7.116416666666667,0.11030107156727399,6.79,7.4,0.6100000000000003,7.109999999999999,0.0025141676505312724,0.875,0.0,0
7.154916666666667,0.10541185759781593,6.81,7.44,0.6300000000000008,7.16,-0.0011917841516772127,0.95,0.0,0
7.091,0.08214215320609347,6.9,7.34,0.4399999999999995,7.09,-0.0009154802416834455,0.8916666666666667,0.0,0
7.144916666666665,0.04783645460199678,7.04,7.27,0.22999999999999954,7.14,0.0005015278838808229,1.0,0.0,0
7.062749999999999,0.1604938342533237,6.47,7.3,0.8300000000000001,7.095,-0.0012312313355094303,0.7666666666666667,0.0,0
7.1676666666666655,0.04896824367780509,6.99,7.27,0.27999999999999936,7.17,0.00011966108757554091,0.9916666666666667,0.0,0
7.221500000000002,0.02731452604994881,7.16,7.3,0.13999999999999968,7.23,0.0003692617542884804,1.0,0.0,0
7.231166666666668,0.026494758391467126,7.17,7.32,0.15000000000000036,7.23,-0.00018049864573927823,1.0,0.0,0
7.225333333333334,0.021715329966536412,7.17,7.29,0.1200000000000001,7.23,0.0001150079866657378,1.0,0.0,0
7.199416666666666,0.029924789983482893,7.16,7.29,0.1299999999999999,7.19,-0.0003572123064101553,1.0,0.0,0
7.1855,0.031618823507524804,7.14,7.27,0.1299999999999999,7.17,-7.160219459687614e-05,1.0,0.0,0
7.1645,0.08827844206448904,6.75,7.25,0.5,7.21,-0.001564344746162926,0.9416666666666667,0.0,0
6.8604166666666675,0.060199610094713696,6.73,6.99,0.2599999999999998,6.88,-0.0015943121050073232,0.0,0.0,0
6.709,0.051613951602255764,6.6,6.79,0.1900000000000004,6.71,-0.0012542537676227534,0.0,0.0,0
6.636583333333332,0.018863361017827405,6.58,6.7,0.1200000000000001,6.64,-4.739912493919743e-05,0.0,0.0,0
6.611916666666665,0.021303201376527584,6.55,6.64,0.08999999999999986,6.62,-0.0003384610042363921,0.0,0.0,0
6.584416666666666,0.01887660957081239,6.53,6.62,0.08999999999999986,6.58,-0.0003526981040350161,0.0,0.0,0
6.541250000000001,0.021546944872378893,6.47,6.58,0.11000000000000032,6.55,-0.0002772761997361128,0.0,0.0,0
6.4959999999999996,0.015779733838059355,6.45,6.53,0.08000000000000007,6.5,-0.0001515383012709092,0.0,0.0,0
6.460666666666667,0.020196259279601465,6.4,6.51,0.10999999999999943,6.47,-0.00032286964372525457,0.0,0.0,0
6.426583333333334,0.02464737421218649,6.36,6.47,0.10999999999999943,6.42,-0.0003472116119175312,0.0,0.0,0
6.405333333333333,0.02842924941362727,6.32,6.45,0.1299999999999999,6.4,-0.00028557538717967205,0.0,0.0,0
6.354916666666666,0.01755922517905871,6.3,6.4,0.10000000000000053,6.36,-0.00014553093964860203,0.0,0.0,0
6.480833333333334,0.28618637089995896,5.89,7.07,1.1800000000000006,6.36,0.004905965692061958,0.075,0.041666666666666664,0
7.262,0.09910936719940591,6.81,7.38,0.5700000000000003,7.3,0.00010549343704425356,0.975,0.0,0
7.12525,0.09983288118984993,6.78,7.23,0.4500000000000002,7.16,-0.0004194388499201357,0.8916666666666667,0.0,0
7.181749999999999,0.049153882518745994,7.04,7.27,0.22999999999999954,7.19,0.0002114382943260022,1.0,0.0,0
7.234500000000001,0.04151003894642027,7.14,7.3,0.16000000000000014,7.23,0.0009015209389540833,1.0,0.0,0
7.2748333333333335,0.016979562878812745,7.23,7.3,0.0699999999999994,7.27,0.00016751163275226168,1.0,0.0,0
7.187749999999999,0.12820857030635663,6.77,7.3,0.5300000000000002,7.25,-0.002721820959788873,0.925,0.0,0
6.965916666666666,0.02396163020794323,6.93,7.04,0.11000000000000032,6.96,-0.0004664560038891276,0.11666666666666667,0.0,0
6.938083333333333,0.016747926903218642,6.91,6.97,0.05999999999999961,6.94,6.712271685532517e-05,0.0,0.0,0
6.959749999999999,0.01234655822486559,6.93,6.99,0.0600000000000005,6.96,-7.747065768451003e-05,0.0,0.0,0
6.962916666666666,0.01827547688996248,6.91,7.03,0.1200000000000001,6.96,-3.9343009931255206e-05,0.041666666666666664,0.0,0
6.872249999999999,0.21992977098761926,5.74,7.12,1.38,6.94,0.000965101743176596,0.225,0.008333333333333333,0
6.880583333333334,0.04574013251207551,6.73,6.97,0.23999999999999932,6.9,0.0009791304951732667,0.0,0.0,0
6.937,0.07672027111526654,6.64,7.07,0.4300000000000006,6.96,-0.001285644836446982,0.125,0.0,0
6.926,0.037934153476781265,6.84,7.01,0.16999999999999993,6.93,0.0005108688103340927,0.05,0.0,0
7.034666666666667,0.04580635569680501,6.94,7.16,0.21999999999999975,7.04,0.0005080213903743171,0.75,0.0,0
7.047833333333334,0.04402997716203005,6.97,7.19,0.22000000000000064,7.04,0.00022244600319466383,0.8666666666666667,0.0,0
7.008249999999999,0.03203286073185891,6.96,7.12,0.16000000000000014,7.01,-0.0003506840752829881,0.5666666666666667,0.0,0
6.984916666666667,0.04127137493334678,6.9,7.09,0.1899999999999995,6.97,0.0004276338634627418,0.30833333333333335,0.0,0
6.933666666666666,0.05041384289612873,6.86,7.1,0.23999999999999932,6.91,0.0009036738662406997,0.11666666666666667,0.0,0
6.920416666666667,0.0944315963483033,6.79,7.17,0.3799999999999999,6.91,-0.002352211959163823,0.24166666666666667,0.0,0
6.83225,0.04465539347790672,6.77,6.93,0.16000000000000014,6.81,0.000860997291478576,0.0,0.0,0
6.877083333333333,0.027092306205924163,6.83,6.96,0.1299999999999999,6.88,-0.00017824154455169921,0.0,0.0,0
6.874,0.04336665385600634,6.83,6.97,0.13999999999999968,6.86,0.0008179734703798822,0.0,0.0,0
6.837999999999999,0.025839246635044798,6.79,6.93,0.13999999999999968,6.83,-0.0002055698312382835,0.0,0.0,0
6.4795,0.4727646525139825,5.23,7.21,1.9799999999999995,6.785,-0.010220015278838819,0.09166666666666666,0.19166666666666668,0
6.080583333333334,0.6234090361784058,3.85,6.9,3.0500000000000003,6.12,-0.0013321411209111986,0.0,0.31666666666666665,0
6.2484166666666665,0.25974024150207364,5.57,6.79,1.2199999999999998,6.26,0.0007786304604486083,0.0,0.16666666666666666,0
6.157083333333333,0.614328082587436,2.8,6.99,4.19,6.29,-0.007456733106465757,0.0,0.26666666666666666,0
6.879166666666666,0.36422882764669917,5.9,7.45,1.5499999999999998,6.965,0.0037629696506701763,0.4666666666666667,0.016666666666666666,0
7.234333333333333,0.48717678744191234,6.09,7.77,1.6799999999999997,7.5,-0.009916313632891197,0.675,0.0,0
7.110500000000001,0.39731987533136737,6.33,7.71,1.38,7.07,0.007338704076671991,0.575,0.0,0
7.157416666666666,0.3910424014377753,5.86,7.71,1.8499999999999996,7.21,-0.004749531217445676,0.6833333333333333,0.016666666666666666,0
6.955166666666668,0.538432885531913,5.23,7.9,2.67,6.94,0.010545454545454545,0.4666666666666667,0.058333333333333334,0
7.43825,0.3062261215180704,6.77,7.9,1.1300000000000008,7.47,-0.0028492603653031416,0.8916666666666667,0.0,0
6.635166666666667,0.42584618375913874,5.71,7.67,1.96,6.63,-0.0032345996249739653,0.19166666666666668,0.09166666666666666,0
6.798,0.2292400488570878,6.33,7.32,0.9900000000000002,6.78,-0.0030857698451281115,0.16666666666666666,0.0,0
5.874583333333334,1.1045337597325349,3.19,7.19,4.0,6.25,-0.002760434752413381,0.08333333333333333,0.4166666666666667,0
6.672,0.4457289909051613,5.72,7.52,1.7999999999999998,6.63,-0.0033081463990554953,0.26666666666666666,0.05,0
7.017333333333334,0.6326817701042303,5.63,8.11,2.4799999999999995,7.08,0.003992846725467054,0.5083333333333333,0.03333333333333333,0
7.184916666666666,0.4480159889879924,6.17,8.21,2.040000000000001,7.23,0.005769254809361777,0.7083333333333334,0.0,0
7.449083333333333,0.33926635512856596,6.9,8.36,1.459999999999999,7.45,-0.005930446558788824,0.925,0.0,0
7.2660833333333334,0.6417726698155837,5.79,8.51,2.7199999999999998,7.17,-0.014213035627474117,0.6416666666666667,0.058333333333333334,0
6.640833333333334,0.4750203212027413,5.94,8.08,2.1399999999999997,6.5,-0.004346899090214584,0.16666666666666666,0.016666666666666666,0
6.34575,0.2785398310834556,5.86,7.01,1.1499999999999995,6.3,-0.0035856309465935143,0.008333333333333333,0.06666666666666667,0
6.309916666666667,0.22633123158081583,5.77,7.01,1.2400000000000002,6.25,0.0013788804778109853,0.008333333333333333,0.06666666666666667,0
6.4398333333333335,0.36026837989970134,5.74,7.21,1.4699999999999998,6.390000000000001,-0.003078408222793244,0.09166666666666666,0.14166666666666666,0
6.212916666666667,0.44719197188927956,5.51,7.16,1.6500000000000004,6.17,-0.0037601569553441395,0.058333333333333334,0.36666666666666664,0
6.3545,0.4061072313236165,5.43,7.23,1.8000000000000007,6.24,-0.0037886658795749945,0.08333333333333333,0.20833333333333334,0
6.350666666666667,0.4727908863569837,5.31,7.21,1.9000000000000004,6.36,0.0013899576359469364,0.1,0.25,0
6.6531666666666665,0.43350698443687796,5.86,7.71,1.8499999999999996,6.6899999999999995,0.0082871727203278,0.24166666666666667,0.08333333333333333,0
7.179916666666666,0.27963516658118825,6.4,7.6,1.1999999999999993,7.24,-0.004244496145565648,0.8333333333333334,0.0,0
6.685333333333333,0.23776014991770358,5.94,7.32,1.38,6.705,-0.000561427876935897,0.09166666666666666,0.008333333333333333,0
6.547833333333333,0.23727334213705692,5.99,7.38,1.3899999999999997,6.54,0.000588304743384958,0.05,0.008333333333333333,0
6.490166666666667,0.23784793227793447,5.89,7.12,1.2300000000000004,6.49,0.0002338356830335216,0.03333333333333333,0.03333333333333333,0
6.4526666666666666,0.2876071780899929,5.88,7.21,1.33,6.46,-0.0023851656365025463,0.016666666666666666,0.041666666666666664,0
6.612166666666667,0.3627905349126713,5.76,7.51,1.75,6.6,0.0024968400583373876,0.125,0.05,0
6.944166666666666,0.42790688888536904,5.9,7.78,1.88,6.92,0.001820473644003061,0.4,0.016666666666666666,0
6.932416666666667,0.6618458982690424,5.53,7.84,2.3099999999999996,7.095,0.013592714771859169,0.5833333333333334,0.16666666666666666,0
6.549333333333333,0.37638573594415364,5.66,7.45,1.79,6.51,0.006063337731786924,0.09166666666666666,0.06666666666666667,0
7.066000000000001,0.22209382401738836,6.58,7.6,1.0199999999999996,7.12,0.0001727897770678685,0.6,0.0,0
7.21025,0.48914119042119797,6.2,8.06,1.8600000000000003,7.3100000000000005,-0.0032408153343982072,0.6666666666666666,0.0,0
7.195333333333334,0.3596918434190887,6.44,7.97,1.5299999999999994,7.109999999999999,-0.0029554135703868437,0.725,0.0,0
6.930750000000001,0.4040589117525644,6.23,7.64,1.4099999999999993,6.905,0.005181714007917182,0.4666666666666667,0.0,0
6.749750000000001,0.40440998689448804,5.9,7.71,1.8099999999999996,6.720000000000001,-0.0062162997430377205,0.2833333333333333,0.016666666666666666,0
7.001916666666667,0.3450731705820601,6.29,7.67,1.38,7.03,0.0022297729008959087,0.525,0.0,0
6.9608333333333325,0.41903576484856536,6.29,8.03,1.7399999999999993,6.91,0.01005271199388846,0.38333333333333336,0.0,0
6.439666666666667,0.3199920137892333,5.83,7.34,1.5099999999999998,6.390000000000001,-0.0010572956455309453,0.09166666666666666,0.03333333333333333,0
6.480416666666667,0.41899760507138417,5.57,7.45,1.88,6.41,0.0037621015348287836,0.13333333333333333,0.09166666666666666,0
6.515833333333334,0.7541303858676488,4.76,7.55,2.79,6.390000000000001,-0.010443225223973885,0.35833333333333334,0.26666666666666666,0
5.765833333333333,0.9684081296414006,4.39,7.29,2.9000000000000004,5.885,-0.01771053545385099,0.041666666666666664,0.55,0
5.813333333333333,0.5660113858297278,4.42,6.78,2.3600000000000003,5.97,0.001111466074032927,0.0,0.5166666666666667,0
6.32525,0.5378304604302984,5.51,7.45,1.9400000000000004,6.3,-0.009353878741579282,0.13333333333333333,0.30833333333333335,0
5.578916666666666,0.5482681762199549,4.63,6.81,2.1799999999999997,5.54,-0.00572973817626225,0.0,0.7333333333333333,0
5.020833333333333,0.4766665209789987,4.49,6.29,1.7999999999999998,4.81,-0.003374887144940629,0.0,0.9166666666666666,0
4.967249999999999,0.3971501867471968,4.48,6.25,1.7699999999999996,4.83,0.0012990832696715172,0.0,0.9583333333333334,0
4.614416666666667,0.11121147897387007,4.22,5.12,0.9000000000000004,4.63,-0.0006861240363914231,0.0,1.0,0
5.112416666666666,0.4073532370341768,4.46,6.01,1.5499999999999998,5.140000000000001,-0.0005760469477046936,0.0,0.9916666666666667,0
5.264916666666666,0.30978217033192135,4.69,6.01,1.3199999999999994,5.16,0.005857385929578435,0.0,0.9916666666666667,0
4.658083333333334,0.34692049001015907,4.11,5.92,1.8099999999999996,4.5649999999999995,-0.00458986735189944,0.0,1.0,0
5.4990000000000006,0.7145539401146238,4.39,6.62,2.2300000000000004,5.535,-0.006768942287658876,0.0,0.575,0
4.874833333333333,0.754598108635024,4.15,6.32,2.17,4.38,-0.014197097020626423,0.0,0.825,0
6.072416666666667,0.6823330025646487,4.2,7.07,2.87,6.215,0.013397909577053948,0.008333333333333333,0.3333333333333333,0
4.949583333333334,0.7212331983407924,4.22,6.77,2.55,4.66,-0.011096708104729524,0.0,0.85,0
4.910916666666666,0.6824392473978097,4.24,6.6,2.3599999999999994,4.75,0.015831759149940946,0.0,0.85,0
6.194249999999999,0.4367544361537728,4.7,7.21,2.51,6.22,0.005304153066185148,0.041666666666666664,0.19166666666666668,0
5.629916666666666,0.5609344819634068,4.56,6.48,1.9200000000000008,5.64,0.00538749218695741,0.0,0.6083333333333333,0
4.472166666666666,0.40616536725274294,4.07,5.55,1.4799999999999995,4.29,-0.005964928120008333,0.0,1.0,0
5.664583333333334,0.3977203704307281,5.02,6.42,1.4000000000000004,5.54,-0.0033106118480449994,0.0,0.7333333333333333,0
5.4270000000000005,0.7303567621375187,4.15,6.6,2.4499999999999993,5.4350000000000005,0.0023930828529758813,0.0,0.7083333333333334,0
5.150083333333333,0.2367223966074092,4.72,6.09,1.37,5.13,-0.0019127369956247187,0.0,0.9916666666666667,0
4.339416666666667,0.358699725474603,3.96,5.55,1.5899999999999999,4.18,0.0006994582957149815,0.0,1.0,0
4.35625,0.5489202469393892,3.93,6.03,2.1,4.08,0.006582366831029931,0.0,0.9916666666666667,0
4.215416666666667,0.11192926213561051,3.98,4.44,0.4600000000000004,4.2,0.0020854573234252364,0.0,1.0,0
4.89925,0.7059546284995941,3.95,6.5,2.55,4.89,0.0031328217237308236,0.0,0.9166666666666666,0
4.011166666666667,0.22205173321147986,3.83,5.5,1.67,3.98,-0.001376276130286822,0.0,1.0,0
4.671250000000001,0.8002578360545223,3.89,6.47,2.5799999999999996,4.08,0.0206072991179943,0.0,0.9333333333333333,0
6.025583333333333,0.5850638082484869,4.57,6.93,2.3599999999999994,6.14,-0.004926557399819421,0.0,0.36666666666666664,0
5.9824166666666665,0.6568180821624474,4.05,6.78,2.7300000000000004,6.05,-0.0095693798180429,0.0,0.375,0
4.230083333333333,0.2512219995453335,3.96,5.03,1.0700000000000003,4.13,-7.552607819985642e-05,0.0,1.0,0
4.272333333333333,0.4774127028985392,3.78,5.44,1.6600000000000006,3.95,-0.008598513785679576,0.0,1.0,0
4.73325,0.6561505956460504,3.85,6.45,2.6,4.67,0.008708486700465305,0.0,0.925,0
6.538833333333333,0.23610443781419177,5.68,6.93,1.25,6.6,0.003941870963261324,0.0,0.03333333333333333,0
6.5521666666666665,0.15783526925951058,6.25,6.97,0.7199999999999998,6.51,0.0015405930967428178,0.0,0.0,0
6.836500000000001,0.18706794665753584,6.38,7.25,0.8700000000000001,6.78,0.000640113896798398,0.23333333333333334,0.0,0
6.385916666666666,0.23691241642336006,6.03,7.06,1.0299999999999994,6.33,0.006057469268699196,0.016666666666666666,0.0,0
6.86025,0.10149271320313266,6.51,7.09,0.5800000000000001,6.86,9.618723522456255e-06,0.08333333333333333,0.0,0
6.846166666666667,0.2324370285092765,6.27,7.34,1.0700000000000003,6.84,0.001201889020070837,0.25,0.0,0
7.090833333333334,0.2779495857565221,6.57,7.68,1.1099999999999994,7.01,-0.005859712480033312,0.5083333333333333,0.0,0
7.089166666666666,0.19917991587730152,6.51,7.47,0.96,7.1,0.0033730120147232507,0.6583333333333333,0.0,0
7.225416666666667,0.2990036115538109,6.53,7.8,1.2699999999999996,7.21,0.0013729078408222758,0.7416666666666667,0.0,0
7.27325,0.4350003113025706,6.47,8.03,1.5599999999999996,7.13,0.006239148551982792,0.6333333333333333,0.0,0
7.143666666666666,0.3148437001998858,6.57,7.73,1.1600000000000001,7.03,0.005443016876171971,0.525,0.0,0
6.968500000000001,0.31859234663333225,6.45,7.6,1.1499999999999995,6.93,0.0016449058962427912,0.4666666666666667,0.0,0
7.013,0.3491527841313409,6.22,7.6,1.38,7.0,0.001469685394819101,0.5,0.0,0
6.437583333333333,0.8149713653797224,4.36,7.65,3.29,6.66,0.0077213348149177035,0.275,0.35,0
6.776000000000001,0.6013615107958495,4.59,7.42,2.83,7.01,-0.007152024446142079,0.5166666666666667,0.11666666666666667,0
6.564666666666667,0.9420774325334882,3.83,7.65,3.8200000000000003,6.68,-0.020294812139731916,0.24166666666666667,0.11666666666666667,0
5.098416666666666,1.0757307561477558,3.77,6.62,2.85,4.345000000000001,0.02903712063337731,0.0,0.6166666666666667,0
6.927333333333334,0.19528924417102156,6.35,7.19,0.8400000000000007,7.01,0.00409028404750329,0.5166666666666667,0.0,0
6.958666666666667,0.20141140870257462,6.35,7.21,0.8600000000000003,6.97,-0.004282102923814146,0.475,0.0,0
6.965000000000001,0.17510473056621473,6.45,7.38,0.9299999999999997,6.96,-0.0013803041877908449,0.45,0.0,0
