mean_ph,std_ph,min_ph,max_ph,range_ph,median_ph,slope,above_7_ratio,below_6_ratio,label
6.322666666666666,0.0964342032452987,6.13,6.48,0.35000000000000053,6.34,0.008480533926584995,0.0,0.0,1
6.142333333333334,0.11703798054003196,5.99,6.4,0.41000000000000014,6.09,0.003939933259176798,0.0,0.03333333333333333,1
6.452666666666667,0.10513272035331768,6.22,6.64,0.41999999999999993,6.48,-0.0021001112347053077,0.0,0.0,1
6.25,0.12271919165313959,5.99,6.44,0.4500000000000002,6.27,-0.01133704115684101,0.0,0.03333333333333333,1
6.421666666666667,0.10450146197807746,6.28,6.67,0.3899999999999997,6.42,-0.0026496106785317184,0.0,0.0,1
6.207333333333335,0.5401415452350327,3.56,6.69,3.1300000000000003,6.33,-0.012195773081201386,0.0,0.06666666666666667,1
6.439000000000001,0.10374166633196784,6.24,6.65,0.41000000000000014,6.43,-0.0024137931034483784,0.0,0.0,1
6.339999999999999,0.06397916327472047,6.22,6.47,0.25,6.33,-0.0007786429365963441,0.0,0.0,1
6.384333333333332,0.0701751776310938,6.22,6.59,0.3700000000000001,6.390000000000001,-0.0034816462736375073,0.0,0.0,1
6.3133333333333335,0.06654989773762916,6.21,6.45,0.2400000000000002,6.33,-0.001873192436040138,0.0,0.0,1
6.273,0.08359226439489875,6.15,6.42,0.2699999999999996,6.26,0.004754171301445977,0.0,0.0,1
6.304333333333333,0.04896824367780502,6.21,6.42,0.20999999999999996,6.3,-0.0025606229143494766,0.0,0.0,1
6.271000000000001,0.048603840726153855,6.17,6.38,0.20999999999999996,6.28,-0.0009365962180202611,0.0,0.0,1
6.28,0.07146094504459526,6.1,6.38,0.28000000000000025,6.29,0.0018197997775306163,0.0,0.0,1
6.211333333333333,0.1043945507304966,5.94,6.4,0.45999999999999996,6.21,-0.0061713014460512425,0.0,0.03333333333333333,1
6.280666666666667,0.08861652717686973,6.13,6.44,0.3100000000000005,6.28,0.0032258064516127944,0.0,0.0,1
6.244999999999999,0.11488399946612823,6.07,6.44,0.3700000000000001,6.24,0.001296996662958755,0.0,0.0,1
6.256333333333333,0.08604197941831779,6.02,6.4,0.3800000000000008,6.26,0.004905450500556103,0.0,0.0,1
6.341666666666666,0.10096479034242034,6.19,6.59,0.39999999999999947,6.34,0.0018086763070076055,0.0,0.0,1
6.385666666666666,0.11356887288728762,6.19,6.67,0.47999999999999954,6.390000000000001,0.0018220244716350724,0.0,0.0,1
6.320000000000001,0.0924481836850605,6.12,6.48,0.3600000000000003,6.31,-0.006046718576195973,0.0,0.0,1
6.327999999999999,0.10264501936285075,6.15,6.61,0.45999999999999996,6.32,-0.006033370411568468,0.0,0.0,1
6.220999999999998,0.08194917123843694,6.01,6.35,0.33999999999999986,6.22,-0.005230255839822261,0.0,0.0,1
6.1433333333333335,0.05454865310487111,6.02,6.24,0.22000000000000064,6.15,-0.000743047830923432,0.0,0.0,1
6.099666666666666,0.07418370590784898,5.99,6.29,0.2999999999999998,6.09,0.003966629588431386,0.0,0.03333333333333333,1
6.168333333333334,0.07497036451529072,6.02,6.33,0.3100000000000005,6.17,0.0030367074527251846,0.0,0.0,1
6.226999999999999,0.16025292509030845,5.99,6.54,0.5499999999999998,6.19,0.013817575083425897,0.0,0.03333333333333333,1
6.343333333333334,0.1330997954752582,6.1,6.59,0.4900000000000002,6.35,-0.0040266963292548905,0.0,0.0,1
6.285333333333332,0.12643136038534464,5.97,6.56,0.5899999999999999,6.3,0.006789766407118791,0.0,0.03333333333333333,1
5.943666666666666,0.27460861036917417,5.46,6.56,1.0999999999999996,5.91,-0.014774193548387205,0.0,0.5333333333333333,1
6.208,0.1273420590378528,5.99,6.45,0.45999999999999996,6.2,0.0023715239154614063,0.0,0.03333333333333333,1
6.291666666666667,0.08070866675202171,6.13,6.51,0.3799999999999999,6.28,0.0015639599555060182,0.0,0.0,1
6.274,0.12281693694275238,5.99,6.61,0.6200000000000001,6.27,-0.003911012235817638,0.0,0.03333333333333333,1
6.3096666666666685,0.09847108994804295,6.13,6.65,0.5200000000000005,6.3,-0.004642936596218098,0.0,0.0,1
6.332333333333334,0.08420939509474125,6.17,6.48,0.3100000000000005,6.33,0.0004026696329253508,0.0,0.0,1
6.4350000000000005,0.16622775540404391,6.15,6.85,0.6999999999999993,6.43,0.0004560622914347573,0.0,0.0,1
6.257666666666667,0.08693611958725139,6.1,6.42,0.3200000000000003,6.285,-0.0003804226918799056,0.0,0.0,1
6.194000000000001,0.047300458066844624,6.12,6.33,0.20999999999999996,6.19,0.002589543937708406,0.0,0.0,1
6.439999999999999,0.0708989891794423,6.31,6.56,0.25,6.45,0.002829810901000927,0.0,0.0,1
6.337000000000001,0.08794505860668553,6.1,6.48,0.3800000000000008,6.34,0.0038553948832034685,0.0,0.0,1
2.8606666666666665,1.9383909707681666,1.39,6.48,5.090000000000001,1.84,-0.1639777530589545,0.0,0.7666666666666667,1
5.112,1.0056221954591098,2.1,6.01,3.9099999999999997,5.734999999999999,0.09511457174638473,0.0,0.9333333333333333,1
5.902,0.10656453443805777,5.71,6.17,0.45999999999999996,5.885,0.005641824249165609,0.0,0.8,1
6.171999999999999,0.07700216447174286,6.01,6.26,0.25,6.2,-0.001739710789766545,0.0,0.0,1
6.271666666666666,0.1266776311043991,6.03,6.56,0.5299999999999994,6.33,0.00832258064516104,0.0,0.0,1
6.321666666666667,0.08532617157446812,6.1,6.48,0.3800000000000008,6.33,-0.00026028921023381774,0.0,0.0,1
6.564000000000001,0.0920362247523586,6.29,6.75,0.45999999999999996,6.57,0.0019577308120131984,0.0,0.0,1
6.499666666666667,0.0802696843286568,6.33,6.67,0.33999999999999986,6.51,-0.0009988876529479916,0.0,0.0,1
6.480666666666666,0.07706851208863157,6.28,6.59,0.3099999999999996,6.485,0.0016017797552835015,0.0,0.0,1
6.626999999999999,0.06689045771508323,6.53,6.79,0.2599999999999998,6.62,0.0004827586206895374,0.0,0.0,1
6.546666666666668,0.06724747000610674,6.38,6.7,0.3200000000000003,6.55,-0.0004137931034484383,0.0,0.0,1
6.404333333333333,0.09618327412924889,6.17,6.61,0.4400000000000004,6.4,-0.0071212458286986635,0.0,0.0,1
6.612666666666668,0.1768979617997022,6.31,6.93,0.6200000000000001,6.68,0.0165873192436038,0.0,0.0,1
6.542333333333333,0.10594600301830913,6.31,6.78,0.47000000000000064,6.54,0.0004293659621799772,0.0,0.0,1
6.612333333333334,0.08337399008217256,6.4,6.77,0.3699999999999992,6.63,0.0037530589543935677,0.0,0.0,1
6.572333333333334,0.0734249427798362,6.4,6.75,0.34999999999999964,6.57,-0.005319243604004657,0.0,0.0,1
6.529999999999999,0.07857056276579245,6.35,6.65,0.3000000000000007,6.54,-0.002585094549499532,0.0,0.0,1
6.505666666666668,0.08735686705818962,6.38,6.7,0.3200000000000003,6.475,0.005176863181312393,0.0,0.0,1
6.525,0.09076526501549657,6.35,6.77,0.41999999999999993,6.51,-0.005995550611790985,0.0,0.0,1
6.435666666666666,0.08436758197844059,6.31,6.64,0.33000000000000007,6.43,0.004638487208008801,0.0,0.0,1
6.440666666666667,0.1217903480941281,6.07,6.64,0.5699999999999994,6.46,-0.002024471635150264,0.0,0.0,1
6.366333333333334,0.08014500746910085,6.28,6.54,0.2599999999999998,6.35,-0.003557285873192513,0.0,0.0,1
6.358666666666665,0.07365384503804878,6.24,6.53,0.29000000000000004,6.35,0.003087875417130097,0.0,0.0,1
6.439333333333334,0.12527126122494692,6.21,6.72,0.5099999999999998,6.445,0.006273637374860913,0.0,0.0,1
6.458333333333333,0.10149165263978886,6.28,6.67,0.3899999999999997,6.47,-0.008122358175751073,0.0,0.0,1
6.411666666666667,0.06314445519776252,6.24,6.53,0.29000000000000004,6.41,-0.00012680756396014778,0.0,0.0,1
6.428666666666664,0.07623355924758836,6.29,6.62,0.33000000000000007,6.42,0.002011123470522682,0.0,0.0,1
5.175333333333333,1.9262463209280605,1.57,6.79,5.22,6.375,-0.17922135706340397,0.0,0.4,1
3.466333333333334,1.4819974883769391,1.3,5.59,4.29,4.145,0.13566852057842052,0.0,1.0,1
5.129666666666666,0.6151882277446111,3.1,6.05,2.9499999999999997,5.210000000000001,0.017604004449388113,0.0,0.9666666666666667,1
5.3213333333333335,0.23704758078401797,5.07,5.75,0.6799999999999997,5.235,0.0018197997775305779,0.0,1.0,1
5.867333333333334,0.29829441086878505,5.28,6.24,0.96,5.955,0.02742157953281415,0.0,0.5666666666666667,1
6.171,0.11725612990372841,6.01,6.45,0.4400000000000004,6.15,0.004340378197997693,0.0,0.0,1
6.188000000000001,0.10422411749046699,5.99,6.4,0.41000000000000014,6.2,-1.779755283653286e-05,0.0,0.06666666666666667,1
6.235,0.13415786720626316,6.02,6.53,0.5100000000000007,6.205,0.010916573971078895,0.0,0.0,1
6.3453333333333335,0.08110624034081608,6.17,6.53,0.3600000000000003,6.33,0.002611790878754043,0.0,0.0,1
6.314666666666666,0.09639271526186795,6.17,6.56,0.3899999999999997,6.3100000000000005,0.005223581757508163,0.0,0.0,1
6.498,0.06305553108173775,6.37,6.65,0.28000000000000025,6.51,0.0036929922135705237,0.0,0.0,1
6.505,0.0757957782465487,6.33,6.7,0.3700000000000001,6.49,-0.004487208008898867,0.0,0.0,1
6.439666666666667,0.11948454107354455,6.1,6.67,0.5700000000000003,6.45,-0.006538375973303873,0.0,0.0,1
6.279,0.07290861860347285,6.17,6.53,0.3600000000000003,6.28,0.00437597330367072,0.0,0.0,1
6.259333333333334,0.11786809953880185,6.07,6.65,0.5800000000000001,6.23,-0.001917686318131451,0.0,0.0,1
6.289666666666666,0.09981594172386604,6.03,6.47,0.4399999999999995,6.32,0.004496106785316884,0.0,0.0,1
6.378000000000001,0.13143819840518203,6.15,6.7,0.5499999999999998,6.33,0.00015127919910993393,0.0,0.0,1
6.434333333333333,0.15951349646834143,6.17,6.78,0.6100000000000003,6.43,0.0023292547274747803,0.0,0.0,1
6.5936666666666675,0.10277753753725678,6.33,6.75,0.41999999999999993,6.61,-0.0016440489432703585,0.0,0.0,1
6.4703333333333335,0.1402256118625346,6.03,6.69,0.6600000000000001,6.485,-0.002716351501668669,0.0,0.0,1
6.376999999999999,0.13643435539970616,6.15,6.64,0.4899999999999993,6.390000000000001,-0.0068008898776418785,0.0,0.0,1
6.263,0.09574793296289297,6.08,6.47,0.3899999999999997,6.28,0.00014905450500559298,0.0,0.0,1
6.310333333333333,0.08435967967907151,6.15,6.47,0.3199999999999994,6.32,0.0013726362625137989,0.0,0.0,1
6.2826666666666675,0.12181771445711649,6.05,6.51,0.45999999999999996,6.285,0.005312569521690712,0.0,0.0,1
6.389666666666666,0.13753746964211455,6.13,6.62,0.4900000000000002,6.42,-0.005684093437152563,0.0,0.0,1
6.274333333333333,0.0883433956533003,6.1,6.53,0.4300000000000006,6.28,-0.0018976640711904234,0.0,0.0,1
6.293333333333333,0.11352924243950932,6.15,6.58,0.4299999999999997,6.27,0.005321468298108805,0.0,0.0,1
6.529999999999999,0.14261837188805654,6.28,6.79,0.5099999999999998,6.53,0.006505005561735072,0.0,0.0,1
6.363666666666666,0.12207875418033319,6.12,6.61,0.4900000000000002,6.37,-0.008295884315906605,0.0,0.0,1
6.406666666666665,0.08367928191746281,6.28,6.58,0.2999999999999998,6.42,0.0017842046718574737,0.0,0.0,1
6.331,0.10329085148259749,6.12,6.58,0.45999999999999996,6.33,-0.002849833147942377,0.0,0.0,1
6.234999999999999,0.14331201391835,5.97,6.53,0.5600000000000005,6.19,-0.0073704115684096235,0.0,0.06666666666666667,1
6.242666666666666,0.09879046287752456,6.05,6.44,0.39000000000000057,6.26,-0.003234705228031272,0.0,0.0,1
6.179666666666667,0.10946790498690573,5.99,6.45,0.45999999999999996,6.17,-0.00015795328142395544,0.0,0.06666666666666667,1
6.262666666666667,0.0740690368657661,6.07,6.37,0.2999999999999998,6.27,-0.0014282536151280457,0.0,0.0,1
5.023666666666666,1.967000225950391,1.39,6.44,5.050000000000001,6.15,-0.18159510567297005,0.0,0.36666666666666664,1
3.6906666666666665,1.5468267158569795,1.53,5.65,4.12,3.17,0.16155728587319243,0.0,1.0,1
5.614,0.0691664658631623,5.48,5.76,0.27999999999999936,5.62,0.004453837597330278,0.0,1.0,1
5.326666666666667,0.1556777297995945,4.92,5.62,0.7000000000000002,5.32,0.006211345939933105,0.0,1.0,1
5.711666666666668,0.278640549015314,5.28,6.15,0.8700000000000001,5.63,0.02438487208008879,0.0,0.7333333333333333,1
6.051999999999999,0.07542766954727777,5.88,6.19,0.3100000000000005,6.05,0.0018197997775305011,0.0,0.16666666666666666,1
6.139999999999999,0.15242484486898242,5.76,6.47,0.71,6.13,0.011270300333704021,0.0,0.13333333333333333,1
6.270666666666668,0.08197289524931733,6.08,6.44,0.3600000000000003,6.27,-0.003141268075639695,0.0,0.0,1
6.389333333333331,0.14217203975778397,6.05,6.62,0.5700000000000003,6.4,-0.0026473859844272623,0.0,0.0,1
6.448333333333334,0.13183533500376732,6.12,6.69,0.5700000000000003,6.45,0.0016262513904335952,0.0,0.0,1
6.408333333333332,0.09444869271491034,6.19,6.64,0.4499999999999993,6.42,0.0023203559510564945,0.0,0.0,1
6.439666666666667,0.11651847731392458,6.17,6.67,0.5,6.45,-0.010551724137931182,0.0,0.0,1
6.523666666666665,0.1567691154390927,6.17,6.72,0.5499999999999998,6.57,-0.009243604004449454,0.0,0.0,1
6.5,0.07589466384404114,6.35,6.64,0.29000000000000004,6.5,-0.0009566184649611733,0.0,0.0,1
6.408333333333333,0.11818300310206303,6.22,6.69,0.47000000000000064,6.385,-0.01067630700778649,0.0,0.0,1
6.3726666666666665,0.09722596818180262,6.13,6.54,0.41000000000000014,6.4,0.0010856507230255082,0.0,0.0,1
6.547666666666666,0.2528594251533624,5.94,7.01,1.0699999999999994,6.535,0.021145717463848645,0.03333333333333333,0.06666666666666667,1
6.4136666666666695,0.06167027016498492,6.33,6.54,0.20999999999999996,6.42,-0.005546162402669749,0.0,0.0,1
6.359,0.09724025229639562,6.24,6.62,0.3799999999999999,6.33,0.005034482758620553,0.0,0.0,1
6.460666666666667,0.15333913032520072,6.21,6.79,0.5800000000000001,6.445,-0.003301446051168107,0.0,0.0,1
6.571333333333333,0.17433173995447737,6.31,6.93,0.6200000000000001,6.525,0.016271412680756273,0.0,0.0,1
6.755000000000001,0.20150682370579906,6.48,7.04,0.5599999999999996,6.725,-0.018240266963292825,0.16666666666666666,0.0,1
6.449333333333333,0.09732876701617497,6.24,6.56,0.3199999999999994,6.49,-0.008533926585094671,0.0,0.0,1
6.3100000000000005,0.057907972968610597,6.17,6.49,0.3200000000000003,6.3,-0.0008631813125695966,0.0,0.0,1
6.562666666666669,0.11675996269650352,6.33,6.77,0.4399999999999995,6.57,0.009050055617352394,0.0,0.0,1
6.3950000000000005,0.06317963807008303,6.31,6.61,0.3000000000000007,6.38,-0.0035572858731924744,0.0,0.0,1
6.4380000000000015,0.1569373548054552,6.13,6.79,0.6600000000000001,6.45,-0.0006095661846497235,0.0,0.0,1
6.193666666666667,0.18194290923864617,5.81,6.58,0.7700000000000005,6.24,0.00033592880978836217,0.0,0.16666666666666666,1
6.2589999999999995,0.18186716764349384,5.89,6.67,0.7800000000000002,6.25,0.006307007786429215,0.0,0.1,1
6.350666666666665,0.10446477343530162,6.17,6.59,0.41999999999999993,6.33,-0.007746384872080195,0.0,0.0,1
6.318999999999999,0.12034256658943811,6.17,6.61,0.4400000000000004,6.3,-3.781979977763713e-05,0.0,0.0,1
6.155999999999998,0.08384907075613109,6.02,6.4,0.3800000000000008,6.17,-0.0016907675194662427,0.0,0.0,1
6.332666666666666,0.18964762646081865,6.07,6.81,0.7399999999999993,6.32,-0.00415572858731938,0.0,0.0,1
6.208333333333334,0.11245986938558229,6.02,6.61,0.5900000000000007,6.19,-0.005515016685205826,0.0,0.0,1
6.3836666666666675,0.15772303432141913,6.12,6.67,0.5499999999999998,6.359999999999999,0.005977753058954183,0.0,0.0,1
6.355333333333335,0.1819474893723156,6.05,6.79,0.7400000000000002,6.34,-0.009508342602892262,0.0,0.0,1
6.471666666666666,0.23184884922916674,6.1,6.93,0.8300000000000001,6.47,0.021141268075639427,0.0,0.0,1
6.597666666666666,0.17668584801530904,6.26,6.9,0.6400000000000006,6.595000000000001,-0.010395995550611952,0.0,0.0,1
6.533333333333333,0.1744769962551575,6.24,6.83,0.5899999999999999,6.57,0.002714126807563752,0.0,0.0,1
6.3983333333333325,0.09327676857372127,6.22,6.59,0.3700000000000001,6.38,-0.0017552836484983911,0.0,0.0,1
6.593666666666667,0.31038130671088354,6.1,7.1,1.0,6.535,0.011116796440489324,0.13333333333333333,0.0,1
6.7186666666666675,0.2753510890158639,6.19,7.08,0.8899999999999997,6.805,0.015132369299221165,0.2,0.0,1
6.184,0.1881949343987063,5.88,6.61,0.7300000000000004,6.2,-0.0016151279199112373,0.0,0.16666666666666666,1
6.218333333333333,0.10779868067632156,6.01,6.38,0.3700000000000001,6.21,0.0049232480533925975,0.0,0.0,1
6.492333333333334,0.15911596050958843,6.07,6.72,0.6499999999999995,6.53,0.004812013348164564,0.0,0.0,1
6.676333333333334,0.11737357264544501,6.47,6.91,0.4400000000000004,6.69,0.006364849833147841,0.0,0.0,1
6.676666666666666,0.20095328368111384,6.42,7.23,0.8100000000000005,6.64,0.012765294771968633,0.1,0.0,1
6.441666666666666,0.21365210558808498,6.07,6.83,0.7599999999999998,6.460000000000001,0.00010901001112326922,0.0,0.0,1
6.520000000000001,0.18038846969803807,6.28,6.9,0.6200000000000001,6.465,-0.01339265850945508,0.0,0.0,1
3.4973333333333327,1.558616765668271,1.28,4.96,3.6799999999999997,4.65,0.15325027808676303,0.0,1.0,1
6.5596666666666685,0.2169713242701799,5.85,6.88,1.0300000000000002,6.6,0.011873192436039915,0.0,0.03333333333333333,1
6.677333333333333,0.06782002326419205,6.49,6.78,0.29000000000000004,6.7,-0.0009922135706341621,0.0,0.0,1
6.790000000000001,0.08876936408468843,6.62,7.02,0.39999999999999947,6.78,0.000404894327029807,0.06666666666666667,0.0,1
6.743333333333331,0.0913357663909501,6.51,6.91,0.40000000000000036,6.74,-0.0023759733036709716,0.0,0.0,1
6.584666666666666,0.1252127079102685,6.42,6.79,0.3700000000000001,6.55,0.005761957730811908,0.0,0.0,1
6.401666666666666,0.23976493117681377,5.91,6.83,0.9199999999999999,6.33,-0.025666295884316008,0.0,0.03333333333333333,1
6.490333333333333,0.14795231964686764,6.22,6.77,0.5499999999999998,6.51,-2.0022246941104266e-05,0.0,0.0,1
6.443666666666667,0.11220467409555139,6.24,6.65,0.41000000000000014,6.445,-0.006347052280311616,0.0,0.0,1
6.37,0.1155277744382998,6.13,6.62,0.4900000000000002,6.359999999999999,-0.002794215795328361,0.0,0.0,1
6.243666666666667,0.1266618420133792,5.88,6.45,0.5700000000000003,6.25,0.007619577308120047,0.0,0.06666666666666667,1
6.461999999999999,0.20357472010705718,6.05,6.7,0.6500000000000004,6.52,0.017628476084538262,0.0,0.0,1
6.542333333333332,0.05499595944754086,6.44,6.62,0.17999999999999972,6.54,-0.004073414905450544,0.0,0.0,1
6.571999999999999,0.14579437574886076,6.35,6.91,0.5600000000000005,6.535,0.010932146829810665,0.0,0.0,1
6.415000000000001,0.32494871390215824,5.97,7.1,1.13,6.265000000000001,-0.008215795328142572,0.06666666666666667,0.03333333333333333,1
6.229333333333334,0.2426098834663494,5.81,6.62,0.8100000000000005,6.3,0.019274749721913155,0.0,0.26666666666666666,1
6.392333333333334,0.10846453593481865,6.19,6.74,0.5499999999999998,6.375,0.005417130144604954,0.0,0.0,1
6.489000000000001,0.2038847713783451,6.01,6.78,0.7700000000000005,6.53,-0.004233592880978995,0.0,0.0,1
6.42,0.0852838398134918,6.21,6.64,0.4299999999999997,6.42,-0.0009343715239156512,0.0,0.0,1
6.503333333333334,0.1833272726270941,6.03,6.79,0.7599999999999998,6.535,-0.016280311457174866,0.0,0.0,1
6.438999999999999,0.2058858907259068,6.05,6.94,0.8900000000000006,6.445,0.00603114571746382,0.0,0.0,1
6.2330000000000005,0.1489552505508506,5.99,6.49,0.5,6.23,-0.008358175750834375,0.0,0.03333333333333333,1
6.203666666666667,0.2952454722580668,5.67,6.83,1.1600000000000001,6.17,-0.008616240266963468,0.0,0.23333333333333334,1
6.264666666666667,0.09666896548990721,5.94,6.35,0.40999999999999925,6.29,0.00491657397107873,0.0,0.06666666666666667,1
6.513666666666666,0.14213803932171792,6.22,6.78,0.5600000000000005,6.53,-0.002542825361512982,0.0,0.0,1
6.2603333333333335,0.15232603921267776,5.96,6.54,0.5800000000000001,6.23,0.0011368186874303435,0.0,0.03333333333333333,1
6.4046666666666665,0.1066687499796554,6.22,6.62,0.40000000000000036,6.42,0.0009032258064514211,0.0,0.0,1
6.441333333333333,0.12945355237390058,6.24,6.77,0.5299999999999994,6.43,0.0013170189098997826,0.0,0.0,1
6.343333333333335,0.11869662543176579,6.13,6.61,0.4800000000000004,6.33,0.0016329254727473477,0.0,0.0,1
6.424666666666667,0.21037638228238031,6.08,6.79,0.71,6.45,-0.0011034482758621948,0.0,0.0,1
6.363333333333333,0.17933828989432857,6.01,6.79,0.7800000000000002,6.34,-0.003799777530589721,0.0,0.0,1
6.326666666666667,0.10120386466050701,6.15,6.54,0.3899999999999997,6.32,0.0012102335928807775,0.0,0.0,1
6.237,0.12367026050483323,6.07,6.58,0.5099999999999998,6.19,-0.002520578420467345,0.0,0.0,1
6.313,0.15347421064574124,5.92,6.65,0.7300000000000004,6.33,0.011107897664071038,0.0,0.03333333333333333,1
6.4430000000000005,0.17641145087550297,6.15,6.79,0.6399999999999997,6.385,-0.002520578420467268,0.0,0.0,1
6.364999999999999,0.11453529295956481,6.07,6.62,0.5499999999999998,6.359999999999999,0.00022914349276966436,0.0,0.0,1
6.199333333333334,0.09969731970096067,6.03,6.4,0.3700000000000001,6.19,0.0013793103448273979,0.0,0.0,1
6.256666666666666,0.21558189987926993,5.96,6.67,0.71,6.15,-0.009183537263626335,0.0,0.03333333333333333,1
6.182666666666667,0.12285311916629922,5.96,6.4,0.4400000000000004,6.17,0.010015572858731815,0.0,0.06666666666666667,1
6.203666666666667,0.09813199727351367,6.02,6.33,0.3100000000000005,6.21,0.00806451612903214,0.0,0.0,1
6.285,0.09182410721954587,6.13,6.47,0.33999999999999986,6.3,0.004972191323692631,0.0,0.0,1
6.479,0.20842824504690657,6.07,6.83,0.7599999999999998,6.48,0.016856507230255863,0.0,0.0,1
6.370333333333335,0.16706252987695625,6.02,6.81,0.79,6.38,-0.012536151279199314,0.0,0.0,1
5.870333333333333,0.4301665052305005,4.45,6.37,1.92,5.92,-0.013212458286985777,0.0,0.6333333333333333,1
6.171333333333334,0.22041980148999527,5.71,6.47,0.7599999999999998,6.22,0.018478309232480488,0.0,0.26666666666666666,1
6.271666666666665,0.22615751639559145,5.89,6.72,0.8300000000000001,6.22,0.012820912124582688,0.0,0.1,1
6.213666666666667,0.08856196826077331,6.07,6.4,0.33000000000000007,6.1899999999999995,-0.0006696329254728828,0.0,0.0,1
6.379666666666667,0.2871524952974561,5.8,6.78,0.9800000000000004,6.475,0.017799777530589377,0.0,0.1,1
6.227666666666665,0.1464851149055388,5.89,6.47,0.5800000000000001,6.21,0.012389321468298005,0.0,0.06666666666666667,1
6.485333333333333,0.16449383642623885,6.19,6.75,0.5599999999999996,6.475,0.011928809788654009,0.0,0.0,1
6.5743333333333345,0.0834139609950809,6.4,6.75,0.34999999999999964,6.56,0.0017953281423802923,0.0,0.0,1
6.395666666666666,0.17598642624424823,6.03,6.74,0.71,6.48,-0.010547274749722077,0.0,0.0,1
6.267333333333332,0.24238995212031564,5.89,6.74,0.8500000000000005,6.24,0.022620689655172325,0.0,0.13333333333333333,1
6.072000000000001,0.12204917041913892,5.78,6.4,0.6200000000000001,6.0600000000000005,-1.3348164627466863e-05,0.0,0.23333333333333334,1
6.151333333333333,0.10626173137849557,5.91,6.33,0.41999999999999993,6.16,0.008791991101223572,0.0,0.06666666666666667,1
6.252666666666666,0.11488931871830195,5.99,6.45,0.45999999999999996,6.25,0.0033459399332591124,0.0,0.03333333333333333,1
6.038333333333331,0.1364815819890076,5.78,6.29,0.5099999999999998,6.03,-0.003997775305895539,0.0,0.43333333333333335,1
6.178000000000001,0.13680643259730152,5.99,6.45,0.45999999999999996,6.16,0.010598442714126645,0.0,0.06666666666666667,1
6.253,0.20925502781693603,5.89,6.69,0.8000000000000007,6.295,0.016335928809788534,0.0,0.06666666666666667,1
6.522666666666667,0.2081655324228507,5.96,6.86,0.9000000000000004,6.535,0.0007652947719687236,0.0,0.03333333333333333,1
6.023999999999999,0.4015934926431619,4.86,6.45,1.5899999999999999,6.2,-0.010384872080089133,0.0,0.3,1
6.270333333333332,0.11414853870676087,5.99,6.47,0.47999999999999954,6.27,-0.005612903225806546,0.0,0.03333333333333333,1
6.46,0.08326663997864528,6.26,6.58,0.3200000000000003,6.485,-0.00293214682981102,0.0,0.0,1
6.5293333333333345,0.10076154469284836,6.29,6.74,0.4500000000000002,6.52,0.005530589543937596,0.0,0.0,1
6.672333333333333,0.061247222159231125,6.53,6.81,0.27999999999999936,6.65,-0.0001802002224695543,0.0,0.0,1
6.588333333333334,0.14189393534922087,6.37,6.83,0.45999999999999996,6.615,-0.011370411568409504,0.0,0.0,1
6.247333333333332,0.16161545580653966,5.94,6.62,0.6799999999999997,6.255,-0.010567296996663143,0.0,0.03333333333333333,1
6.012,0.07058800653557705,5.8,6.17,0.3700000000000001,6.01,-0.0019132369299223082,0.0,0.36666666666666664,1
6.0296666666666665,0.1090713324185396,5.81,6.17,0.3600000000000003,6.07,-0.0036418242491658807,0.0,0.4,1
6.000333333333333,0.14556747194647884,5.75,6.29,0.54,5.965,0.013515016685205626,0.0,0.5666666666666667,1
6.199000000000001,0.28469106062537336,5.8,6.72,0.9199999999999999,6.24,-0.027103448275862106,0.0,0.36666666666666664,1
6.163,0.367769402388689,5.42,6.85,1.4299999999999997,6.0649999999999995,-0.018680756395995778,0.0,0.36666666666666664,1
5.673333333333333,0.07277056792107343,5.56,5.81,0.25,5.67,0.0037508342602891307,0.0,1.0,1
5.538,0.09961258287318248,5.39,5.88,0.4900000000000002,5.53,-0.0035639599555061887,0.0,1.0,1
5.470999999999999,0.14325618078579835,5.28,5.96,0.6799999999999997,5.43,0.004175750834260273,0.0,1.0,1
5.671000000000001,0.22234132919155328,5.28,5.99,0.71,5.7,-0.017906562847608595,0.0,1.0,1
5.703,0.1566131114136573,5.44,6.1,0.6599999999999993,5.69,0.013377085650722889,0.0,0.9333333333333333,1
6.251,0.19180458805774167,5.86,6.67,0.8099999999999996,6.215,0.01764849833147933,0.0,0.06666666666666667,1
6.3950000000000005,0.14068285846778447,6.03,6.62,0.5899999999999999,6.42,-0.002266963292547395,0.0,0.0,1
6.048333333333334,0.36505783407868714,5.42,6.56,1.1399999999999997,6.08,0.03714571746384864,0.0,0.43333333333333335,1
6.289666666666667,0.06268882586943937,6.21,6.48,0.27000000000000046,6.285,0.0012747497219131178,0.0,0.0,1
5.7909999999999995,0.28312953454794026,5.32,6.47,1.1499999999999995,5.705,-0.011944382647386238,0.0,0.8333333333333334,1
6.1626666666666665,0.29261958619036804,5.73,6.67,0.9399999999999995,6.215,0.0292903225806452,0.0,0.3333333333333333,1
6.294333333333333,0.29987423289698567,5.64,6.69,1.0500000000000007,6.375,0.0035928809788652715,0.0,0.2,1
5.835666666666666,0.46911749298253874,5.05,6.65,1.6000000000000005,5.59,-0.04718798665183547,0.0,0.7,1
5.310666666666667,0.09926171915138732,5.16,5.53,0.3700000000000001,5.28,-0.010402669632925608,0.0,1.0,1
5.596999999999999,0.33278772012600855,5.16,6.51,1.3499999999999996,5.529999999999999,0.015886540600667243,0.0,0.9,1
5.907,0.25745096620521746,5.51,6.38,0.8700000000000001,5.9399999999999995,0.02583092324805335,0.0,0.5,1
5.938999999999999,0.36696366759303756,5.13,6.33,1.2000000000000002,6.074999999999999,-0.026907675194660936,0.0,0.4666666666666667,1
5.615666666666667,0.1922790217944282,5.19,5.88,0.6899999999999995,5.72,0.016518353726362546,0.0,1.0,1
5.8340000000000005,0.12679642476557976,5.5,6.07,0.5700000000000003,5.855,-0.0024026696329255983,0.0,0.9333333333333333,1
5.5233333333333325,0.40213043765535694,4.22,5.92,1.7000000000000002,5.595,-0.030647385984427192,0.0,1.0,1
5.839666666666665,0.24475134774342353,5.37,6.24,0.8700000000000001,5.855,0.0008209121245827207,0.0,0.6666666666666666,1
6.338000000000002,0.1775274626642312,5.97,6.61,0.6400000000000006,6.31,0.01523470522803099,0.0,0.06666666666666667,1
6.381666666666665,0.17972355314636862,6.01,6.74,0.7300000000000004,6.43,-0.008665183537263692,0.0,0.0,1
6.299666666666667,0.16400169375819124,5.99,6.51,0.5199999999999996,6.37,0.012567296996662891,0.0,0.03333333333333333,1
6.540333333333333,0.11350428283647371,6.24,6.72,0.47999999999999954,6.54,0.0027474972191321692,0.0,0.0,1
6.144000000000001,0.2898114329467812,5.73,6.64,0.9099999999999993,6.02,-0.02630478309232489,0.0,0.4,1
5.752666666666666,0.11051194002861811,5.57,6.03,0.45999999999999996,5.74,-0.007786429365962307,0.0,0.9333333333333333,1
5.9639999999999995,0.37210751134584735,5.19,6.4,1.21,6.055,0.0360667408231367,0.0,0.4,1
6.352333333333333,0.07365158216600354,6.08,6.48,0.40000000000000036,6.37,-0.0051145717463850085,0.0,0.0,1
6.287333333333333,0.11786809953880191,6.01,6.44,0.4300000000000006,6.32,0.0015172413793102491,0.0,0.0,1
6.248333333333333,0.16713434383420087,5.94,6.48,0.54,6.32,0.0159087875417129,0.0,0.06666666666666667,1
6.436333333333334,0.11329852406609524,6.05,6.59,0.54,6.475,-0.005697441601779837,0.0,0.0,1
6.343333333333334,0.09364234559689806,6.08,6.53,0.4500000000000002,6.34,0.004751946607341367,0.0,0.0,1
6.230666666666667,0.15268558834706336,6.05,6.56,0.5099999999999998,6.18,-0.016467185761957902,0.0,0.0,1
6.182999999999999,0.17799157283422162,6.01,6.54,0.5300000000000002,6.08,0.016718576195772994,0.0,0.0,1
6.523,0.04009571880720762,6.47,6.61,0.14000000000000057,6.52,0.0010745272525027666,0.0,0.0,1
6.482666666666666,0.1024348031134384,6.26,6.62,0.3600000000000003,6.51,0.003230255839821937,0.0,0.0,1
6.203999999999999,0.12303387067524671,6.07,6.67,0.5999999999999996,6.19,-0.0027541713014461906,0.0,0.0,1
6.247666666666666,0.23250352446552053,5.8,6.56,0.7599999999999998,6.25,-0.01502335928809801,0.0,0.2,1
6.310666666666666,0.20459607903270177,5.88,6.56,0.6799999999999997,6.375,0.015715239154616013,0.0,0.13333333333333333,1
6.336666666666667,0.0459226402647855,6.28,6.44,0.16000000000000014,6.33,0.0023759733036707413,0.0,0.0,1
6.439000000000001,0.05923681287847967,6.31,6.54,0.23000000000000043,6.45,0.0030856507230255254,0.0,0.0,1
6.31,0.09577751997902915,6.12,6.44,0.3200000000000003,6.35,-0.007986651835372909,0.0,0.0,1
6.309999999999999,0.10617595459110951,6.13,6.49,0.3600000000000003,6.33,-0.008008898776418354,0.0,0.0,1
6.297333333333332,0.19988218752277281,6.01,6.64,0.6299999999999999,6.32,0.016983314794215665,0.0,0.0,1
6.2909999999999995,0.1568300566430641,5.97,6.54,0.5700000000000003,6.29,-0.008411568409343819,0.0,0.06666666666666667,1
6.348666666666667,0.10480882066357243,6.03,6.56,0.5299999999999994,6.34,-0.00024026696329279028,0.0,0.0,1
6.285000000000001,0.032015621187164195,6.17,6.33,0.16000000000000014,6.28,0.001047830923247948,0.0,0.0,1
6.450333333333333,0.10907133241853958,6.21,6.65,0.4400000000000004,6.475,0.004264738598442495,0.0,0.0,1
6.4383333333333335,0.12824672402140416,6.15,6.72,0.5699999999999994,6.46,-0.001172413793103486,0.0,0.0,1
6.230333333333334,0.09185072430610204,6.08,6.4,0.3200000000000003,6.23,-0.00466963292547284,0.0,0.0,1
6.224666666666666,0.06591577116964414,6.08,6.33,0.25,6.22,0.002144605116796198,0.0,0.0,1
6.166666666666668,0.07798860315598823,6.07,6.35,0.27999999999999936,6.15,-0.00537041156840953,0.0,0.0,1
6.122000000000002,0.0555217675030854,6.05,6.29,0.2400000000000002,6.12,0.001121245828698459,0.0,0.0,1
6.142333333333334,0.06499658110666703,6.03,6.31,0.27999999999999936,6.13,0.00133704115684081,0.0,0.0,1
6.140000000000001,0.12331531399897853,6.01,6.35,0.33999999999999986,6.075,0.012013348164627203,0.0,0.0,1
6.448666666666667,0.08943278046791471,6.24,6.69,0.4500000000000002,6.44,-0.001179087875417354,0.0,0.0,1
6.101,0.17420964382031212,5.91,6.69,0.7800000000000002,6.0600000000000005,-0.0012213570634039034,0.0,0.3,1
6.084000000000001,0.06606057825965507,5.99,6.24,0.25,6.07,0.0040177975528362594,0.0,0.03333333333333333,1
6.005666666666667,0.06756149462197789,5.86,6.17,0.3099999999999996,6.02,-0.0034593993325918704,0.0,0.36666666666666664,1
5.590000000000001,0.2742991068158991,5.0,6.03,1.0300000000000002,5.630000000000001,0.0046585094549498095,0.0,0.9333333333333333,1
6.294,0.21912857717179043,5.85,6.64,0.79,6.32,0.023942157953281213,0.0,0.13333333333333333,1
6.585999999999999,0.08200000000000005,6.47,6.78,0.3100000000000005,6.58,0.004400444938820698,0.0,0.0,1
6.381333333333333,0.24951597588575813,5.89,6.7,0.8100000000000005,6.475,-0.02184649610678549,0.0,0.13333333333333333,1
6.083,0.07043436661176139,5.97,6.29,0.3200000000000003,6.07,-0.003744160177975666,0.0,0.06666666666666667,1
6.035333333333335,0.03547142825179476,5.99,6.13,0.13999999999999968,6.02,-9.343715239173029e-05,0.0,0.06666666666666667,1
6.002333333333334,0.019267128022157874,5.96,6.03,0.07000000000000028,6.01,-0.0005094549499445479,0.0,0.43333333333333335,1
5.969999999999999,0.02620432534271129,5.92,6.02,0.09999999999999964,5.97,-0.0022780867630701755,0.0,0.8666666666666667,1
5.927666666666666,0.018381754238616304,5.91,5.97,0.05999999999999961,5.92,0.0014883203559508975,0.0,1.0,1
5.938999999999999,0.0978893933648245,5.8,6.17,0.3700000000000001,5.93,-0.006235817575083506,0.0,0.8333333333333334,1
5.932666666666668,0.07084882183604435,5.81,6.07,0.2600000000000007,5.915,0.006798665183537096,0.0,0.7333333333333333,1
6.088666666666668,0.05959492894161009,5.99,6.19,0.20000000000000018,6.08,0.0006318131256950536,0.0,0.1,1
6.1563333333333325,0.043778482791841385,6.03,6.26,0.22999999999999954,6.16,0.0032858731924358766,0.0,0.0,1
6.089333333333334,0.1524671184951765,5.89,6.33,0.4400000000000004,6.045,-0.01203559510567309,0.0,0.4666666666666667,1
6.200666666666668,0.21508034674408438,5.83,6.69,0.8600000000000003,6.16,0.00942380422691851,0.0,0.13333333333333333,1
6.177333333333333,0.1782121083303701,5.78,6.49,0.71,6.25,0.015697441601779594,0.0,0.2,1
6.495,0.14719035294474977,6.24,6.83,0.5899999999999999,6.49,-0.00782424916573981,0.0,0.0,1
6.401,0.07768955313725699,6.26,6.62,0.3600000000000003,6.38,-0.004620689655172653,0.0,0.0,1
6.243333333333335,0.06982517852147284,6.17,6.47,0.2999999999999998,6.21,-0.005272525027808887,0.0,0.0,1
6.305333333333333,0.07237556370918449,6.21,6.48,0.27000000000000046,6.29,0.007132369299221213,0.0,0.0,1
6.394333333333335,0.04079896512848785,6.33,6.48,0.15000000000000036,6.4,-0.0017152391546163745,0.0,0.0,1
6.362666666666667,0.06071426704014662,6.17,6.49,0.3200000000000003,6.375,-0.00041824249165765793,0.0,0.0,1
6.273333333333334,0.08125405972763587,6.17,6.48,0.3100000000000005,6.26,0.0013659621802000462,0.0,0.0,1
6.307333333333334,0.12143402415395056,6.1,6.53,0.4300000000000006,6.3,-0.01184427141268091,0.0,0.0,1
6.3693333333333335,0.14319993792674024,6.08,6.65,0.5700000000000003,6.4,0.01533259176863167,0.0,0.0,1
6.5566666666666675,0.18732028424302816,6.05,6.81,0.7599999999999998,6.55,-0.008048943270300484,0.0,0.0,1
6.553999999999999,0.08464041587799534,6.38,6.74,0.3600000000000003,6.58,0.00025806451612890065,0.0,0.0,1
6.418999999999998,0.19300000000000006,5.99,6.69,0.7000000000000002,6.43,-0.00864293659621817,0.0,0.03333333333333333,1
6.5950000000000015,0.09888545562080067,6.33,6.74,0.41000000000000014,6.62,-0.005172413793103558,0.0,0.0,1
6.544333333333335,0.12273775114265198,6.26,6.74,0.4800000000000004,6.5600000000000005,0.005470522803114398,0.0,0.0,1
6.450000000000001,0.19064801773600135,6.08,6.67,0.5899999999999999,6.52,-0.012493882091212688,0.0,0.0,1
6.068666666666667,0.042483983910279535,6.01,6.17,0.16000000000000014,6.07,-0.0021846496106787522,0.0,0.0,1
6.0340000000000025,0.03332666599986679,5.99,6.15,0.16000000000000014,6.02,-0.0008320355951057506,0.0,0.03333333333333333,1
6.006,0.02524546163834861,5.96,6.08,0.1200000000000001,6.01,-0.001174638487208019,0.0,0.4,1
6.025333333333334,0.04659995231280345,5.96,6.17,0.20999999999999996,6.015,0.002206896551723967,0.0,0.26666666666666666,1
5.994000000000001,0.07512655988397167,5.73,6.22,0.4899999999999993,5.99,0.00015127919910997234,0.0,0.5666666666666667,1
5.938666666666666,0.05371116167882502,5.86,6.1,0.23999999999999932,5.92,-0.0040800889877643355,0.0,0.8666666666666667,1
5.907999999999999,0.02712931993250112,5.86,5.97,0.10999999999999943,5.91,-0.0002714126807564827,0.0,1.0,1
5.882333333333333,0.023619671650742535,5.85,5.94,0.09000000000000075,5.88,-0.001884315906562995,0.0,1.0,1
5.849333333333333,0.05421766829692657,5.71,6.01,0.2999999999999998,5.85,0.0026607341490542877,0.0,0.9666666666666667,1
5.888,0.0550393798414675,5.81,6.03,0.22000000000000064,5.88,-0.003919911012235962,0.0,0.9,1
5.8616666666666655,0.04691007946652373,5.8,5.94,0.14000000000000057,5.85,0.00046051167964401537,0.0,1.0,1
5.826000000000001,0.024166091947189165,5.78,5.89,0.10999999999999943,5.83,-0.002024471635150245,0.0,1.0,1
5.818666666666668,0.021249836600679018,5.78,5.88,0.09999999999999964,5.81,-0.0008364849833148933,0.0,1.0,1
5.820333333333335,0.014715826703096154,5.78,5.85,0.0699999999999994,5.83,0.00011345939933239284,0.0,1.0,1
5.8180000000000005,0.018330302779823414,5.78,5.86,0.08000000000000007,5.81,-0.0007964404894327616,0.0,1.0,1
5.812333333333334,0.023900255693657797,5.76,5.86,0.10000000000000053,5.81,0.0002424916573970352,0.0,1.0,1
5.831333333333332,0.02305548862105417,5.8,5.91,0.11000000000000032,5.83,0.0011924360400443405,0.0,1.0,1
5.823666666666668,0.020080393975772062,5.76,5.85,0.08999999999999986,5.83,-0.0009988876529477611,0.0,1.0,1
5.827000000000002,0.024103941586388056,5.8,5.91,0.11000000000000032,5.83,-0.0009454949944384122,0.0,1.0,1
5.8466666666666685,0.024944382578492977,5.8,5.89,0.08999999999999986,5.85,-0.0004627363737486636,0.0,1.0,1
5.839333333333333,0.029431653406192193,5.8,5.92,0.1200000000000001,5.83,0.0009966629588430552,0.0,1.0,1
5.841,0.018859126879754176,5.81,5.89,0.08000000000000007,5.85,-0.0010656284760847499,0.0,1.0,1
5.842000000000001,0.023579652245103284,5.81,5.91,0.10000000000000053,5.85,0.0006941045606228034,0.0,1.0,1
5.873333333333334,0.047492689495916736,5.81,6.01,0.20000000000000018,5.86,0.000707452725250251,0.0,0.9666666666666667,1
5.851333333333332,0.028370563774604365,5.81,5.92,0.11000000000000032,5.85,-0.0006718576195773773,0.0,1.0,1
5.849000000000001,0.03571647612330587,5.81,5.94,0.13000000000000078,5.85,-0.00024249165739724646,0.0,1.0,1
5.866,0.04152107898405347,5.81,5.96,0.15000000000000036,5.86,8.898776418247225e-05,0.0,1.0,1
5.8839999999999995,0.03903844259188628,5.81,5.97,0.16000000000000014,5.88,-0.002264738598442862,0.0,1.0,1
5.850666666666667,0.026322782696532817,5.8,5.91,0.11000000000000032,5.85,-0.0014104560622914743,0.0,1.0,1
5.869666666666665,0.025882211823738895,5.83,5.92,0.08999999999999986,5.86,0.000794215795328075,0.0,1.0,1
5.873999999999999,0.026532998322843237,5.85,5.97,0.1200000000000001,5.88,0.0015483870967740376,0.0,1.0,1
5.8673333333333355,0.02827641341393137,5.83,5.99,0.16000000000000014,5.86,-0.0019132369299221929,0.0,1.0,1
5.879666666666667,0.03177874901390684,5.85,5.97,0.1200000000000001,5.88,-0.0005539488320357841,0.0,1.0,1
5.855999999999999,0.020264912204760916,5.81,5.91,0.10000000000000053,5.85,0.00046273637374852914,0.0,1.0,1
5.877666666666666,0.02027861489900683,5.85,5.92,0.07000000000000028,5.88,0.0003359288097885158,0.0,1.0,1
5.878,0.034097898273451825,5.81,5.96,0.15000000000000036,5.88,-0.0016195773081202265,0.0,1.0,1
5.873333333333334,0.040688518719112415,5.81,6.03,0.22000000000000064,5.86,-0.0006807563959956629,0.0,0.9666666666666667,1
5.870000000000002,0.029325756597230298,5.83,5.97,0.13999999999999968,5.86,0.00045828698553936715,0.0,1.0,1
5.888666666666666,0.02526306042866192,5.85,5.96,0.11000000000000032,5.885,0.000511679644048812,0.0,1.0,1
5.880999999999999,0.02256102834535696,5.83,5.92,0.08999999999999986,5.88,0.0004204671857616916,0.0,1.0,1
5.879666666666667,0.028923270139380185,5.83,5.94,0.11000000000000032,5.88,0.0002602892102334336,0.0,1.0,1
5.889666666666666,0.03092823233803633,5.85,5.99,0.14000000000000057,5.88,-0.00026918798665198813,0.0,1.0,1
5.892666666666666,0.02756003547812584,5.86,5.96,0.09999999999999964,5.89,0.00024471635150147215,0.0,1.0,1
5.894666666666667,0.040966110655299176,5.85,6.02,0.16999999999999993,5.885,-0.0005606229143494215,0.0,0.9666666666666667,1
5.905333333333331,0.03313943605769766,5.85,5.97,0.1200000000000001,5.89,0.0015394883203557327,0.0,1.0,1
5.921666666666666,0.04669641908707307,5.88,6.03,0.15000000000000036,5.91,0.0003626251390432191,0.0,0.9,1
5.919999999999999,0.035870136139505696,5.86,6.01,0.14999999999999947,5.915,0.0003559510567293896,0.0,0.9666666666666667,1
5.905666666666665,0.03955446315595195,5.86,6.01,0.14999999999999947,5.89,-0.0006651835372637015,0.0,0.9666666666666667,1
5.913666666666668,0.04230707847262544,5.86,6.01,0.14999999999999947,5.89,-0.00038042269188002083,0.0,0.9666666666666667,1
5.911,0.04353925431913904,5.86,6.02,0.15999999999999925,5.89,-0.0002157953281425816,0.0,0.9333333333333333,1
5.922666666666665,0.03549021774454986,5.88,5.99,0.11000000000000032,5.92,0.0003604004449387245,0.0,1.0,1
5.934666666666668,0.052708843871045276,5.85,6.05,0.20000000000000018,5.93,0.0026473859844269934,0.0,0.9,1
5.919666666666666,0.0470094553136802,5.85,6.01,0.16000000000000014,5.91,-0.0010255839822025797,0.0,0.9333333333333333,1
5.9129999999999985,0.04382921400162231,5.85,6.01,0.16000000000000014,5.9,0.00016240266963263734,0.0,0.9333333333333333,1
5.911666666666665,0.03643106122832854,5.86,6.01,0.14999999999999947,5.91,0.0001401557285871537,0.0,0.9666666666666667,1
5.902333333333333,0.03703001785338785,5.85,5.99,0.14000000000000057,5.89,0.0010255839822022339,0.0,1.0,1
5.900333333333333,0.04094576358496152,5.83,5.99,0.16000000000000014,5.89,-0.0012169076751947221,0.0,1.0,1
5.910666666666667,0.04007770230717105,5.86,6.03,0.16999999999999993,5.9,0.0004048943270299606,0.0,0.9666666666666667,1
5.901333333333333,0.03232474112640185,5.85,5.97,0.1200000000000001,5.89,-0.00023136818687438941,0.0,1.0,1
5.9159999999999995,0.049638694583963486,5.85,6.08,0.23000000000000043,5.91,0.00016017797552821957,0.0,0.9333333333333333,1
5.915333333333333,0.033836206774532064,5.86,6.01,0.14999999999999947,5.91,0.0017530589543936661,0.0,0.9666666666666667,1
5.929333333333332,0.0476748244767497,5.86,6.03,0.16999999999999993,5.91,-0.0008320355951058273,0.0,0.8666666666666667,1
5.904666666666666,0.0391350936571711,5.83,6.02,0.1899999999999995,5.9,-0.0014549499443826722,0.0,0.9666666666666667,1
5.891333333333334,0.046599952312803415,5.83,6.01,0.17999999999999972,5.88,-0.0016418242491658638,0.0,0.9666666666666667,1
5.904333333333332,0.04104333752944027,5.85,5.99,0.14000000000000057,5.89,0.0011857619577307608,0.0,1.0,1
5.925999999999999,0.040792156108742296,5.86,6.02,0.15999999999999925,5.92,6.674082313648928e-05,0.0,0.9666666666666667,1
5.922666666666665,0.03305887004857985,5.86,6.01,0.14999999999999947,5.92,-0.0007786429365964592,0.0,0.9666666666666667,1
5.901333333333333,0.027292652653945003,5.86,5.99,0.1299999999999999,5.91,4.449388209027585e-06,0.0,1.0,1
5.915333333333331,0.03169998247458334,5.86,5.99,0.1299999999999999,5.91,-0.00032480533926600445,0.0,1.0,1
5.906333333333334,0.03851262419288289,5.85,5.99,0.14000000000000057,5.91,-0.000985539488320448,0.0,1.0,1
5.912666666666667,0.04265624872812373,5.86,5.99,0.1299999999999999,5.89,0.0013259176863179144,0.0,1.0,1
5.903666666666666,0.044006312678473256,5.83,6.01,0.17999999999999972,5.89,-0.0015372636262515453,0.0,0.9666666666666667,1
5.887666666666666,0.03508877629986867,5.83,5.99,0.16000000000000014,5.89,0.001279199110122184,0.0,1.0,1
5.913666666666667,0.04191128196029746,5.83,6.01,0.17999999999999972,5.91,-7.341490545062601e-05,0.0,0.9666666666666667,1
5.941999999999999,0.052115256883181464,5.86,6.1,0.23999999999999932,5.94,-0.0009343715239156129,0.0,0.8666666666666667,1
6.015666666666665,0.12934922582768807,5.6,6.13,0.5300000000000002,6.07,0.010097886540600478,0.0,0.2,1
6.074666666666666,0.16414898381923934,5.64,6.29,0.6500000000000004,6.125,-0.00740378197997785,0.0,0.2,1
5.781999999999998,0.12975361266646876,5.55,6.05,0.5,5.745,-0.0070077864293660785,0.0,0.9333333333333333,1
5.633,0.10526632889960588,5.44,5.83,0.3899999999999997,5.645,-0.007081201334816532,0.0,1.0,1
5.606,0.08689457213581683,5.48,5.83,0.34999999999999964,5.5649999999999995,0.0009566184649609236,0.0,1.0,1
5.672666666666668,0.15703361282080833,5.46,6.05,0.5899999999999999,5.63,-0.009521690767519518,0.0,0.9333333333333333,1
5.623666666666667,0.06720532386318477,5.53,5.8,0.2699999999999996,5.62,0.0044560622914347715,0.0,1.0,1
5.661666666666667,0.05391866302331904,5.59,5.78,0.1900000000000004,5.65,-0.0010878754171302911,0.0,1.0,1
5.603999999999999,0.04615914499497005,5.53,5.72,0.1899999999999995,5.6,-0.0016062291434928557,0.0,1.0,1
5.643666666666666,0.04983193977984629,5.59,5.76,0.16999999999999993,5.62,-0.00011345939933271933,0.0,1.0,1
5.660333333333332,0.034974593953643364,5.59,5.72,0.1299999999999999,5.65,7.341490545037635e-05,0.0,1.0,1
5.678666666666667,0.03757067414294762,5.62,5.76,0.13999999999999968,5.67,0.00020022246941035128,0.0,1.0,1
5.699666666666666,0.05141227696010183,5.59,5.81,0.21999999999999975,5.71,0.0023781979977751592,0.0,1.0,1
5.685333333333333,0.04394946593026538,5.6,5.75,0.15000000000000036,5.69,-0.0015216907675195646,0.0,1.0,1
5.698333333333333,0.05119136211857967,5.62,5.81,0.1899999999999995,5.71,-0.0010433815350390549,0.0,1.0,1
5.718666666666667,0.055361438645404465,5.62,5.83,0.20999999999999996,5.71,0.0005472747497217626,0.0,1.0,1
5.6850000000000005,0.06354788220966401,5.57,5.83,0.2599999999999998,5.68,-0.0008253615127921516,0.0,1.0,1
5.708666666666667,0.04702717890279569,5.62,5.81,0.1899999999999995,5.715,0.0011701890989987609,0.0,1.0,1
5.712999999999999,0.04443347086750407,5.62,5.8,0.17999999999999972,5.71,-0.0024404894327032163,0.0,1.0,1
5.747,0.06067124524847004,5.62,5.89,0.2699999999999996,5.75,0.000407119021134436,0.0,1.0,1
5.746666666666667,0.06241438580612281,5.62,5.86,0.2400000000000002,5.75,0.0001423804226916675,0.0,1.0,1
5.738666666666665,0.05270884387104513,5.62,5.88,0.2599999999999998,5.725,-0.00041379310344824625,0.0,1.0,1
5.717666666666665,0.05607633685928095,5.59,5.81,0.21999999999999975,5.71,-0.0003492769744161939,0.0,1.0,1
5.728999999999998,0.04948737212663451,5.6,5.83,0.23000000000000043,5.73,0.0009588431590654374,0.0,1.0,1
5.733000000000001,0.05950630218724723,5.62,5.86,0.2400000000000002,5.715,-4.226918798683756e-05,0.0,1.0,1
5.722,0.06384355879804947,5.62,5.86,0.2400000000000002,5.72,-0.002104560622914412,0.0,1.0,1
5.706666666666665,0.04853406592853673,5.62,5.81,0.1899999999999995,5.72,-0.002246941045606329,0.0,1.0,1
5.724333333333333,0.05499595944754086,5.62,5.86,0.2400000000000002,5.725,0.0014838709677418315,0.0,1.0,1
5.737333333333334,0.0808262883527933,5.57,5.92,0.34999999999999964,5.73,0.003488320355950972,0.0,1.0,1
5.754333333333334,0.06146453358554728,5.65,5.86,0.20999999999999996,5.74,-0.0009944382647386568,0.0,1.0,1
5.748,0.0624713267560939,5.65,5.91,0.2599999999999998,5.73,-0.0017397107897665833,0.0,1.0,1
5.747666666666666,0.07283237985645907,5.64,5.91,0.27000000000000046,5.72,-0.00010456062291449131,0.0,1.0,1
5.748333333333333,0.04906345098158325,5.67,5.86,0.1900000000000004,5.73,5.1167964404796704e-05,0.0,1.0,1
5.770666666666665,0.062071643194689885,5.67,5.94,0.27000000000000046,5.76,-0.000845383759733083,0.0,1.0,1
5.707333333333334,0.06801633790658101,5.62,5.88,0.2599999999999998,5.7,0.0028431590656283747,0.0,1.0,1
5.782333333333332,0.0626462732774708,5.64,5.88,0.2400000000000002,5.77,0.002177975528364635,0.0,1.0,1
5.752999999999999,0.06143560314128395,5.64,5.88,0.2400000000000002,5.75,-0.0013192436040045652,0.0,1.0,1
5.753333333333333,0.06754422419587189,5.65,5.91,0.2599999999999998,5.73,-0.0004894327030034629,0.0,1.0,1
5.7266666666666675,0.06203941399536976,5.59,5.85,0.2599999999999998,5.72,0.0007608453837595615,0.0,1.0,1
5.7076666666666656,0.06641703262132556,5.59,5.86,0.27000000000000046,5.7,-0.0014972191323694521,0.0,1.0,1
5.733999999999998,0.07373827590426368,5.59,5.88,0.29000000000000004,5.73,0.0003337041156840212,0.0,1.0,1
5.732,0.05509990925582361,5.62,5.86,0.2400000000000002,5.73,0.0016729699666295371,0.0,1.0,1
5.757666666666666,0.0507729149142422,5.67,5.86,0.1900000000000004,5.74,-0.0016929922135707949,0.0,1.0,1
5.752,0.07901054781905172,5.57,5.88,0.3099999999999996,5.755,0.0016774193548385837,0.0,1.0,1
5.773999999999999,0.07382863039950463,5.64,5.92,0.28000000000000025,5.755,0.00513014460511674,0.0,1.0,1
5.7620000000000005,0.0704934985181848,5.65,5.88,0.22999999999999954,5.75,-0.004266963292547316,0.0,1.0,1
5.735000000000001,0.05880759588125779,5.62,5.86,0.2400000000000002,5.725,0.00239154616240253,0.0,1.0,1
5.748333333333334,0.04258977446393538,5.69,5.83,0.13999999999999968,5.74,0.0006162402669632266,0.0,1.0,1
5.690666666666667,0.08061982110843184,5.57,5.85,0.27999999999999936,5.68,-0.0017441601779756108,0.0,1.0,1
5.874000000000001,0.0955196314900764,5.71,6.05,0.33999999999999986,5.855,0.0030567296996661547,0.0,0.9,1
5.856666666666666,0.0973767026666144,5.67,5.97,0.2999999999999998,5.89,-0.002901001112347174,0.0,1.0,1
5.892999999999999,0.09299283126492423,5.64,6.01,0.3700000000000001,5.91,-0.0030634037819801184,0.0,0.9666666666666667,1
5.883666666666669,0.09042430843282992,5.73,6.01,0.27999999999999936,5.885,-0.0001045606229144721,0.0,0.9666666666666667,1
5.8806666666666665,0.09500643253076194,5.72,6.02,0.2999999999999998,5.91,0.001023359288097701,0.0,0.9,1
5.943,0.06061627944152745,5.81,6.03,0.22000000000000064,5.94,-0.0019510567296997148,0.0,0.8,1
5.875666666666668,0.0895426651875457,5.72,6.01,0.29000000000000004,5.89,0.002565072302558293,0.0,0.9666666666666667,1
5.8146666666666675,0.12862693687128252,5.59,6.03,0.4400000000000004,5.8,0.0049388209121244055,0.0,0.9333333333333333,1
5.626666666666665,0.0429987079909256,5.51,5.72,0.20999999999999996,5.64,0.0018197997775305202,0.0,1.0,1
5.669666666666668,0.06735395723753407,5.55,5.86,0.3100000000000005,5.66,0.0017997775305894543,0.0,1.0,1
5.8453333333333335,0.16132231367324512,5.39,6.08,0.6900000000000004,5.86,0.012137931034482645,0.0,0.7666666666666667,1
5.950666666666666,0.13928228730012865,5.62,6.12,0.5,6.02,-0.004689655172413905,0.0,0.43333333333333335,1
5.513333333333334,0.34278597144898193,5.08,6.13,1.0499999999999998,5.425,-0.02468520578420478,0.0,0.8333333333333334,1
5.806,0.2038725091815962,5.35,6.12,0.7700000000000005,5.835,-0.016734149054505206,0.0,0.7666666666666667,1
5.828666666666666,0.15318253454258057,5.35,5.99,0.6400000000000006,5.88,0.00296774193548374,0.0,1.0,1
5.918333333333335,0.131734159916435,5.4,6.03,0.6299999999999999,5.965,-0.007575083426029003,0.0,0.7333333333333333,1
5.797,0.15748333245140578,5.23,5.94,0.71,5.84,-0.007459399332591866,0.0,1.0,1
5.983333333333333,0.06513234390241325,5.81,6.07,0.2600000000000007,6.01,0.004783092324805213,0.0,0.4666666666666667,1
5.946666666666667,0.09052930771609577,5.67,6.08,0.41000000000000014,5.96,-0.005739710789766579,0.0,0.6666666666666666,1
5.762,0.13575468070506203,5.39,5.96,0.5700000000000003,5.79,-0.00036040044493897415,0.0,1.0,1
5.896333333333333,0.043242211887100465,5.81,5.97,0.16000000000000014,5.89,0.001105672969966459,0.0,1.0,1
5.885666666666667,0.04454835076134199,5.81,5.99,0.1800000000000006,5.87,-0.0009276974416018602,0.0,1.0,1
5.893333333333332,0.0390156663690654,5.83,5.97,0.13999999999999968,5.89,0.0018020022246940258,0.0,1.0,1
5.829,0.07533702055873107,5.62,5.97,0.34999999999999964,5.85,0.002502780867630601,0.0,1.0,1
5.609333333333333,0.12704155050831029,5.35,5.92,0.5700000000000003,5.595,0.002985539488320215,0.0,1.0,1
5.701999999999999,0.1538917368368642,5.42,5.96,0.54,5.68,0.013468298109009876,0.0,1.0,1
6.1976666666666675,0.1401352521276817,5.88,6.33,0.4500000000000002,6.27,0.014124582869855195,0.0,0.16666666666666666,1
6.271666666666667,0.03205030767749698,6.22,6.33,0.11000000000000032,6.28,-0.002177975528364923,0.0,0.0,1
6.219,0.09765073817778677,5.8,6.31,0.5099999999999998,6.23,0.0050567296996661135,0.0,0.03333333333333333,1
6.081999999999998,0.20860488968382312,5.51,6.35,0.8399999999999999,6.16,-0.011274749721913242,0.0,0.23333333333333334,1
6.015333333333333,0.18249627089036347,5.56,6.38,0.8200000000000003,6.025,-0.012907675194660819,0.0,0.43333333333333335,1
4.966,1.0981487452374867,2.84,6.08,3.24,5.33,0.05689432703003324,0.0,0.8666666666666667,1
5.8806666666666665,0.19378567771868194,5.48,6.33,0.8499999999999996,5.92,-0.005317018909900008,0.0,0.7,1
6.195333333333332,0.35417258818579145,5.75,6.78,1.0300000000000002,6.085,-0.02421357063403802,0.0,0.4,1
5.798999999999999,0.19706767027259106,5.4,6.28,0.8799999999999999,5.8,-0.005555061179087978,0.0,0.9,1
5.835999999999999,0.19166985504594447,5.56,6.17,0.6100000000000003,5.83,-0.00699888765294785,0.0,0.7666666666666667,1
5.826666666666666,0.13186693629901652,5.53,6.13,0.5999999999999996,5.805,0.0013837597330364063,0.0,0.9,1
5.817000000000001,0.1769773996870787,5.57,6.33,0.7599999999999998,5.78,0.012989988876529385,0.0,0.9,1
5.956666666666666,0.11323525167642008,5.73,6.13,0.39999999999999947,5.97,0.003243604004449327,0.0,0.6333333333333333,1
5.8373333333333335,0.20488912991068015,5.34,6.21,0.8700000000000001,5.904999999999999,-0.009557285873192545,0.0,0.8,1
5.735666666666665,0.14605212159438913,5.55,6.17,0.6200000000000001,5.715,-0.005679644048943458,0.0,0.9,1
5.909333333333333,0.1586806716508207,5.62,6.22,0.5999999999999996,5.895,0.011332591768631656,0.0,0.6666666666666666,1
5.87,0.07000000000000012,5.72,6.03,0.3100000000000005,5.85,-0.0008231368186875417,0.0,0.9,1
5.826666666666668,0.021343747458109553,5.78,5.86,0.08000000000000007,5.83,-0.0005116796440490233,0.0,1.0,1
5.876999999999999,0.05336353311641449,5.78,6.01,0.22999999999999954,5.86,0.004122358175750731,0.0,0.9666666666666667,1
6.056,0.05736433270479723,5.96,6.17,0.20999999999999996,6.0600000000000005,0.0035995550611789473,0.0,0.2,1
6.0456666666666665,0.024722908854385033,6.01,6.08,0.07000000000000028,6.04,0.0010211345939932063,0.0,0.0,1
6.247333333333332,0.16082979270714182,6.01,6.56,0.5499999999999998,6.24,0.012680756395995535,0.0,0.0,1
6.138333333333334,0.11795714852813674,5.81,6.29,0.4800000000000004,6.16,0.009208008898776236,0.0,0.1,1
6.297333333333333,0.04945929864264368,6.19,6.37,0.17999999999999972,6.31,0.0010367074527250142,0.0,0.0,1
6.165333333333333,0.14723526147707358,5.89,6.42,0.5300000000000002,6.125,0.00888542825361507,0.0,0.13333333333333333,1
6.266333333333334,0.1989720806768852,5.92,6.53,0.6100000000000003,6.33,-0.00931034482758629,0.0,0.13333333333333333,1
6.221999999999999,0.11049585210917803,5.96,6.4,0.4400000000000004,6.25,-0.0024115684093438837,0.0,0.06666666666666667,1
6.105666666666666,0.09032103237280276,5.94,6.31,0.3699999999999992,6.1,-0.006507230255839989,0.0,0.06666666666666667,1
6.334,0.09864414157296252,6.08,6.54,0.45999999999999996,6.33,0.009503893214682849,0.0,0.0,1
6.400333333333334,0.18897060323999842,5.91,6.67,0.7599999999999998,6.43,-0.0037530589543939134,0.0,0.06666666666666667,1
6.3919999999999995,0.1332016015919729,5.92,6.54,0.6200000000000001,6.4350000000000005,-0.0056907675194662385,0.0,0.03333333333333333,1
6.196,0.10451794104363135,5.97,6.38,0.41000000000000014,6.215,-0.00493882091212479,0.0,0.03333333333333333,1
6.359333333333333,0.13638018754773562,6.07,6.56,0.4899999999999993,6.375,0.013917686318131091,0.0,0.0,1
6.436333333333332,0.07678903278174268,6.15,6.53,0.3799999999999999,6.44,-0.005973303670745347,0.0,0.0,1
6.3020000000000005,0.13247389679983504,5.88,6.49,0.6100000000000003,6.31,0.006309232480533672,0.0,0.03333333333333333,1
6.3226666666666675,0.13188210223107957,5.96,6.49,0.5300000000000002,6.35,-0.005708565072302771,0.0,0.03333333333333333,1
6.53,0.05335416259924486,6.4,6.65,0.25,6.53,0.0009299221357061243,0.0,0.0,1
6.480333333333332,0.07241009751562427,6.29,6.59,0.2999999999999998,6.51,-0.0060800889877641985,0.0,0.0,1
6.157,0.36408011938766077,5.46,6.59,1.13,6.27,-0.02620022246941057,0.0,0.23333333333333334,1
5.906999999999998,0.29865420360901224,5.35,6.42,1.0700000000000003,5.94,0.016002224694104436,0.0,0.6666666666666666,1
6.321666666666666,0.18040848711250315,5.76,6.56,0.7999999999999998,6.33,0.017159065628475963,0.0,0.03333333333333333,1
6.359,0.09957744055089322,6.08,6.47,0.3899999999999997,6.375,-0.008803114571746581,0.0,0.0,1
6.294333333333335,0.0905421939699326,6.1,6.47,0.3700000000000001,6.3,0.003112347052280267,0.0,0.0,1
6.163666666666666,0.09894386736371735,5.86,6.38,0.5199999999999996,6.17,0.0012035595105671017,0.0,0.03333333333333333,1
6.129666666666666,0.0744080342137565,5.94,6.26,0.3199999999999994,6.15,0.0017552836484981606,0.0,0.06666666666666667,1
6.260000000000001,0.09003702941938203,6.1,6.42,0.3200000000000003,6.25,0.006709677419354604,0.0,0.0,1
6.221000000000001,0.10156607045006055,5.99,6.42,0.4299999999999997,6.17,-0.009412680756396114,0.0,0.03333333333333333,1
6.224,0.08700957801682911,6.08,6.4,0.3200000000000003,6.21,-0.001730812013348336,0.0,0.0,1
6.175333333333333,0.07102738126165771,6.07,6.33,0.2599999999999998,6.17,0.00015572858731903834,0.0,0.0,1
6.216000000000002,0.12768711759609896,5.92,6.48,0.5600000000000005,6.23,0.005939933259176738,0.0,0.03333333333333333,1
6.270999999999999,0.08882004278314665,5.91,6.44,0.5300000000000002,6.285,-0.002409343715239351,0.0,0.03333333333333333,1
6.238666666666666,0.08887194282911919,5.89,6.37,0.4800000000000004,6.24,-0.0030967741935485358,0.0,0.03333333333333333,1
6.262666666666666,0.07641698473216248,6.07,6.4,0.33000000000000007,6.26,0.0037730812013346336,0.0,0.0,1
6.277666666666666,0.12716612057549848,5.94,6.47,0.5299999999999994,6.285,0.003993325917686166,0.0,0.03333333333333333,1
6.426333333333333,0.05043037003852171,6.31,6.51,0.20000000000000018,6.43,-0.0011590656284761727,0.0,0.0,1
6.335333333333334,0.13961216120222322,5.94,6.51,0.5699999999999994,6.33,-0.009877641824249233,0.0,0.06666666666666667,1
6.25,0.0836660026534076,6.05,6.45,0.40000000000000036,6.26,0.0013170189098997058,0.0,0.0,1
6.361333333333333,0.11262721202661861,6.17,6.54,0.3700000000000001,6.390000000000001,0.009179087875416922,0.0,0.0,1
6.363,0.12915494570476202,6.01,6.53,0.5200000000000005,6.4,-0.009034482758620664,0.0,0.0,1
6.375666666666665,0.04521676188710955,6.29,6.47,0.17999999999999972,6.375,0.001710789766406963,0.0,0.0,1
6.355000000000002,0.0390512483795333,6.28,6.45,0.16999999999999993,6.34,-0.0018843159065631487,0.0,0.0,1
6.259,0.1205086442266003,5.91,6.37,0.45999999999999996,6.31,-0.010133481646273831,0.0,0.06666666666666667,1
6.2106666666666674,0.03623380864453653,6.1,6.26,0.16000000000000014,6.21,0.0027141268075638668,0.0,0.0,1
6.230000000000001,0.05385164807134506,6.1,6.33,0.23000000000000043,6.22,0.0015706340378195019,0.0,0.0,1
6.220666666666668,0.08857890393441442,6.07,6.49,0.41999999999999993,6.215,0.00598887652947704,0.0,0.0,1
6.259333333333332,0.18816541186472668,5.75,6.51,0.7599999999999998,6.3,0.009619577308120025,0.0,0.1,1
6.396999999999998,0.13621429195695045,6.17,6.64,0.46999999999999975,6.43,-0.0018976640711903467,0.0,0.0,1
6.345333333333333,0.1116164065996672,6.13,6.53,0.40000000000000036,6.359999999999999,0.005490545050055503,0.0,0.0,1
6.395999999999999,0.09311641459306032,6.22,6.54,0.3200000000000003,6.41,-0.002416017797553065,0.0,0.0,1
6.407666666666667,0.13637407704138235,6.15,6.7,0.5499999999999998,6.42,0.0034682981090099637,0.0,0.0,1
6.415000000000001,0.1465321352695943,6.15,6.62,0.46999999999999975,6.44,-0.002698553948832136,0.0,0.0,1
6.641333333333334,0.13398341522574936,6.31,6.86,0.5500000000000007,6.65,0.0010589543937706899,0.0,0.0,1
6.403666666666667,0.1197631922680012,6.21,6.59,0.3799999999999999,6.390000000000001,0.00876751946607321,0.0,0.0,1
6.5313333333333325,0.12569097908053004,6.22,6.74,0.5200000000000005,6.54,-0.0010678531701892443,0.0,0.0,1
6.671666666666667,0.16393257421540378,6.17,6.9,0.7300000000000004,6.7,0.0164382647385984,0.0,0.0,1
6.874333333333333,0.05684384067093127,6.7,6.97,0.2699999999999996,6.88,0.001363737486095475,0.0,0.0,1
5.839333333333332,0.6066681318663626,3.83,6.56,2.7299999999999995,5.8149999999999995,0.042002224694104466,0.0,0.5666666666666667,1
6.247333333333334,0.19597505510197527,5.91,6.7,0.79,6.215,-0.0069810901001113946,0.0,0.03333333333333333,1
6.304333333333334,0.0904685335105834,6.08,6.49,0.41000000000000014,6.32,0.0030456062291432783,0.0,0.0,1
6.328333333333334,0.09980258291024117,6.1,6.49,0.39000000000000057,6.34,0.004300333704115522,0.0,0.0,1
6.293000000000001,0.06654071435344432,6.1,6.38,0.28000000000000025,6.31,0.005506117908787349,0.0,0.0,1
6.383333333333334,0.12432037465981015,6.19,6.69,0.5,6.359999999999999,0.006197997775305792,0.0,0.0,1
6.596333333333334,0.04743299367411762,6.48,6.72,0.23999999999999932,6.59,-0.0019421579532815443,0.0,0.0,1
6.4333333333333345,0.12348639151294726,6.19,6.7,0.5099999999999998,6.42,-0.00911234705228051,0.0,0.0,1
6.387333333333332,0.030324174441451194,6.33,6.44,0.11000000000000032,6.38,-0.0003070077864294332,0.0,0.0,1
6.376666666666667,0.05515634344499489,6.22,6.47,0.25,6.38,-0.0011167964404896233,0.0,0.0,1
6.4176666666666655,0.04848940319515417,6.29,6.51,0.21999999999999975,6.42,0.0022358175750832802,0.0,0.0,1
6.320666666666667,0.10899337390665342,6.17,6.49,0.3200000000000003,6.33,-0.010665183537263747,0.0,0.0,1
6.204666666666667,0.03063041335376032,6.13,6.28,0.15000000000000036,6.2,-0.0009566184649612117,0.0,0.0,1
6.329,0.10721784677313136,6.08,6.53,0.4500000000000002,6.34,0.004860956618464867,0.0,0.0,1
6.373000000000001,0.1252770263589192,6.15,6.58,0.4299999999999997,6.4,0.0016262513904337487,0.0,0.0,1
6.495,0.03939120037097961,6.42,6.56,0.13999999999999968,6.51,-0.0008565072302559592,0.0,0.0,1
6.3086666666666655,0.14905778148832827,6.05,6.56,0.5099999999999998,6.32,-0.006558398220244786,0.0,0.0,1
6.3806666666666665,0.1515680998392765,6.07,6.64,0.5699999999999994,6.365,-0.002607341490545246,0.0,0.0,1
6.406,0.11808471535300412,6.17,6.58,0.41000000000000014,6.4,0.004008898776418089,0.0,0.0,1
6.569666666666666,0.15098528257931482,6.26,6.81,0.5499999999999998,6.55,0.011819799777530393,0.0,0.0,1
6.504333333333334,0.16200171466856622,6.26,6.85,0.5899999999999999,6.485,-0.005884315906562837,0.0,0.0,1
6.406333333333333,0.07665869523775862,6.26,6.59,0.33000000000000007,6.41,2.4471635150093442e-05,0.0,0.0,1
6.447999999999999,0.10254754994635419,6.17,6.69,0.5200000000000005,6.45,0.00030700778642931797,0.0,0.0,1
6.498666666666667,0.07191352832086292,6.29,6.62,0.33000000000000007,6.51,0.005659621802002085,0.0,0.0,1
6.499,0.04995664787259719,6.37,6.61,0.2400000000000002,6.49,0.0007408231368185917,0.0,0.0,1
6.504666666666666,0.10262336749276713,6.19,6.64,0.4499999999999993,6.55,-0.008809788654060182,0.0,0.0,1
6.316333333333334,0.0400402575194294,6.22,6.42,0.20000000000000018,6.33,-0.0012302558398222274,0.0,0.0,1
6.306333333333334,0.052312097602328515,6.19,6.45,0.2599999999999998,6.31,0.0006607341490544051,0.0,0.0,1
6.442333333333332,0.061518741498469864,6.29,6.54,0.25,6.45,0.004122358175750578,0.0,0.0,1
6.45,0.09581231653602784,6.17,6.67,0.5,6.465,-0.0024916573971079936,0.0,0.0,1
6.4573333333333345,0.14282701269562267,6.17,6.65,0.4800000000000004,6.51,0.010175750834260073,0.0,0.0,1
6.653999999999998,0.08924124606929239,6.4,6.77,0.3699999999999992,6.69,0.005655172413792981,0.0,0.0,1
6.623333333333335,0.09217133803713366,6.22,6.72,0.5,6.64,-0.005268075639599783,0.0,0.0,1
6.493333333333331,0.033099177566150335,6.42,6.56,0.13999999999999968,6.48,-0.0007919911012236572,0.0,0.0,1
6.320333333333333,0.1337780084900189,5.99,6.58,0.5899999999999999,6.29,-0.006983314794215735,0.0,0.03333333333333333,1
6.337999999999999,0.09533799522401003,6.1,6.58,0.4800000000000004,6.33,-0.005810901001112403,0.0,0.0,1
6.34,0.14482172949296435,5.99,6.53,0.54,6.375,0.004729699666295807,0.0,0.03333333333333333,1
6.435666666666666,0.04248006068210779,6.33,6.49,0.16000000000000014,6.45,-0.0002780867630701585,0.0,0.0,1
6.424333333333332,0.03353439362140839,6.33,6.47,0.13999999999999968,6.42,0.00043381535038919687,0.0,0.0,1
6.377333333333336,0.04809250345832381,6.28,6.47,0.1899999999999995,6.37,-0.0032703003337043375,0.0,0.0,1
6.207,0.10279915693558321,6.01,6.37,0.3600000000000003,6.21,-0.006587319243604099,0.0,0.0,1
6.246333333333335,0.07713552287298561,6.12,6.37,0.25,6.24,0.006769744160177955,0.0,0.0,1
6.252333333333332,0.13390751368844925,5.91,6.56,0.6499999999999995,6.26,0.0026763070077861144,0.0,0.06666666666666667,1
6.387,0.08128755542311923,6.22,6.54,0.3200000000000003,6.38,0.007281423804226922,0.0,0.0,1
6.425333333333332,0.06438081149604201,6.26,6.56,0.2999999999999998,6.43,-0.0019977753058956376,0.0,0.0,1
6.384999999999999,0.10788110739760388,6.22,6.69,0.47000000000000064,6.375,-0.0013281423804227931,0.0,0.0,1
6.309333333333331,0.059662010991547665,6.17,6.44,0.27000000000000046,6.3,-0.0020867630700780715,0.0,0.0,1
6.211666666666667,0.12474195587514074,5.88,6.47,0.5899999999999999,6.215,-0.007619577308120239,0.0,0.03333333333333333,1
6.151,0.054243279153581174,6.07,6.26,0.1899999999999995,6.15,0.0010656284760843272,0.0,0.0,1
6.136999999999999,0.04762002379951819,6.05,6.28,0.23000000000000043,6.13,0.0011768631813123983,0.0,0.0,1
6.128000000000001,0.04415125517279599,6.02,6.21,0.1900000000000004,6.13,-0.0016685205784205286,0.0,0.0,1
6.321333333333333,0.22063141712417617,5.96,6.77,0.8099999999999996,6.33,0.021397107897663907,0.0,0.03333333333333333,1
6.3100000000000005,0.09862386459000007,6.13,6.51,0.3799999999999999,6.3100000000000005,-0.0066384872080090486,0.0,0.0,1
6.312666666666668,0.07527431316340409,6.1,6.44,0.34000000000000075,6.33,-0.001824249165739951,0.0,0.0,1
6.210333333333333,0.4033400825881582,5.44,6.78,1.3399999999999999,6.385,0.01750166852057823,0.0,0.3,1
6.439666666666666,0.07332499952646133,6.29,6.56,0.2699999999999996,6.455,0.004109010011123495,0.0,0.0,1
6.400000000000001,0.17974055376198952,5.73,6.59,0.8599999999999994,6.44,-0.0030878754171302504,0.0,0.06666666666666667,1
6.480999999999999,0.10186101642270544,6.28,6.75,0.46999999999999975,6.48,0.006591768631812896,0.0,0.0,1
6.419,0.1521917649984168,5.94,6.58,0.6399999999999997,6.475,0.001692992213570507,0.0,0.03333333333333333,1
6.411000000000002,0.0740427804268137,6.31,6.67,0.3600000000000003,6.4,-0.0058932146829812375,0.0,0.0,1
6.372999999999999,0.13933532693948567,5.97,6.62,0.6500000000000004,6.375,0.0027919911012235206,0.0,0.03333333333333333,1
6.402666666666665,0.12606700158601744,6.02,6.61,0.5900000000000007,6.42,-0.011701890989989108,0.0,0.0,1
6.413333333333332,0.08844332774281077,6.26,6.54,0.28000000000000025,6.41,0.005276974416017685,0.0,0.0,1
6.331666666666667,0.1303094607292793,6.05,6.54,0.4900000000000002,6.33,-0.010458286985539644,0.0,0.0,1
6.325999999999999,0.04586937976471881,6.22,6.42,0.20000000000000018,6.33,-0.0001156840934371755,0.0,0.0,1
6.295,0.06312685640834649,6.17,6.38,0.20999999999999996,6.32,-0.00501668520578429,0.0,0.0,1
6.371666666666667,0.18138510290416784,5.89,6.62,0.7300000000000004,6.41,-0.004335928809788895,0.0,0.06666666666666667,1
6.566,0.08593020423576328,6.37,6.67,0.2999999999999998,6.585,0.008849833147941967,0.0,0.0,1
6.438666666666666,0.1809370670211667,5.94,6.64,0.6999999999999993,6.5,-0.004725250278086933,0.0,0.03333333333333333,1
6.533666666666666,0.05576637776374652,6.37,6.61,0.2400000000000002,6.54,-0.0035839822024473313,0.0,0.0,1
6.361000000000001,0.20526974123495811,5.83,6.56,0.7299999999999995,6.42,-0.014369299221357398,0.0,0.06666666666666667,1
6.394000000000001,0.18869022232219676,5.97,6.62,0.6500000000000004,6.445,0.005299221357063322,0.0,0.03333333333333333,1
6.635333333333333,0.09283438060450575,6.45,6.74,0.29000000000000004,6.67,-0.007403781979977888,0.0,0.0,1
6.370666666666668,0.0986554047626834,6.08,6.51,0.4299999999999997,6.38,-0.006211345939933374,0.0,0.0,1
6.131666666666665,0.16338264561724086,5.85,6.53,0.6800000000000006,6.0649999999999995,-0.007383759733036783,0.0,0.13333333333333333,1
6.168333333333333,0.07576645402521859,6.02,6.37,0.35000000000000053,6.17,0.0028453837597328504,0.0,0.0,1
6.173333333333335,0.11208131968451399,5.99,6.37,0.3799999999999999,6.19,-0.00828476084538394,0.0,0.06666666666666667,1
6.2669999999999995,0.1080169739747724,6.1,6.49,0.39000000000000057,6.25,0.00641379310344822,0.0,0.0,1
6.271000000000001,0.09317903913076873,6.03,6.45,0.41999999999999993,6.26,0.00032703003337015334,0.0,0.0,1
6.160666666666667,0.14442837517453266,5.76,6.38,0.6200000000000001,6.2,0.0009922135706338933,0.0,0.13333333333333333,1
6.351333333333332,0.12390139448592002,6.02,6.61,0.5900000000000007,6.34,0.008409343715239095,0.0,0.0,1
6.511999999999999,0.09679531669111546,6.33,6.65,0.3200000000000003,6.52,0.0012191323692990247,0.0,0.0,1
6.552666666666666,0.08988634799320507,6.31,6.64,0.33000000000000007,6.59,0.0034660734149052773,0.0,0.0,1
6.3613333333333335,0.18881619516226777,5.97,6.64,0.6699999999999999,6.32,-0.009864293659621881,0.0,0.03333333333333333,1
6.2956666666666665,0.15901118059921304,6.03,6.65,0.6200000000000001,6.3,0.00467408231368156,0.0,0.0,1
6.620666666666666,0.12189977668378048,6.28,6.75,0.46999999999999975,6.67,0.010224694104560375,0.0,0.0,1
6.63,0.06418722614352487,6.48,6.75,0.2699999999999996,6.64,-0.00246496106785329,0.0,0.0,1
6.351333333333333,0.20132450311761746,6.03,6.72,0.6899999999999995,6.33,-0.016177975528365002,0.0,0.0,1
6.535666666666668,0.16226898108456286,6.19,6.77,0.5799999999999992,6.51,0.01674972191323682,0.0,0.0,1
6.372333333333334,0.21722006250702441,6.01,6.74,0.7300000000000004,6.365,-0.013773081201335025,0.0,0.0,1
6.454666666666667,0.07548656981359152,6.33,6.62,0.29000000000000004,6.44,0.005130144605116663,0.0,0.0,1
6.471666666666666,0.19701240795667893,6.05,6.75,0.7000000000000002,6.52,0.002849833147942108,0.0,0.0,1
6.546000000000001,0.18914897127220473,6.19,6.78,0.5899999999999999,6.6,0.004409343715238984,0.0,0.0,1
6.581666666666666,0.20152887854818446,5.94,6.75,0.8099999999999996,6.65,-0.01782647385984439,0.0,0.03333333333333333,1
6.479,0.13392410786212716,6.12,6.69,0.5700000000000003,6.5,0.002502780867630505,0.0,0.0,1
6.5103333333333335,0.23254366376135804,5.99,6.78,0.79,6.48,-0.018849833147942203,0.0,0.03333333333333333,1
6.572333333333333,0.07753207221674277,6.37,6.69,0.3200000000000003,6.58,0.005070077864293658,0.0,0.0,1
6.346333333333332,0.15831368299114965,6.05,6.61,0.5600000000000005,6.35,-0.006823136818687631,0.0,0.0,1
6.349999999999999,0.11126544836560898,5.94,6.47,0.5299999999999994,6.37,-0.002424916573971197,0.0,0.03333333333333333,1
6.271,0.07267966244647354,6.17,6.45,0.28000000000000025,6.24,-0.0012836484983316339,0.0,0.0,1
6.238333333333332,0.14913267769189809,6.05,6.64,0.5899999999999999,6.18,-0.011107897664071307,0.0,0.0,1
6.234,0.08199999999999996,6.08,6.4,0.3200000000000003,6.215,0.003065628476084383,0.0,0.0,1
6.375333333333333,0.11678279934229281,6.13,6.54,0.41000000000000014,6.37,0.0045072302558396265,0.0,0.0,1
6.261333333333334,0.10575863505590877,6.08,6.48,0.40000000000000036,6.26,-0.004106785317019078,0.0,0.0,1
6.095666666666667,0.3681184893783823,5.28,6.56,1.2799999999999994,6.2,-0.03434705228031178,0.0,0.26666666666666666,1
4.673666666666666,0.8899830834846744,3.26,6.17,2.91,4.5,0.02501223581757497,0.0,0.8666666666666667,1
6.264666666666666,0.20059467147016202,5.99,6.7,0.71,6.2,0.016832035595105578,0.0,0.03333333333333333,1
6.4430000000000005,0.19517769681327155,6.13,6.94,0.8100000000000005,6.43,-0.008286985539488511,0.0,0.0,1
6.5409999999999995,0.16941762993659587,6.17,6.85,0.6799999999999997,6.535,0.006169076751946441,0.0,0.0,1
6.519000000000002,0.14654578351718853,6.17,6.85,0.6799999999999997,6.55,0.004131256952168979,0.0,0.0,1
6.2443333333333335,0.337783790151169,5.55,6.67,1.12,6.345,-0.027526140155728678,0.0,0.23333333333333334,1
6.302666666666666,0.4861545250455067,5.05,6.72,1.67,6.51,0.04137041156840914,0.0,0.23333333333333334,1
6.3183333333333325,0.2826550705168562,5.6,6.61,1.0100000000000007,6.395,-0.007428253615128135,0.0,0.16666666666666666,1
6.388999999999999,0.26772311567488283,5.59,6.62,1.0300000000000002,6.5,-0.0024226918798667023,0.0,0.1,1
6.533,0.19026560382791216,6.21,6.9,0.6900000000000004,6.61,-0.010146829810901183,0.0,0.0,1
6.488666666666666,0.13887004316586388,6.03,6.78,0.75,6.52,0.008662958843159006,0.0,0.0,1
6.698666666666666,0.15604984958517434,6.29,6.97,0.6799999999999997,6.695,-0.0015038932146830511,0.0,0.0,1
6.599666666666667,0.20719529166679654,5.92,6.91,0.9900000000000002,6.61,0.016678531701890844,0.0,0.03333333333333333,1
7.007666666666665,0.0937970622615062,6.86,7.22,0.35999999999999943,7.01,0.00823804226918775,0.5333333333333333,0.0,1
6.909333333333334,0.06233957188032511,6.78,7.04,0.2599999999999998,6.915,-0.00098331479421603,0.06666666666666667,0.0,1
6.856,0.06322446783748627,6.72,6.94,0.22000000000000064,6.86,0.0016418242491656333,0.0,0.0,1
6.3773333333333335,0.4514859417031229,5.59,6.93,1.3399999999999999,6.5649999999999995,-0.01701890989988896,0.0,0.3,1
6.566999999999999,0.062136945531623924,6.47,6.69,0.22000000000000064,6.58,-0.0022135706340379504,0.0,0.0,1
6.636000000000001,0.16519887005263278,6.24,6.99,0.75,6.625,0.0050011123470521356,0.0,0.0,1
6.857333333333332,0.07899085741752372,6.69,6.99,0.2999999999999998,6.855,0.0019221357063402866,0.0,0.0,1
6.818666666666667,0.2055680476684599,6.42,7.08,0.6600000000000001,6.904999999999999,-0.01894994438264765,0.23333333333333334,0.0,1
6.593666666666667,0.11808142200287994,6.35,6.81,0.45999999999999996,6.585,-0.002978865406006866,0.0,0.0,1
6.534000000000001,0.11620671237067157,6.33,6.81,0.47999999999999954,6.535,0.00610901001112332,0.0,0.0,1
6.26,0.11401754250991378,6.07,6.53,0.45999999999999996,6.25,-0.0011301446051168596,0.0,0.0,1
6.397,0.19719956051337098,6.03,6.83,0.7999999999999998,6.375,0.012625139043381403,0.0,0.0,1
6.413333333333333,0.1892852051505582,6.1,6.79,0.6900000000000004,6.43,-0.019043381535039074,0.0,0.0,1
6.137666666666666,0.06770934614627111,6.03,6.33,0.2999999999999998,6.13,-0.0012703003337042823,0.0,0.0,1
6.207666666666666,0.10101760022667113,6.05,6.51,0.45999999999999996,6.19,-0.002280311457174862,0.0,0.0,1
6.254000000000001,0.057711928287544366,6.15,6.4,0.25,6.24,0.0001245828698553075,0.0,0.0,1
6.196333333333333,0.10173440366409428,6.01,6.42,0.41000000000000014,6.19,-0.0018887652947720995,0.0,0.0,1
6.179333333333333,0.11153275552749317,6.01,6.45,0.4400000000000004,6.17,0.007025583982202323,0.0,0.0,1
6.0823333333333345,0.10852598255205474,5.94,6.37,0.4299999999999997,6.03,-0.005461624026696536,0.0,0.23333333333333334,1
6.060333333333334,0.188635156379245,5.91,6.62,0.71,5.97,0.00563959955506098,0.0,0.6666666666666666,1
6.413333333333333,0.09378462323619778,6.22,6.58,0.3600000000000003,6.43,0.005686318131256827,0.0,0.0,1
6.302333333333333,0.20213334432717658,5.91,6.59,0.6799999999999997,6.375,-0.01601557285873198,0.0,0.03333333333333333,1
5.993333333333333,0.19630475173962442,5.59,6.33,0.7400000000000002,6.0,-0.019074527252502842,0.0,0.5,1
4.840999999999999,1.2984435554411544,1.85,5.96,4.109999999999999,5.404999999999999,0.001310344827586126,0.0,1.0,1
5.889666666666667,0.18351173138400595,5.53,6.17,0.6399999999999997,5.915,0.01569076751946598,0.0,0.6,1
6.007000000000001,0.21513019313894552,5.37,6.24,0.8700000000000001,6.0649999999999995,-0.015521690767519549,0.0,0.3333333333333333,1
5.823333333333334,0.164647772195341,5.57,6.13,0.5599999999999996,5.83,0.006918798665183433,0.0,0.8333333333333334,1
5.849000000000001,0.1695553007133661,5.5,6.13,0.6299999999999999,5.89,-0.0003181312569523671,0.0,0.8,1
5.975666666666666,0.1235498100182901,5.8,6.21,0.41000000000000014,6.0,0.005813125695216859,0.0,0.5,1
5.881333333333333,0.14298562476308205,5.72,6.26,0.54,5.83,-0.01086985539488328,0.0,0.8,1
5.779999999999999,0.08606199315996961,5.69,6.17,0.47999999999999954,5.76,0.00016462736373747762,0.0,0.9666666666666667,1
5.762333333333332,0.047023634719385705,5.67,5.88,0.20999999999999996,5.76,-0.0009276974416018409,0.0,1.0,1
5.891000000000002,0.10143470806385758,5.73,6.19,0.45999999999999996,5.855,0.002805339265850853,0.0,0.8333333333333334,1
6.133666666666666,0.2443833509513736,5.75,6.45,0.7000000000000002,6.19,0.025813125695216894,0.0,0.3,1
6.387666666666667,0.08341396099508103,6.21,6.53,0.3200000000000003,6.41,-0.003690767519466183,0.0,0.0,1
6.447999999999998,0.09111896985077626,6.26,6.59,0.33000000000000007,6.45,0.0014282536151278152,0.0,0.0,1
6.421666666666667,0.07633624448597286,6.24,6.53,0.29000000000000004,6.44,-0.0046028921023361586,0.0,0.0,1
6.291666666666667,0.08185692124405587,6.17,6.45,0.28000000000000025,6.29,-0.0032146829810902828,0.0,0.0,1
6.285666666666667,0.04765734174523608,6.21,6.44,0.23000000000000043,6.285,0.002369299221357027,0.0,0.0,1
6.3806666666666665,0.11952498576541322,6.21,6.61,0.40000000000000036,6.38,0.00781757508342575,0.0,0.0,1
6.412999999999999,0.14699546478264786,6.03,6.58,0.5499999999999998,6.48,-0.011721913236930136,0.0,0.0,1
6.499666666666667,0.0700705993187506,6.33,6.61,0.28000000000000025,6.52,0.000803114571746207,0.0,0.0,1
6.435999999999999,0.0768808602102413,6.19,6.56,0.3699999999999992,6.45,-0.006629588431590764,0.0,0.0,1
6.388333333333333,0.08016995835237926,6.19,6.49,0.2999999999999998,6.4,0.0031746384872079975,0.0,0.0,1
6.431666666666666,0.07443490817859288,6.19,6.53,0.33999999999999986,6.45,0.0007096774193546687,0.0,0.0,1
6.465000000000001,0.0772765596197622,6.33,6.65,0.3200000000000003,6.46,-0.002102335928809879,0.0,0.0,1
6.415333333333333,0.07401501349200874,6.29,6.54,0.25,6.42,0.0020111234705225667,0.0,0.0,1
6.365,0.032634337744161565,6.29,6.44,0.15000000000000036,6.37,-0.0019243604004451267,0.0,0.0,1
6.422666666666667,0.08160609998986325,6.17,6.56,0.3899999999999997,6.44,0.0018420467185759463,0.0,0.0,1
6.567666666666668,0.0928325852752625,6.33,6.78,0.4500000000000002,6.56,0.004718576195772796,0.0,0.0,1
6.497000000000001,0.08004790232521189,6.33,6.67,0.33999999999999986,6.48,-0.003979977753059083,0.0,0.0,1
6.411333333333334,0.03947432358156671,6.33,6.48,0.15000000000000036,6.42,-0.0003337041156842517,0.0,0.0,1
6.436666666666666,0.08615231988880064,6.26,6.58,0.3200000000000003,6.45,0.0035328142380421507,0.0,0.0,1
6.558666666666668,0.12181224167636931,6.33,6.78,0.4500000000000002,6.57,0.002558398220244675,0.0,0.0,1
6.471999999999999,0.058275209137333826,6.35,6.56,0.20999999999999996,6.48,0.0012769744160177276,0.0,0.0,1
6.449666666666666,0.04629494812851844,6.38,6.56,0.17999999999999972,6.44,0.0016885428253613256,0.0,0.0,1
6.432333333333333,0.046881647676771034,6.33,6.53,0.20000000000000018,6.44,-0.0025027808676308123,0.0,0.0,1
6.3566666666666665,0.0481202198203163,6.28,6.47,0.1899999999999995,6.35,-0.003377085650723266,0.0,0.0,1
6.338,0.03600000000000012,6.26,6.45,0.1900000000000004,6.33,0.0011345939933256953,0.0,0.0,1
6.444,0.14462825911049793,6.29,6.85,0.5599999999999996,6.38,0.011741935483870817,0.0,0.0,1
6.539666666666667,0.057589543804023625,6.38,6.62,0.2400000000000002,6.54,0.00039822024471624636,0.0,0.0,1
6.511666666666667,0.10217903677151961,6.31,6.74,0.4300000000000006,6.51,0.00458509454949928,0.0,0.0,1
6.435333333333334,0.07383465010112503,6.22,6.58,0.3600000000000003,6.45,-0.004769744160178092,0.0,0.0,1
6.437666666666666,0.04737674065990142,6.35,6.54,0.1900000000000004,6.45,0.0019065628476082866,0.0,0.0,1
6.4689999999999985,0.14501379244747722,6.15,6.77,0.6199999999999992,6.44,-0.0028542825361513664,0.0,0.0,1
6.344333333333334,0.13754231672066922,6.12,6.59,0.46999999999999975,6.34,-0.009270300333704311,0.0,0.0,1
6.2476666666666665,0.04484665229671236,6.17,6.35,0.17999999999999972,6.24,-0.001519466073414974,0.0,0.0,1
6.277,0.10286398786747478,6.17,6.56,0.3899999999999997,6.22,0.0068676307007784826,0.0,0.0,1
6.338333333333334,0.13503291779743518,6.12,6.58,0.45999999999999996,6.34,0.0030634037819798113,0.0,0.0,1
6.375333333333335,0.08659227576534889,6.21,6.53,0.3200000000000003,6.37,-0.0041156840934373625,0.0,0.0,1
6.194,0.20496503766902946,5.88,6.53,0.6500000000000004,6.1899999999999995,-0.021850945494994594,0.0,0.3,1
6.059333333333334,0.1593305439086374,5.69,6.33,0.6399999999999997,6.08,-0.004347052280311637,0.0,0.26666666666666666,1
5.6899999999999995,0.12863384728238003,5.39,5.92,0.5300000000000002,5.725,0.001664071190211117,0.0,1.0,1
6.114999999999999,0.03989569734528608,6.01,6.19,0.1800000000000006,6.125,-0.0004516129032259218,0.0,0.0,1
5.927000000000001,0.08967162315916896,5.81,6.24,0.4300000000000006,5.91,0.0023870967741934446,0.0,0.8333333333333334,1
6.069333333333332,0.2288512374641852,5.83,6.51,0.6799999999999997,5.94,0.02030255839822017,0.0,0.6,1
6.2796666666666665,0.1637779662293504,6.01,6.69,0.6800000000000006,6.285,-0.009190211345940048,0.0,0.0,1
6.171666666666666,0.1306160616293248,5.99,6.65,0.6600000000000001,6.17,0.003850945494994287,0.0,0.03333333333333333,1
6.239999999999998,0.15813496345421743,5.97,6.62,0.6500000000000004,6.18,0.00895661846496101,0.0,0.03333333333333333,1
6.234000000000001,0.08739183791026106,6.05,6.47,0.41999999999999993,6.22,0.005094549499443636,0.0,0.0,1
6.266333333333333,0.14363108608128292,6.02,6.58,0.5600000000000005,6.24,-0.011045606229143615,0.0,0.0,1
6.284666666666666,0.09691003846638158,6.13,6.51,0.3799999999999999,6.26,0.005997775305895133,0.0,0.0,1
6.306000000000001,0.10818502669038818,6.08,6.53,0.4500000000000002,6.31,-0.001890989988876671,0.0,0.0,1
6.404333333333332,0.1669866927499181,6.17,6.69,0.5200000000000005,6.390000000000001,-0.012331479421579666,0.0,0.0,1
6.163999999999999,0.041117717186958114,6.1,6.28,0.1800000000000006,6.17,-0.0021223581757509064,0.0,0.0,1
6.214666666666668,0.1345791795024607,6.03,6.56,0.5299999999999994,6.19,0.0122046718576195,0.0,0.0,1
6.260666666666668,0.18180453484137551,6.02,6.69,0.6700000000000008,6.23,-0.011991101223581893,0.0,0.0,1
6.272666666666666,0.09993108736635575,6.1,6.49,0.39000000000000057,6.25,0.0043826473859841265,0.0,0.0,1
6.378,0.1230284519938376,6.08,6.54,0.45999999999999996,6.395,0.002607341490544977,0.0,0.0,1
6.382666666666665,0.14268691445103002,6.17,6.72,0.5499999999999998,6.33,0.002042269187986566,0.0,0.0,1
6.423666666666667,0.11145950933959037,6.26,6.65,0.39000000000000057,6.390000000000001,0.003152391546162245,0.0,0.0,1
6.319333333333333,0.12096647836855003,6.15,6.59,0.4399999999999995,6.29,-0.005352614015573189,0.0,0.0,1
6.382333333333333,0.167902418750363,6.03,6.7,0.6699999999999999,6.359999999999999,0.004460511679643857,0.0,0.0,1
6.196666666666667,0.16314274594831227,5.97,6.54,0.5700000000000003,6.17,-0.009210233592881152,0.0,0.1,1
6.449999999999998,0.2531797780234432,5.97,6.79,0.8200000000000003,6.495,0.027599555061178938,0.0,0.03333333333333333,1
6.333000000000001,0.30181837805762146,6.01,6.79,0.7800000000000002,6.16,-0.029047830923248107,0.0,0.0,1
6.111666666666667,0.10376522645964888,5.94,6.33,0.3899999999999997,6.1,-0.0058932146829812765,0.0,0.13333333333333333,1
6.057,0.10526632889960587,5.91,6.35,0.4399999999999995,6.03,0.003432703003336975,0.0,0.3,1
6.423,0.25264137956135896,5.97,6.78,0.8100000000000005,6.355,0.0268231368186873,0.0,0.03333333333333333,1
6.562666666666666,0.2103478600371827,6.08,6.79,0.71,6.65,-0.016556173526140375,0.0,0.0,1
6.310666666666664,0.159225905206687,6.01,6.65,0.6400000000000006,6.285,0.008427141268075512,0.0,0.0,1
6.385999999999999,0.1687325299598944,6.07,6.77,0.6999999999999993,6.37,-0.00012458286985557636,0.0,0.0,1
6.343333333333334,0.2621110875606415,5.85,6.85,1.0,6.390000000000001,-0.012084538375973354,0.0,0.1,1
6.149666666666666,0.21339296041705683,5.8,6.61,0.8100000000000005,6.075,0.021937708565072166,0.0,0.26666666666666666,1
6.767666666666667,0.11675282532864985,6.48,6.9,0.41999999999999993,6.8,0.01157508342602873,0.0,0.0,1
6.710333333333334,0.16139977970520553,6.28,6.91,0.6299999999999999,6.765000000000001,0.010925472747497066,0.0,0.0,1
6.497000000000001,0.25777444921222636,6.03,6.91,0.8799999999999999,6.390000000000001,-0.01709677419354858,0.0,0.0,1
6.315333333333332,0.10200435720541008,6.17,6.56,0.3899999999999997,6.285,0.004885428253614999,0.0,0.0,1
6.221,0.13330041260251227,6.01,6.61,0.6000000000000005,6.18,-0.00969744160177987,0.0,0.0,1
6.225666666666666,0.39591820142830286,5.73,6.78,1.0499999999999998,6.395,0.03613570634037805,0.0,0.4666666666666667,1
6.584333333333334,0.16952253209791576,6.17,6.99,0.8200000000000003,6.57,0.005773081201334612,0.0,0.0,1
6.62,0.11716085808266631,6.42,6.86,0.4400000000000004,6.65,-0.00834260289210249,0.0,0.0,1
6.517000000000001,0.1003377629144016,6.33,6.65,0.3200000000000003,6.54,-0.009230255839822064,0.0,0.0,1
6.3966666666666665,0.09155447680054886,6.22,6.61,0.39000000000000057,6.375,0.004249165739710572,0.0,0.0,1
6.4479999999999995,0.07556013058044132,6.33,6.7,0.3700000000000001,6.45,-0.00017797552836513653,0.0,0.0,1
6.391,0.09516126663021393,6.17,6.58,0.41000000000000014,6.42,-0.0030767519466074317,0.0,0.0,1
6.346333333333334,0.050098791291695755,6.28,6.47,0.1899999999999995,6.33,0.0013147942157951727,0.0,0.0,1
6.272333333333334,0.08277211017137485,6.15,6.44,0.29000000000000004,6.26,-0.0011813125695217717,0.0,0.0,1
6.484333333333335,0.16877368146590727,6.13,6.72,0.5899999999999999,6.49,0.0020756395995550608,0.0,0.0,1
6.299333333333334,0.13630684339223606,6.08,6.56,0.47999999999999954,6.285,-0.009788654060066838,0.0,0.0,1
6.360666666666666,0.14619469514619501,6.08,6.64,0.5599999999999996,6.33,0.0015483870967740183,0.0,0.0,1
6.556333333333333,0.16179170422353414,6.21,6.79,0.5800000000000001,6.58,0.0019154616240266106,0.0,0.0,1
6.479666666666668,0.11199652772395327,6.28,6.74,0.45999999999999996,6.475,-0.004398220244716434,0.0,0.0,1
6.396333333333333,0.07026062592630077,6.28,6.53,0.25,6.4,-0.002311457174638785,0.0,0.0,1
6.278333333333332,0.06880326219656224,6.17,6.44,0.27000000000000046,6.27,-0.001964404894327105,0.0,0.0,1
6.255333333333332,0.07513247559403918,6.17,6.49,0.3200000000000003,6.24,-0.0009165739710791183,0.0,0.0,1
6.233666666666667,0.13006365962695168,6.12,6.67,0.5499999999999998,6.19,0.0007141268075638115,0.0,0.0,1
6.438666666666665,0.14251861476858224,6.12,6.75,0.6299999999999999,6.43,0.004040044493881935,0.0,0.0,1
6.5663333333333345,0.09217676255735797,6.37,6.78,0.41000000000000014,6.58,0.0037441601779753973,0.0,0.0,1
6.641000000000001,0.1843791383716353,6.24,6.95,0.71,6.65,0.01585094549499412,0.0,0.0,1
6.492333333333333,0.21330234149884267,6.02,6.79,0.7700000000000005,6.51,-0.014698553948832238,0.0,0.0,1
6.506333333333333,0.12794486659842544,6.07,6.69,0.6200000000000001,6.49,0.005323692992213415,0.0,0.0,1
6.598666666666667,0.12271194816407334,6.37,6.93,0.5599999999999996,6.585,-0.00043604004449403715,0.0,0.0,1
6.598666666666667,0.11666857141302267,6.4,6.94,0.54,6.615,0.00046273637374847157,0.0,0.0,1
6.655666666666667,0.10550460758764144,6.38,6.81,0.4299999999999997,6.66,-0.0010967741935484423,0.0,0.0,1
6.548,0.48645931655860664,4.46,7.02,2.5599999999999996,6.695,-0.038220244716351624,0.03333333333333333,0.06666666666666667,1
2.4020000000000006,0.81759973907367,1.52,3.84,2.32,1.9949999999999999,0.06818687430478304,0.0,1.0,1
4.012333333333333,0.39183060398879277,3.43,4.71,1.2799999999999998,3.8200000000000003,0.03740378197997771,0.0,1.0,1
4.664666666666666,0.1938166372860929,4.21,4.92,0.71,4.73,0.01651167964404887,0.0,1.0,1
5.668333333333333,0.19901563311012083,5.24,6.07,0.8300000000000001,5.69,0.01541935483870961,0.0,0.9,1
5.974666666666666,0.20983697375714216,5.48,6.33,0.8499999999999996,5.99,0.007030033370411408,0.0,0.5,1
6.431333333333332,0.12965938282883954,6.22,6.67,0.4500000000000002,6.445,0.0012680756395993652,0.0,0.0,1
6.435666666666667,0.1454575157525004,6.07,6.69,0.6200000000000001,6.45,0.0012525027808674037,0.0,0.0,1
6.392666666666666,0.13198316390947576,6.15,6.64,0.4899999999999993,6.38,-0.00027586206896566395,0.0,0.0,1
6.218999999999999,0.17082837391175204,5.81,6.47,0.6600000000000001,6.26,-0.010703003337041307,0.0,0.13333333333333333,1
5.8806666666666665,0.14838987686346916,5.62,6.17,0.5499999999999998,5.865,-0.005210233592881234,0.0,0.7666666666666667,1
6.016666666666666,0.07888106377466157,5.88,6.15,0.27000000000000046,6.02,0.0019354838709675997,0.0,0.43333333333333335,1
6.296666666666668,0.20881145136754897,5.96,6.65,0.6900000000000004,6.305,-0.010829810901001225,0.0,0.06666666666666667,1
6.195333333333332,0.12737695587856104,5.99,6.51,0.5199999999999996,6.17,0.007741935483870859,0.0,0.03333333333333333,1
6.245333333333333,0.1538556321866559,5.92,6.54,0.6200000000000001,6.26,-0.0014860956618466335,0.0,0.06666666666666667,1
6.211333333333334,0.2561214989457586,5.8,6.61,0.8100000000000005,6.225,-0.02852947719688562,0.0,0.23333333333333334,1
5.941333333333334,0.11896031084170706,5.6,6.12,0.5200000000000005,5.9399999999999995,0.0020200222469409293,0.0,0.7333333333333333,1
6.263333333333334,0.12410568972541994,6.03,6.48,0.4500000000000002,6.24,-0.004057842046718622,0.0,0.0,1
6.167,0.20984359254771953,5.83,6.51,0.6799999999999997,6.09,-0.020402669632925634,0.0,0.26666666666666666,1
6.2200000000000015,0.2559036276934477,5.75,6.64,0.8899999999999997,6.205,0.013156840934371377,0.0,0.26666666666666666,1
6.3423333333333325,0.2444679029147908,6.01,6.78,0.7700000000000005,6.24,-0.023183537263626413,0.0,0.0,1
6.196666666666668,0.19888578520235067,5.92,6.62,0.7000000000000002,6.15,-0.010233592880979006,0.0,0.16666666666666666,1
6.10933333333333,0.2460343246152636,5.88,6.79,0.9100000000000001,6.025,0.015216907675194553,0.0,0.3333333333333333,1
6.612333333333333,0.33676582698103774,6.02,7.08,1.0600000000000005,6.77,-0.013288097886540763,0.06666666666666667,0.0,1
6.369666666666668,0.2449691590565818,6.05,6.88,0.8300000000000001,6.28,-0.00997330367074538,0.0,0.0,1
6.329666666666667,0.16160617424948695,5.99,6.67,0.6799999999999997,6.375,-0.004135706340378391,0.0,0.03333333333333333,1
6.487999999999999,0.33251967360343254,5.91,6.95,1.04,6.71,-0.03289432703003352,0.0,0.03333333333333333,1
6.355333333333333,0.1506814152073469,6.07,6.64,0.5699999999999994,6.34,-0.009161290322580697,0.0,0.0,1
6.173,0.0879450586066854,6.01,6.42,0.41000000000000014,6.18,-0.0026629588431591853,0.0,0.0,1
6.269,0.1110060058435278,6.13,6.54,0.41000000000000014,6.25,0.0039310344827583965,0.0,0.0,1
6.127666666666666,0.20467345265623044,5.75,6.62,0.8700000000000001,6.07,-0.0048164627363737845,0.0,0.26666666666666666,1
6.171,0.1444149115107809,5.92,6.48,0.5600000000000005,6.13,-0.00034482758620703194,0.0,0.1,1
6.061666666666667,0.3740595615079977,5.53,6.64,1.1099999999999994,6.115,-0.02663181312569539,0.0,0.4,1
6.149666666666667,0.089423461997149,5.94,6.42,0.47999999999999954,6.17,-0.0007408231368188605,0.0,0.06666666666666667,1
6.525333333333332,0.2231103364307047,6.13,6.94,0.8100000000000005,6.5,0.012467185761957754,0.0,0.0,1
6.730000000000001,0.309127805284481,6.1,7.13,1.0300000000000002,6.855,0.002958843159065416,0.16666666666666666,0.0,1
6.7299999999999995,0.29764632255973417,6.17,7.11,0.9400000000000004,6.795,0.008547274749721754,0.26666666666666666,0.0,1
6.311666666666665,0.2672088238729319,5.92,6.93,1.0099999999999998,6.1899999999999995,-0.006983314794216004,0.0,0.06666666666666667,1
6.184666666666668,0.10378610482890066,6.01,6.47,0.45999999999999996,6.18,0.005908787541712815,0.0,0.0,1
6.3919999999999995,0.13239838871124274,6.19,6.64,0.4499999999999993,6.359999999999999,0.0007208008898775642,0.0,0.0,1
6.603666666666667,0.2216827061866175,6.4,7.1,0.6999999999999993,6.48,0.017426028921023226,0.06666666666666667,0.0,1
6.790000000000002,0.2721396700225823,6.24,7.18,0.9399999999999995,6.85,0.0292324805339265,0.2,0.0,1
5.445000000000002,0.7743244367403972,3.77,6.94,3.1700000000000004,5.605,-0.011441601779755367,0.0,0.8,1
6.349666666666666,0.2886345247694546,5.92,6.86,0.9400000000000004,6.33,-0.0026273637374861964,0.0,0.1,1
6.757333333333333,0.30212506608283185,6.28,7.16,0.8799999999999999,6.6850000000000005,0.010522803114571485,0.3333333333333333,0.0,1
6.848333333333334,0.28086869213606247,6.33,7.32,0.9900000000000002,6.88,0.011979977753058806,0.3,0.0,1
6.853666666666668,0.2402427013575137,6.56,7.43,0.8700000000000001,6.78,-0.019352614015573002,0.16666666666666666,0.0,1
6.7283333333333335,0.21258854364449853,6.28,7.06,0.7799999999999994,6.775,-0.003018909899888959,0.16666666666666666,0.0,1
6.800333333333333,0.23189772649932444,6.29,7.16,0.8700000000000001,6.785,0.01597107897664059,0.26666666666666666,0.0,1
6.661333333333332,0.19300662049669579,6.17,6.95,0.7800000000000002,6.71,0.0025228031145715707,0.0,0.0,1
6.3983333333333325,0.28795929496294365,5.91,6.93,1.0199999999999996,6.34,-0.0033615127919911507,0.0,0.03333333333333333,1
6.4863333333333335,0.16896712369241798,6.29,6.91,0.6200000000000001,6.44,-0.009515016685206015,0.0,0.0,1
6.225999999999999,0.13695741430581024,6.02,6.48,0.46000000000000085,6.16,-0.01129254727474985,0.0,0.0,1
6.174,0.18909609549996886,5.88,6.53,0.6500000000000004,6.140000000000001,0.006117908787541606,0.0,0.23333333333333334,1
6.2013333333333325,0.20666774193268656,5.86,6.67,0.8099999999999996,6.2,0.010473859844271183,0.0,0.2,1
6.142333333333332,0.1652812417937647,5.86,6.49,0.6299999999999999,6.135,-0.013466073414905515,0.0,0.2,1
6.255333333333334,0.2294302120955786,5.78,6.64,0.8599999999999994,6.3,-0.010994438264738626,0.0,0.16666666666666666,1
6.091333333333333,0.24871313238794257,5.71,6.45,0.7400000000000002,6.06,0.024382647385984297,0.0,0.4666666666666667,1
6.139666666666667,0.12229699732845278,6.02,6.48,0.46000000000000085,6.1,-0.009279199110122559,0.0,0.0,1
6.193666666666666,0.1699310317615813,5.8,6.53,0.7300000000000004,6.215,0.009474972191323651,0.0,0.13333333333333333,1
6.09,0.2124931371440813,5.6,6.44,0.8400000000000007,6.145,-0.015563959955506251,0.0,0.3,1
5.941,0.1435815679906954,5.6,6.28,0.6800000000000006,5.965,0.014186874304783022,0.0,0.7,1
6.442333333333333,0.2022322647079068,6.05,6.77,0.7199999999999998,6.47,-0.012909899888765428,0.0,0.0,1
6.11,0.26281806127687146,5.78,6.61,0.8300000000000001,6.025,-0.023354838709677566,0.0,0.36666666666666664,1
5.928,0.04415125517279595,5.83,5.99,0.16000000000000014,5.94,0.0012102335928808542,0.0,1.0,1
6.3149999999999995,0.1978004044485248,5.91,6.69,0.7800000000000002,6.28,-0.004976640711902273,0.0,0.03333333333333333,1
6.139666666666667,0.10114291319162644,5.97,6.33,0.3600000000000003,6.12,-0.008981090100111335,0.0,0.06666666666666667,1
6.217,0.2292036939783767,5.89,6.7,0.8100000000000005,6.16,0.022191323692992117,0.0,0.2,1
6.228666666666668,0.27746150884201737,5.81,6.85,1.04,6.225,-0.01842491657397118,0.0,0.26666666666666666,1
5.925666666666666,0.12344184415703165,5.67,6.26,0.5899999999999999,5.91,-0.004985539488320444,0.0,0.8,1
5.903333333333334,0.15499103916750226,5.65,6.29,0.6399999999999997,5.88,-0.0033058954393771346,0.0,0.8333333333333334,1
5.918999999999999,0.11243813113589773,5.76,6.19,0.4300000000000006,5.91,-0.009159065628476203,0.0,0.7666666666666667,1
6.255666666666666,0.3622308962833267,5.69,6.7,1.0099999999999998,6.38,0.03577975528364833,0.0,0.3333333333333333,1
6.572333333333332,0.2754231088505263,5.78,6.86,1.08,6.67,-0.017501668520578537,0.0,0.03333333333333333,1
5.936666666666667,0.19246356076468657,5.46,6.24,0.7800000000000002,5.965,0.017846496106785244,0.0,0.5333333333333333,1
6.505999999999999,0.2892357746429949,6.07,7.11,1.04,6.57,0.028707452725250198,0.03333333333333333,0.0,1
6.115333333333333,0.598847411468249,5.26,7.06,1.7999999999999998,5.785,-0.06119243604004471,0.06666666666666667,0.5666666666666667,1
5.595666666666667,0.10310781843401703,5.4,5.88,0.47999999999999954,5.59,-0.0027163515016686113,0.0,1.0,1
5.668333333333333,0.12326349373958573,5.46,5.88,0.41999999999999993,5.66,0.008745272525027686,0.0,1.0,1
6.037666666666666,0.3267892627095055,5.46,6.64,1.1799999999999997,5.915,0.0263159065628474,0.0,0.7,1
6.274666666666665,0.5331524693327,5.32,6.88,1.5599999999999996,6.56,-0.05185761957730837,0.0,0.3333333333333333,1
5.304666666666667,0.2682875737379989,4.87,5.76,0.8899999999999997,5.235,-0.013143492769744216,0.0,1.0,1
5.7040000000000015,0.1713009048429108,5.05,5.86,0.8100000000000005,5.76,0.006153503893214595,0.0,1.0,1
5.637,0.1467458119788545,5.28,5.8,0.5199999999999996,5.7,-0.008393770856507325,0.0,1.0,1
5.646333333333334,0.33711999182618774,5.07,6.17,1.0999999999999996,5.68,0.02638264738598435,0.0,0.8666666666666667,1
5.867,0.32122837151575917,5.16,6.31,1.1499999999999995,5.965,-0.019526140155728705,0.0,0.5333333333333333,1
5.691333333333334,0.17966140994165167,5.16,6.05,0.8899999999999997,5.72,0.005601779755283555,0.0,0.9333333333333333,1
5.910333333333332,0.14246598034462668,5.69,6.19,0.5,5.89,0.0052836484983312835,0.0,0.7333333333333333,1
6.213666666666667,0.11794019199954228,5.92,6.37,0.4500000000000002,6.27,0.0025472747497217794,0.0,0.06666666666666667,1
6.3100000000000005,0.13086889113409142,6.03,6.56,0.5299999999999994,6.31,0.008315906562847326,0.0,0.0,1
6.1563333333333325,0.24180547737569738,5.69,6.47,0.7799999999999994,6.22,-0.018769744160178133,0.0,0.23333333333333334,1
5.879666666666667,0.2544468946995074,5.3,6.17,0.8700000000000001,5.97,-0.016473859844271542,0.0,0.5333333333333333,1
6.012,0.06379132647416354,5.88,6.13,0.25,6.02,0.000413793103448131,0.0,0.43333333333333335,1
6.1949999999999985,0.19626088080239862,5.78,6.51,0.7299999999999995,6.21,0.005795328142380326,0.0,0.16666666666666666,1
6.235333333333334,0.10855822810311937,6.02,6.47,0.4500000000000002,6.215,-0.005072302558398383,0.0,0.0,1
5.701666666666666,0.23055127171388332,5.35,6.03,0.6800000000000006,5.645,0.01668743047830911,0.0,0.8,1
6.081333333333333,0.17817095411118195,5.67,6.45,0.7800000000000002,6.07,0.00885873192436033,0.0,0.2,1
6.193666666666667,0.20721137892392777,5.73,6.45,0.7199999999999998,6.23,0.004856507230255763,0.0,0.23333333333333334,1
6.087999999999999,0.08930845424706446,5.96,6.4,0.4400000000000004,6.07,-0.0010322580645163323,0.0,0.13333333333333333,1
6.119333333333334,0.11081315605809419,5.94,6.35,0.40999999999999925,6.105,-0.0012636262513905296,0.0,0.16666666666666666,1
6.099333333333334,0.09756820975889409,5.97,6.31,0.33999999999999986,6.07,0.007773081201334667,0.0,0.1,1
6.021666666666666,0.27058065135720416,5.44,6.38,0.9399999999999995,6.02,-0.028892102335928992,0.0,0.4666666666666667,1
5.987333333333334,0.31779378359069416,5.34,6.29,0.9500000000000002,6.15,0.026491657397107755,0.0,0.3333333333333333,1
6.179,0.1111860302975753,5.96,6.38,0.41999999999999993,6.18,-0.005986651835372699,0.0,0.06666666666666667,1
6.248666666666667,0.12810759366858607,5.83,6.49,0.6600000000000001,6.26,0.008849833147941967,0.0,0.03333333333333333,1
6.299666666666668,0.11931703799355549,6.1,6.61,0.5100000000000007,6.285,0.0039888765294769845,0.0,0.0,1
6.114999999999999,0.16051479682571318,5.83,6.37,0.54,6.13,-0.00804226918798681,0.0,0.23333333333333334,1
6.051333333333335,0.05232802520850777,5.97,6.22,0.25,6.03,0.0023937708565070436,0.0,0.1,1
6.269000000000002,0.15113680337142688,5.92,6.53,0.6100000000000003,6.29,0.008954393770856363,0.0,0.06666666666666667,1
6.327666666666667,0.046596375633971995,6.24,6.47,0.22999999999999954,6.33,0.0014527252502780624,0.0,0.0,1
6.337000000000001,0.18085261033965389,5.85,6.59,0.7400000000000002,6.38,0.006280311457174473,0.0,0.06666666666666667,1
6.412333333333333,0.12049020246015399,6.19,6.64,0.4499999999999993,6.365,0.001652947719688452,0.0,0.0,1
6.336666666666667,0.09349985145561579,6.15,6.56,0.40999999999999925,6.33,0.0012547274749721289,0.0,0.0,1
6.454666666666666,0.11760763391700203,6.24,6.65,0.41000000000000014,6.44,-0.0031368186874306675,0.0,0.0,1
6.431333333333334,0.10509466631988934,6.24,6.65,0.41000000000000014,6.43,0.0015617352614014852,0.0,0.0,1
6.562666666666666,0.2771513826212832,6.08,6.95,0.8700000000000001,6.525,-0.020307007786429486,0.0,0.0,1
6.535999999999999,0.17413787640832187,6.31,6.9,0.5900000000000007,6.48,-0.01025139043381554,0.0,0.0,1
6.383333333333334,0.07515909052728689,6.26,6.61,0.35000000000000053,6.38,-0.0004760845383762457,0.0,0.0,1
6.519000000000001,0.17805149067989676,6.22,6.77,0.5499999999999998,6.57,0.01661624026696315,0.0,0.0,1
6.585333333333334,0.07766309004640207,6.42,6.74,0.3200000000000003,6.59,-0.004573971078976807,0.0,0.0,1
6.662999999999999,0.12471701300677997,6.45,6.86,0.41000000000000014,6.695,-0.0037441601779757048,0.0,0.0,1
6.7073333333333345,0.12110417921038986,6.49,6.91,0.41999999999999993,6.74,0.010794215795328082,0.0,0.0,1
6.7266666666666675,0.16367311596254555,6.33,6.97,0.6399999999999997,6.775,-0.0066785317018912575,0.0,0.0,1
6.5356666666666685,0.1524397877487662,6.31,6.86,0.5500000000000007,6.51,0.0023559510567295987,0.0,0.0,1
6.475,0.1511676773211346,6.22,6.79,0.5700000000000003,6.47,-0.008731924360400604,0.0,0.0,1
6.405,0.1323064624271997,6.19,6.79,0.5999999999999996,6.390000000000001,-0.000936596218020069,0.0,0.0,1
6.419333333333335,0.19486633595592873,6.07,6.83,0.7599999999999998,6.44,0.014011123470522668,0.0,0.0,1
6.961,0.15031855064052024,6.38,7.18,0.7999999999999998,6.96,-0.0006251390433818002,0.36666666666666664,0.0,1
3.333999999999999,1.9856965192764646,1.6,6.74,5.140000000000001,2.08,-0.1944026696329257,0.0,0.7666666666666667,1
2.164,0.15232859219463693,1.69,2.35,0.6600000000000001,2.19,0.012680756395995516,0.0,1.0,1
3.392,0.9870406948719659,2.1,4.57,2.47,4.005,0.09867853170189096,0.0,1.0,1
4.550666666666666,0.20733118969952935,4.11,4.89,0.7799999999999994,4.57,0.010852057842046632,0.0,1.0,1
5.444333333333334,0.23886793189729108,4.57,5.78,1.21,5.48,0.021363737486095567,0.0,1.0,1
5.794333333333333,0.11494008100842029,5.59,6.05,0.45999999999999996,5.79,0.00014015572858736496,0.0,0.9666666666666667,1
5.909,0.1837634348830038,5.37,6.22,0.8499999999999996,5.915,0.014929922135706108,0.0,0.6666666666666666,1
5.992333333333334,0.1249181954542874,5.69,6.28,0.5899999999999999,6.0,-0.00870077864293668,0.0,0.5,1
5.953333333333335,0.11776624681498891,5.73,6.17,0.4399999999999995,5.96,0.004022246941045499,0.0,0.7,1
6.010000000000001,0.07848566748139434,5.8,6.17,0.3700000000000001,5.99,0.0005739710789764658,0.0,0.5333333333333333,1
6.309333333333336,0.2374016755533869,5.94,6.74,0.7999999999999998,6.215,0.0006585094549498336,0.0,0.06666666666666667,1
6.0136666666666665,0.037725617585696626,5.92,6.08,0.16000000000000014,6.01,-0.0009232480533928326,0.0,0.3333333333333333,1
6.175,0.0921140597303148,5.97,6.45,0.4800000000000004,6.17,0.0022358175750834338,0.0,0.03333333333333333,1
6.060666666666666,0.024621580416825866,6.02,6.13,0.11000000000000032,6.0600000000000005,0.0004983314794214989,0.0,0.0,1
6.160666666666668,0.10920724436694759,6.07,6.47,0.39999999999999947,6.1,0.010077864293659507,0.0,0.0,1
6.661000000000001,0.14650028441383084,6.4,6.93,0.5299999999999994,6.63,0.014520578420467101,0.0,0.0,1
7.004666666666666,0.20934394877542767,6.59,7.23,0.6400000000000006,7.08,-0.01797552836485002,0.6333333333333333,0.0,1
7.035666666666668,0.17440725010414246,6.53,7.18,0.6499999999999995,7.12,0.013519466073414768,0.7333333333333333,0.0,1
6.918,0.052306787322488085,6.77,7.01,0.2400000000000002,6.93,0.0029677419354838166,0.03333333333333333,0.0,1
6.956666666666665,0.04756282395129852,6.81,7.06,0.25,6.95,-0.0008943270300334427,0.16666666666666666,0.0,1
6.7716666666666665,0.15718531172543515,6.38,6.99,0.6100000000000003,6.765000000000001,-0.00741935483870981,0.0,0.0,1
6.663333333333332,0.14236884802824273,6.38,6.9,0.5200000000000005,6.68,-0.00486318131256963,0.0,0.0,1
6.848333333333334,0.15203252575974946,6.48,7.04,0.5599999999999996,6.88,0.012309232480533798,0.13333333333333333,0.0,1
6.831000000000001,0.16852991821434363,6.35,7.02,0.6699999999999999,6.85,-0.007085650723025828,0.1,0.0,1
6.854333333333333,0.08135040804377625,6.62,7.04,0.41999999999999993,6.87,0.0017463848720800285,0.03333333333333333,0.0,1
6.857333333333333,0.09237363741289438,6.65,7.04,0.3899999999999997,6.88,0.0038976640711900178,0.06666666666666667,0.0,1
6.797000000000001,0.1869964349036277,6.42,7.11,0.6900000000000004,6.865,-0.01056507230255861,0.1,0.0,1
6.8820000000000014,0.040529824409521825,6.78,6.95,0.16999999999999993,6.88,-0.0027185761957732786,0.0,0.0,1
6.792666666666666,0.24488001597154094,6.29,7.04,0.75,6.9350000000000005,0.01861624026696309,0.36666666666666664,0.0,1
6.873333333333334,0.3243797500187429,6.13,7.23,1.1000000000000005,7.07,-0.029512791991101458,0.6666666666666666,0.0,1
4.816,2.0707576713206532,1.6,6.65,5.050000000000001,5.99,-0.2099087875417133,0.0,0.5,1
4.339666666666667,0.9494436382546476,1.53,5.67,4.14,4.545,0.07080978865406001,0.0,1.0,1
6.268,0.16959559742713448,5.81,6.54,0.7300000000000004,6.28,0.005472747497219046,0.0,0.06666666666666667,1
6.375,0.1392060822425994,5.94,6.53,0.5899999999999999,6.41,0.007081201334816301,0.0,0.03333333333333333,1
6.240333333333333,0.12316610284038743,6.01,6.47,0.45999999999999996,6.22,0.006885428253614977,0.0,0.0,1
6.188,0.05049092327669726,6.1,6.31,0.20999999999999996,6.18,-0.0024916573971080318,0.0,0.0,1
6.145333333333332,0.08808077101287329,6.01,6.35,0.33999999999999986,6.125,0.006896551724137835,0.0,0.0,1
6.196666666666668,0.05509587603038504,6.13,6.37,0.2400000000000002,6.17,0.004040044493881935,0.0,0.0,1
6.248000000000001,0.07072953178599911,6.12,6.37,0.25,6.23,0.00039154616240257055,0.0,0.0,1
6.205333333333334,0.10566403782218844,5.94,6.35,0.40999999999999925,6.2,0.0042224694104558685,0.0,0.03333333333333333,1
6.276999999999999,0.11927978314310718,6.05,6.51,0.45999999999999996,6.3,-0.005403781979978025,0.0,0.0,1
6.4673333333333325,0.07558365490560039,6.35,6.64,0.29000000000000004,6.46,0.002393770856507082,0.0,0.0,1
6.419666666666666,0.19897208067688518,6.13,6.74,0.6100000000000003,6.4,-0.012353726362625342,0.0,0.0,1
6.352,0.1864117306752269,6.07,6.65,0.5800000000000001,6.42,0.01822469410456048,0.0,0.0,1
6.687333333333334,0.25467539252066645,6.12,6.91,0.79,6.84,0.02618020022246916,0.0,0.0,1
6.615333333333334,0.09718481820165586,6.38,6.9,0.5200000000000005,6.62,-0.0006718576195774926,0.0,0.0,1
6.612333333333334,0.06955493432452439,6.38,6.72,0.33999999999999986,6.62,0.0011902113459399037,0.0,0.0,1
6.659,0.18528086787361508,6.17,6.81,0.6399999999999997,6.74,-0.011383759733036972,0.0,0.0,1
6.464,0.08296987405076617,6.31,6.62,0.3100000000000005,6.46,0.006024471635150029,0.0,0.0,1
6.395333333333332,0.21029714427183477,6.07,6.67,0.5999999999999996,6.51,-0.02012458286985563,0.0,0.0,1
6.334333333333333,0.15694337266104053,6.1,6.56,0.45999999999999996,6.35,0.016860956618464797,0.0,0.0,1
6.579,0.0678896162899747,6.44,6.72,0.27999999999999936,6.59,0.001265850945494909,0.0,0.0,1
6.42,0.13613718571108094,6.19,6.75,0.5599999999999996,6.41,-0.0056329254727476505,0.0,0.0,1
6.399666666666666,0.08734923519349716,6.17,6.56,0.3899999999999997,6.4,0.0009276974416015913,0.0,0.0,1
6.2446666666666655,0.08405289339986392,6.08,6.38,0.2999999999999998,6.25,-0.005819799777530765,0.0,0.0,1
6.691999999999999,0.17911634952361744,6.35,6.99,0.6400000000000006,6.68,0.016008898776418114,0.0,0.0,1
6.737333333333334,0.12320533898965401,6.56,6.94,0.3800000000000008,6.71,0.0034171301446048984,0.0,0.0,1
6.819333333333332,0.19066433565008659,6.13,6.97,0.8399999999999999,6.86,0.014696329254727282,0.0,0.0,1
6.759333333333332,0.24182546506841576,6.07,6.99,0.9199999999999999,6.87,-0.015083426028921132,0.0,0.0,1
6.575,0.1337348122217995,6.21,6.79,0.5800000000000001,6.59,0.0009054505005559924,0.0,0.0,1
6.381333333333334,0.1301469255196688,6.08,6.58,0.5,6.38,0.005917686318131062,0.0,0.0,1
6.4126666666666665,0.13398839087357117,6.12,6.62,0.5,6.44,-0.009179087875417307,0.0,0.0,1
6.226666666666669,0.08104868221562193,6.07,6.38,0.3099999999999996,6.24,-0.0017130144605117263,0.0,0.0,1
6.623333333333333,0.15824734507163846,6.26,6.85,0.5899999999999999,6.67,0.01635595105672964,0.0,0.0,1
6.549333333333332,0.16293011453449063,6.1,6.83,0.7300000000000004,6.55,0.002286985539488077,0.0,0.0,1
6.700333333333333,0.22610444980632785,6.22,6.93,0.71,6.8,-0.014182424916574168,0.0,0.0,1
3.674333333333333,1.8407909230062554,1.48,6.33,4.85,3.35,-0.11691879866518375,0.0,0.8333333333333334,1
4.518,0.8404062509683438,2.58,5.59,3.01,4.75,0.06675417130144601,0.0,1.0,1
5.551666666666667,0.2312009707784309,5.07,5.85,0.7799999999999994,5.57,0.00935038932146821,0.0,1.0,1
5.823000000000001,0.21889342916892995,5.34,6.29,0.9500000000000002,5.79,0.02242269187986641,0.0,0.8,1
6.333333333333333,0.18074537031107854,5.81,6.62,0.8100000000000005,6.355,-0.005276974416017877,0.0,0.06666666666666667,1
6.417666666666666,0.13215353024250076,6.17,6.69,0.5200000000000005,6.4,0.010947719688542704,0.0,0.0,1
6.656333333333333,0.07418370590784895,6.45,6.77,0.3199999999999994,6.66,0.0048120133481646035,0.0,0.0,1
6.661666666666666,0.07836169699257128,6.47,6.79,0.3200000000000003,6.69,0.004656284760845219,0.0,0.0,1
6.435666666666666,0.108924540648816,6.26,6.79,0.5300000000000002,6.42,0.0006473859844270918,0.0,0.0,1
6.373000000000001,0.07114070564732966,6.21,6.48,0.27000000000000046,6.38,-0.0021379310344829066,0.0,0.0,1
6.671000000000001,0.25614253844295376,6.05,6.95,0.9000000000000004,6.77,0.023646273637374732,0.0,0.0,1
7.095000000000001,0.04849398588141289,6.99,7.18,0.1899999999999995,7.1,0.0009143492769742781,0.9333333333333333,0.0,1
6.846666666666667,0.26013244489853404,6.31,7.15,0.8400000000000007,6.9399999999999995,-0.011323692992213773,0.43333333333333335,0.0,1
7.206666666666667,0.07828722046981151,6.99,7.29,0.2999999999999998,7.23,0.0077819799777528766,0.9666666666666667,0.0,1
7.184333333333334,0.09454040876201507,6.94,7.27,0.3299999999999992,7.23,-0.00853615127919928,0.9333333333333333,0.0,1
6.9543333333333335,0.24759756774967634,6.45,7.23,0.7800000000000002,7.005,-0.025697441601779968,0.5,0.0,1
6.448666666666666,0.08830754340497889,6.31,6.62,0.3100000000000005,6.46,-0.009054505005561998,0.0,0.0,1
6.355666666666665,0.04379370832538506,6.29,6.44,0.15000000000000036,6.35,0.0038553948832033918,0.0,0.0,1
6.396666666666666,0.036908294761777136,6.33,6.47,0.13999999999999968,6.4,0.0010100111234702725,0.0,0.0,1
6.502000000000001,0.09593053042002149,6.33,6.75,0.41999999999999993,6.485,0.00727030033370391,0.0,0.0,1
6.540000000000001,0.21647170715823358,6.22,6.94,0.7200000000000006,6.47,-0.017490545050055796,0.0,0.0,1
6.577,0.09778036612735716,6.38,6.75,0.3700000000000001,6.5649999999999995,0.01073414905450477,0.0,0.0,1
6.797000000000001,0.04156520981141152,6.69,6.88,0.1899999999999995,6.8,0.0026763070077863832,0.0,0.0,1
6.902666666666667,0.25800430659627027,6.24,7.18,0.9399999999999995,6.97,0.022740823136818546,0.4,0.0,1
7.191666666666667,0.028176033945338883,7.15,7.24,0.08999999999999986,7.2,-0.0003136818687433395,1.0,0.0,1
6.833333333333334,0.2852873794770614,6.28,7.18,0.8999999999999995,6.945,-0.026300333704115823,0.36666666666666664,0.0,1
6.815,0.21236368176628825,6.31,7.04,0.7300000000000004,6.904999999999999,-0.01424471635150186,0.06666666666666667,0.0,1
5.536,1.581530060837711,1.67,6.45,4.78,6.26,-0.12791101223581772,0.0,0.26666666666666666,1
2.951333333333333,0.9933838913308165,1.41,4.16,2.75,3.17,0.10876974416017796,0.0,1.0,1
4.948666666666665,0.15844522362283078,4.45,5.14,0.6899999999999995,4.965,0.01701446051167953,0.0,1.0,1
5.160666666666666,0.03577087580079032,5.1,5.23,0.13000000000000078,5.16,-0.0019799777530591623,0.0,1.0,1
5.161,0.1637345412550449,4.5,5.4,0.9000000000000004,5.14,0.00479421579532807,0.0,1.0,1
5.594333333333335,0.22874561319412348,4.91,6.08,1.17,5.64,0.021644048943270183,0.0,0.9666666666666667,1
6.139666666666668,0.15184385254449903,5.78,6.37,0.5899999999999999,6.15,0.00987541713014445,0.0,0.2,1
6.567999999999999,0.06134057928212503,6.38,6.65,0.27000000000000046,6.585,0.005850945494994342,0.0,0.0,1
6.392666666666667,0.21399273092534912,5.78,6.61,0.8300000000000001,6.470000000000001,-0.013588431590656367,0.0,0.06666666666666667,1
6.206999999999999,0.08907487487127518,6.07,6.37,0.2999999999999998,6.1899999999999995,-0.007601779755283859,0.0,0.0,1
6.0906666666666665,0.04632733774157784,6.01,6.17,0.16000000000000014,6.08,-0.0032925472747499366,0.0,0.0,1
6.011666666666668,0.02841165644981339,5.96,6.07,0.11000000000000032,6.01,-0.0009677419354840687,0.0,0.3333333333333333,1
6.483666666666667,0.22572082068096616,5.94,6.86,0.9199999999999999,6.52,0.006062291434927551,0.0,0.03333333333333333,1
6.149999999999998,0.09504384952922165,6.01,6.47,0.45999999999999996,6.140000000000001,-0.0014860956618466719,0.0,0.0,1
6.486333333333332,0.18806884082401548,6.15,6.81,0.6599999999999993,6.42,0.014035595105672724,0.0,0.0,1
6.8149999999999995,0.17572231882527992,6.49,7.11,0.6200000000000001,6.785,0.018671857619577147,0.23333333333333334,0.0,1
6.876,0.1644303297245776,6.48,7.07,0.5899999999999999,6.905,-0.012525027808676342,0.3333333333333333,0.0,1
6.801666666666667,0.16112279651109446,6.33,6.97,0.6399999999999997,6.87,0.015423804226918714,0.0,0.0,1
6.701333333333334,0.1659263558195488,6.42,6.97,0.5499999999999998,6.755,0.008231368186874227,0.0,0.0,1
7.019333333333333,0.11436588457908037,6.74,7.26,0.5199999999999996,7.015,0.006972191323692878,0.6,0.0,1
6.7973333333333334,0.23786457398182587,6.33,7.31,0.9799999999999995,6.789999999999999,-0.01640489432703021,0.2,0.0,1
6.745666666666666,0.14520521876143286,6.53,6.99,0.45999999999999996,6.71,0.0014972191323691449,0.0,0.0,1
6.754333333333333,0.15901118059921307,6.44,7.07,0.6299999999999999,6.745,0.006805339265850868,0.13333333333333333,0.0,1
6.588666666666666,0.2976097369972218,6.13,7.1,0.9699999999999998,6.645,-0.02721690767519475,0.1,0.0,1
6.255333333333334,0.1368389158422738,6.01,6.48,0.47000000000000064,6.285,-0.006447163515016753,0.0,0.0,1
6.022333333333334,0.1517384445536317,5.69,6.37,0.6799999999999997,6.01,0.010137931034482628,0.0,0.36666666666666664,1
6.735333333333333,0.15747451292898862,6.47,7.02,0.5499999999999998,6.75,0.015123470522802917,0.03333333333333333,0.0,1
6.829666666666666,0.2000580471318817,6.42,7.1,0.6799999999999997,6.865,-0.016095661846496207,0.26666666666666666,0.0,1
6.202333333333333,0.24797423701308616,5.86,6.95,1.0899999999999999,6.18,-0.011250278086763148,0.0,0.2,1
6.333,0.16379153417276085,5.89,6.56,0.6699999999999999,6.365,-0.012834260289210423,0.0,0.06666666666666667,1
5.972999999999999,0.10936635680134908,5.76,6.17,0.41000000000000014,6.0,0.007116796440489309,0.0,0.5,1
6.0633333333333335,0.2373511229287857,5.67,6.35,0.6799999999999997,6.18,-0.020703003337041316,0.0,0.36666666666666664,1
5.929666666666665,0.11847597037186723,5.67,6.07,0.40000000000000036,5.96,-0.01088542825361528,0.0,0.6333333333333333,1
5.856666666666667,0.11184314413002205,5.69,6.08,0.3899999999999997,5.86,-0.005646273637375002,0.0,0.8333333333333334,1
5.847666666666667,0.1324055218720965,5.6,6.01,0.41000000000000014,5.88,0.005256952169076657,0.0,0.8666666666666667,1
5.922333333333333,0.13546668307086515,5.64,6.12,0.4800000000000004,6.0,-0.007583982202447173,0.0,0.5,1
5.806333333333334,0.1344738718942168,5.55,6.08,0.5300000000000002,5.76,-0.0019199110122359263,0.0,0.9333333333333333,1
5.985666666666666,0.17723211396985097,5.51,6.4,0.8900000000000006,5.94,0.01780422691879858,0.0,0.6666666666666666,1
6.233666666666667,0.0809725605100614,6.1,6.47,0.3700000000000001,6.22,-0.0011501668520579255,0.0,0.0,1
6.234666666666667,0.0960809843598387,6.1,6.45,0.35000000000000053,6.215,-0.004484983314794219,0.0,0.0,1
6.290666666666666,0.1146860448742081,6.07,6.44,0.3700000000000001,6.31,0.010429365962180063,0.0,0.0,1
6.343666666666667,0.05003221184619193,6.28,6.48,0.20000000000000018,6.33,0.0004471635150163564,0.0,0.0,1
6.382666666666666,0.03659993928349556,6.33,6.49,0.16000000000000014,6.38,-0.0004760845383760152,0.0,0.0,1
6.396,0.05301572093885622,6.24,6.44,0.20000000000000018,6.42,-0.001922135706340325,0.0,0.0,1
6.451666666666666,0.038304336859189,6.33,6.51,0.17999999999999972,6.45,0.0009855394883201407,0.0,0.0,1
6.4766666666666675,0.04452215428550404,6.4,6.61,0.20999999999999996,6.47,0.0037864293659620237,0.0,0.0,1
6.510666666666666,0.026948510575210385,6.42,6.54,0.1200000000000001,6.52,0.0009521690767518384,0.0,0.0,1
6.513666666666666,0.015595583420386154,6.48,6.53,0.04999999999999982,6.51,-0.0002113459399334004,0.0,0.0,1
6.515,0.019790570145063156,6.48,6.56,0.07999999999999918,6.51,0.0005450500556171528,0.0,0.0,1
6.540333333333334,0.014019827229875223,6.51,6.56,0.04999999999999982,6.54,-6.006674082327439e-05,0.0,0.0,1
6.338666666666667,0.19564821037316504,5.89,6.54,0.6500000000000004,6.4,-0.018496106785317157,0.0,0.06666666666666667,1
6.154333333333333,0.11703798054003194,5.99,6.4,0.41000000000000014,6.17,-0.002213570634037912,0.0,0.13333333333333333,1
6.116666666666666,0.11288145207350159,5.8,6.28,0.4800000000000004,6.12,-0.008734149054505022,0.0,0.1,1
5.905,0.09673847907287633,5.78,6.13,0.34999999999999964,5.87,-0.005884315906562952,0.0,0.8333333333333334,1
5.966666666666668,0.09310686810804497,5.73,6.12,0.3899999999999997,5.99,0.005339265850945473,0.0,0.5333333333333333,1
5.866,0.07223111056416995,5.71,5.97,0.2599999999999998,5.86,0.002264738598442651,0.0,1.0,1
6.012333333333333,0.05719459958966593,5.91,6.15,0.2400000000000002,6.01,0.0015817575083425894,0.0,0.36666666666666664,1
6.043333333333334,0.12210196103621311,5.81,6.33,0.5200000000000005,6.02,-0.0008097886540601517,0.0,0.23333333333333334,1
5.653333333333332,0.5238023376130436,4.75,6.22,1.4699999999999998,5.9,-0.05070522803114599,0.0,0.5666666666666667,1
4.332666666666667,0.3835182162847317,3.88,5.56,1.6799999999999997,4.245,-0.03970189098998896,0.0,1.0,1
3.976,0.11119352499134111,3.77,4.21,0.43999999999999995,3.97,-0.0005161290322581661,0.0,1.0,1
4.057333333333333,0.2076203800743612,3.77,4.57,0.8000000000000003,3.99,0.019955506117908625,0.0,1.0,1
4.846333333333334,0.3817545750289779,4.3,5.43,1.13,4.7,0.04048275862068959,0.0,1.0,1
5.765000000000001,0.1788807796643712,5.44,6.1,0.6599999999999993,5.83,0.017452725250277985,0.0,0.9333333333333333,1
6.005999999999999,0.14743586176142262,5.64,6.21,0.5700000000000003,6.04,-0.011426028921023483,0.0,0.26666666666666666,1
5.837,0.15509459479083507,5.59,6.08,0.4900000000000002,5.88,0.008878754171301396,0.0,0.7666666666666667,1
5.965333333333333,0.05414384134465848,5.85,6.05,0.20000000000000018,5.97,-0.0009254727474973272,0.0,0.6666666666666666,1
5.922,0.10074389973260595,5.76,6.17,0.41000000000000014,5.93,-0.00717686318131268,0.0,0.8,1
5.829333333333333,0.054950482759986305,5.71,5.89,0.17999999999999972,5.84,0.004102335928809685,0.0,1.0,1
5.658666666666664,0.05942689252817752,5.51,5.8,0.29000000000000004,5.66,0.001285873192435994,0.0,1.0,1
6.018999999999999,0.2560514271261407,5.62,6.38,0.7599999999999998,6.16,0.025870967741935386,0.0,0.36666666666666664,1
6.178000000000001,0.11892294423981717,6.02,6.44,0.4200000000000008,6.17,-0.008395995550611973,0.0,0.0,1
6.061666666666667,0.04913134324327899,5.99,6.17,0.17999999999999972,6.05,-0.004300333704115868,0.0,0.06666666666666667,1
6.075333333333334,0.03273462319250914,6.01,6.12,0.11000000000000032,6.08,0.0016418242491656333,0.0,0.0,1
6.100999999999999,0.030913858812297558,6.05,6.15,0.10000000000000053,6.1,0.0008743047830921464,0.0,0.0,1
6.111999999999999,0.04085747585611889,6.03,6.17,0.13999999999999968,6.12,0.0005739710789765042,0.0,0.0,1
6.099,0.04036087214122122,6.01,6.15,0.14000000000000057,6.1,-0.0001401557285874994,0.0,0.0,1
6.117333333333332,0.044116008684175236,6.03,6.17,0.13999999999999968,6.13,0.0016062291434927212,0.0,0.0,1
6.119000000000001,0.050685303589896806,6.02,6.17,0.15000000000000036,6.13,-0.003005561735261531,0.0,0.0,1
6.193,0.06283045970440346,6.08,6.33,0.25,6.19,-0.003094549499443926,0.0,0.0,1
6.183666666666668,0.04053667749362577,6.1,6.24,0.14000000000000057,6.2,0.0024627363737484117,0.0,0.0,1
6.471333333333333,0.25286008428026396,6.1,6.86,0.7600000000000007,6.57,0.022665183537263465,0.0,0.0,1
6.252666666666667,0.18904908239807872,5.78,6.61,0.8300000000000001,6.31,-0.004284760845383868,0.0,0.13333333333333333,1
6.309666666666667,0.09214059305696325,6.01,6.49,0.4800000000000004,6.31,0.0030945494994437726,0.0,0.0,1
6.317333333333334,0.07745679799446634,6.05,6.45,0.40000000000000036,6.33,-0.0027052280311458503,0.0,0.0,1
6.404333333333332,0.12290059216926327,6.17,6.65,0.4800000000000004,6.42,0.011410456062291251,0.0,0.0,1
6.525333333333333,0.18342543141257403,6.01,6.77,0.7599999999999998,6.55,0.003408231368186728,0.0,0.0,1
6.828666666666666,0.15270305243256346,6.48,7.01,0.5299999999999994,6.875,-0.0020778642936598625,0.03333333333333333,0.0,1
6.601000000000001,0.2604272131197762,6.33,7.06,0.7299999999999995,6.465,-0.024887652947719777,0.1,0.0,1
6.523,0.09427442212321786,6.33,6.7,0.3700000000000001,6.52,0.007410456062291295,0.0,0.0,1
6.520666666666667,0.06444291185917103,6.35,6.62,0.27000000000000046,6.53,-0.0046585094549501365,0.0,0.0,1
6.353333333333333,0.07647802879839996,6.19,6.47,0.27999999999999936,6.37,0.003363737486095492,0.0,0.0,1
6.3916666666666675,0.04258977446393555,6.29,6.47,0.17999999999999972,6.390000000000001,0.00034482758620680144,0.0,0.0,1
6.3726666666666665,0.10171638128749096,6.21,6.49,0.28000000000000025,6.41,-0.004720800889877675,0.0,0.0,1
6.2509999999999994,0.06665083145267825,6.12,6.35,0.22999999999999954,6.27,-0.004634037819799889,0.0,0.0,1
6.165333333333334,0.06463916941160534,6.02,6.26,0.2400000000000002,6.17,-0.0036573971078978037,0.0,0.0,1
6.199333333333333,0.06702901527613911,6.02,6.31,0.29000000000000004,6.21,0.000796440489432608,0.0,0.0,1
6.274,0.13690872872099863,6.05,6.56,0.5099999999999998,6.28,0.012253615127919821,0.0,0.0,1
6.397666666666667,0.2911778761436994,6.05,6.91,0.8600000000000003,6.225,-0.029230255839822156,0.0,0.0,1
6.093666666666667,0.04757333520179382,6.01,6.15,0.14000000000000057,6.09,0.005003337041156784,0.0,0.0,1
6.152666666666666,0.08578785202786907,5.96,6.31,0.34999999999999964,6.17,0.004351501668520472,0.0,0.03333333333333333,1
6.206666666666667,0.15550634142124953,5.8,6.45,0.6500000000000004,6.22,-0.007550611790878871,0.0,0.1,1
5.957000000000002,0.05054041287260455,5.81,6.05,0.2400000000000002,5.96,0.003419354838709508,0.0,0.8,1
5.9479999999999995,0.1955232296514492,5.42,6.19,0.7700000000000005,6.03,-0.008880978865406236,0.0,0.36666666666666664,1
6.5166666666666675,0.21732208559851635,5.97,6.77,0.7999999999999998,6.55,0.0007074527252500974,0.0,0.03333333333333333,1
6.163,0.11428473213863709,5.96,6.35,0.3899999999999997,6.17,0.0056307007786427716,0.0,0.06666666666666667,1
6.16,0.10433919046392237,6.02,6.4,0.3800000000000008,6.15,-0.007163515016685366,0.0,0.0,1
5.975,0.0667208113459861,5.86,6.08,0.21999999999999975,6.01,-0.006880978865406142,0.0,0.4666666666666667,1
5.855666666666669,0.02347812220392043,5.8,5.89,0.08999999999999986,5.86,-0.000927697441601937,0.0,1.0,1
5.844333333333334,0.03791950538824164,5.78,5.91,0.1299999999999999,5.85,-0.0020533926585095965,0.0,1.0,1
5.824666666666668,0.032734623192509214,5.76,5.88,0.1200000000000001,5.83,0.00011568409343704106,0.0,1.0,1
5.8,0.03356585566713097,5.73,5.86,0.1299999999999999,5.8,-0.0014015572858732464,0.0,1.0,1
5.824666666666669,0.026042699979499515,5.78,5.88,0.09999999999999964,5.82,-0.00040934371523923785,0.0,1.0,1
5.848,0.02454927018602934,5.8,5.89,0.08999999999999986,5.85,0.0011256952169075055,0.0,1.0,1
5.839666666666668,0.08280432087491296,5.73,6.05,0.3199999999999994,5.82,0.002160177975528313,0.0,0.9333333333333333,1
5.870666666666667,0.11392785241351452,5.64,6.02,0.3799999999999999,5.91,-0.0029944382647386736,0.0,0.9333333333333333,1
5.781000000000001,0.04444847203973007,5.65,5.86,0.20999999999999996,5.78,-0.0019065628476084978,0.0,1.0,1
5.749666666666668,0.05250290997226299,5.64,5.86,0.22000000000000064,5.75,0.0043403781979976346,0.0,1.0,1
5.907333333333335,0.09419601312629364,5.76,6.1,0.33999999999999986,5.885,0.005886540600667236,0.0,0.8,1
6.057999999999999,0.19970645123947978,5.6,6.29,0.6900000000000004,6.13,-0.01788209121245848,0.0,0.3,1
6.186000000000001,0.20932590220355757,5.86,6.61,0.75,6.2,-0.0027007786429367074,0.0,0.2,1
6.058999999999999,0.32437992128572535,5.3,6.45,1.1500000000000004,6.23,0.02557285873192416,0.0,0.3,1
6.160666666666668,0.21714715952295782,5.57,6.45,0.8799999999999999,6.215,0.0017219132369297816,0.0,0.16666666666666666,1
6.3629999999999995,0.09089004345911608,6.17,6.54,0.3700000000000001,6.359999999999999,0.0028943270300332675,0.0,0.0,1
6.367000000000002,0.16164054771828354,6.02,6.65,0.6300000000000008,6.359999999999999,0.002627363737486043,0.0,0.0,1
6.254666666666665,0.15448264915157597,5.76,6.53,0.7700000000000005,6.29,-0.006153503893214786,0.0,0.06666666666666667,1
6.220666666666668,0.2481254163164713,5.69,6.61,0.9199999999999999,6.24,0.024244716351501484,0.0,0.23333333333333334,1
6.461666666666668,0.0992667562121826,6.19,6.61,0.41999999999999993,6.46,0.0060044493882089245,0.0,0.0,1
6.512,0.11121750461745375,6.17,6.67,0.5,6.51,-0.007363737486095794,0.0,0.0,1
6.437000000000001,0.10721162872251001,6.24,6.72,0.47999999999999954,6.44,0.0006829810901000039,0.0,0.0,1
6.402666666666666,0.11165223787377587,6.22,6.65,0.4300000000000006,6.38,-0.002914349276974602,0.0,0.0,1
6.526666666666668,0.17603661235347862,6.26,6.83,0.5700000000000003,6.485,0.017450500556173434,0.0,0.0,1
6.450000000000001,0.14057026712644463,6.28,6.78,0.5,6.42,5.784204671858775e-05,0.0,0.0,1
6.459,0.11115604646921674,6.1,6.67,0.5700000000000003,6.47,0.006284760845383616,0.0,0.0,1
6.541333333333333,0.08578008056782314,6.33,6.74,0.41000000000000014,6.54,-0.00044048943270306475,0.0,0.0,1
6.394333333333333,0.11077554884640478,6.17,6.67,0.5,6.390000000000001,-0.002382647385984686,0.0,0.0,1
6.418000000000001,0.0910823802938857,6.26,6.61,0.35000000000000053,6.4,0.007893214682981063,0.0,0.0,1
6.368666666666667,0.10834307648494301,6.03,6.53,0.5,6.38,-0.006660734149054686,0.0,0.0,1
6.580333333333332,0.11470202943084987,6.33,6.79,0.45999999999999996,6.59,0.008238042269187902,0.0,0.0,1
6.574666666666666,0.1376646488956244,6.29,6.86,0.5700000000000003,6.58,-0.008320355951056853,0.0,0.0,1
6.430666666666666,0.24020731786428895,5.88,6.81,0.9299999999999997,6.51,-0.007052280311457257,0.0,0.13333333333333333,1
6.439333333333334,0.32844008416892245,5.88,7.02,1.1399999999999997,6.49,0.033810901001112253,0.03333333333333333,0.1,1
6.418000000000001,0.195897932607774,6.15,7.06,0.9099999999999993,6.38,-0.015888765294772064,0.03333333333333333,0.0,1
6.478666666666668,0.1323060425259893,6.19,6.72,0.5299999999999994,6.48,0.0021935483870966924,0.0,0.0,1
5.9316666666666675,0.1326670854264748,5.75,6.35,0.5999999999999996,5.885,-0.002280311457174747,0.0,0.8,1
6.201000000000001,0.15850026288095975,5.91,6.45,0.54,6.205,0.015161290322580555,0.0,0.16666666666666666,1
6.468333333333334,0.05099564251537141,6.37,6.58,0.20999999999999996,6.47,0.002809788654060015,0.0,0.0,1
6.630666666666666,0.062178953209444,6.49,6.72,0.22999999999999954,6.64,0.004040044493882012,0.0,0.0,1
6.663999999999999,0.09803400770480954,6.42,6.78,0.3600000000000003,6.6850000000000005,-0.0020778642936597857,0.0,0.0,1
6.700999999999999,0.13206942618688602,6.51,6.97,0.45999999999999996,6.67,0.008046718576195645,0.0,0.0,1
6.581333333333333,0.2133187495015122,6.05,6.94,0.8900000000000006,6.585,-0.004725250278086818,0.0,0.0,1
6.399333333333333,0.17832429883657347,6.13,6.72,0.5899999999999999,6.385,0.0023982202447162247,0.0,0.0,1
6.563333333333333,0.10241527663824807,6.24,6.72,0.47999999999999954,6.59,0.004818687430478087,0.0,0.0,1
6.467333333333334,0.1703708373584583,6.05,6.7,0.6500000000000004,6.52,-0.008347052280311632,0.0,0.0,1
6.362,0.24495441752837746,5.92,6.75,0.8300000000000001,6.425,0.0005561735261400866,0.0,0.13333333333333333,1
4.947333333333334,1.095435783401088,2.67,6.35,3.6799999999999997,5.32,-0.009566184649610811,0.0,0.8333333333333334,1
6.242000000000001,0.17984067022413666,5.89,6.49,0.6000000000000005,6.295,0.01615572858731925,0.0,0.13333333333333333,1
6.579999999999998,0.17854971296532515,6.24,6.94,0.7000000000000002,6.61,0.0093437152391544,0.0,0.0,1
6.453999999999999,0.14853955702101715,6.17,6.74,0.5700000000000003,6.45,0.005535038932146624,0.0,0.0,1
6.382,0.13148890954500067,6.02,6.62,0.6000000000000005,6.37,-0.006585094549499604,0.0,0.0,1
6.350666666666666,0.1672111107419467,6.03,6.7,0.6699999999999999,6.35,0.0034794215795326674,0.0,0.0,1
6.3229999999999995,0.1547503365639851,6.05,6.74,0.6900000000000004,6.3100000000000005,0.004051167964404792,0.0,0.0,1
6.359666666666667,0.14754622627803432,6.08,6.65,0.5700000000000003,6.37,0.011699666295884151,0.0,0.0,1
6.533333333333333,0.10561986345169908,6.33,6.72,0.3899999999999997,6.56,-0.004066740823137022,0.0,0.0,1
6.425,0.24410038918445015,5.92,6.83,0.9100000000000001,6.4,0.0008031145717462838,0.0,0.03333333333333333,1
6.3023333333333325,0.16883292201331931,6.01,6.54,0.5300000000000002,6.35,-0.008282536151279446,0.0,0.0,1
6.350666666666666,0.1975842998711071,5.94,6.67,0.7299999999999995,6.4,0.003595105672969881,0.0,0.13333333333333333,1
6.705333333333332,0.1538772959933408,6.4,6.97,0.5699999999999994,6.71,0.01417130144605104,0.0,0.0,1
6.776333333333334,0.0766586952377585,6.58,6.97,0.3899999999999997,6.77,0.0014126807563958922,0.0,0.0,1
6.699333333333333,0.1148603016228361,6.45,6.93,0.47999999999999954,6.69,0.000969966629588256,0.0,0.0,1
6.6053333333333315,0.09531468349047213,6.44,6.85,0.40999999999999925,6.59,-0.0047163515016686855,0.0,0.0,1
6.4766666666666675,0.11046366924116827,6.22,6.67,0.4500000000000002,6.475,-0.008155728587319375,0.0,0.0,1
6.509333333333332,0.11713050651113723,6.33,6.74,0.41000000000000014,6.495,-0.0018642936596218907,0.0,0.0,1
6.423333333333332,0.07194133412410113,6.28,6.58,0.2999999999999998,6.41,-0.004511679644048999,0.0,0.0,1
6.363333333333333,0.10762073323585114,6.08,6.56,0.47999999999999954,6.38,-0.0047430478309234275,0.0,0.0,1
6.348666666666668,0.04372133981885226,6.26,6.42,0.16000000000000014,6.35,-0.0013748609566186392,0.0,0.0,1
5.910333333333332,0.06384790956292588,5.81,6.17,0.3600000000000003,5.9,0.001101223581757393,0.0,0.9666666666666667,1
5.932999999999998,0.04590933093246587,5.86,6.05,0.1899999999999995,5.92,-0.004002224694104682,0.0,0.9,1
5.945666666666665,0.08309365532671885,5.75,6.13,0.3799999999999999,5.96,0.00014460511679633493,0.0,0.7333333333333333,1
6.092333333333334,0.1561555492307448,5.88,6.48,0.6000000000000005,6.03,-0.008887652947719796,0.0,0.26666666666666666,1
6.3790000000000004,0.25982494106609544,5.94,6.85,0.9099999999999993,6.34,0.023704115684093263,0.0,0.1,1
6.555666666666667,0.08635906952306102,6.44,6.78,0.33999999999999986,6.535,-0.005234705228031443,0.0,0.0,1
6.435666666666666,0.1037202433900388,6.07,6.67,0.5999999999999996,6.45,-0.0024226918798666256,0.0,0.0,1
6.500333333333333,0.07268577730355658,6.35,6.65,0.3000000000000007,6.48,-0.0012747497219133866,0.0,0.0,1
6.545000000000001,0.11924065302292372,6.4,6.85,0.4499999999999993,6.5,-0.0028142380422693115,0.0,0.0,1
6.476,0.060310308682126064,6.31,6.61,0.3000000000000007,6.475,-0.0001779755283650213,0.0,0.0,1
6.551,0.10755928597754821,6.31,6.75,0.4400000000000004,6.5600000000000005,0.008224694104560436,0.0,0.0,1
6.420666666666666,0.1024998644985554,6.07,6.67,0.5999999999999996,6.42,0.0053437152391544816,0.0,0.0,1
6.359000000000001,0.2220562991675761,5.6,6.69,1.0900000000000007,6.390000000000001,-0.005844271412680974,0.0,0.06666666666666667,1
6.426333333333333,0.18771402599580989,5.96,6.74,0.7800000000000002,6.42,0.008665183537263461,0.0,0.03333333333333333,1
6.057666666666667,0.23760868858038187,5.53,6.4,0.8700000000000001,6.15,-0.006373748609566203,0.0,0.36666666666666664,1
5.347333333333333,0.23206225218438445,4.78,6.02,1.2399999999999993,5.42,0.007065628476084417,0.0,0.9666666666666667,1
5.803999999999999,0.5332204047108474,4.86,6.67,1.8099999999999996,5.885,0.05896329254727461,0.0,0.6666666666666666,1
6.640000000000001,0.1714059508885266,6.12,6.88,0.7599999999999998,6.67,-0.0010055617352615522,0.0,0.0,1
6.405999999999998,0.12076423311560422,6.12,6.72,0.5999999999999996,6.42,-0.0010011123470525247,0.0,0.0,1
6.497,0.07071774883294855,6.35,6.64,0.29000000000000004,6.49,0.0039354838709675785,0.0,0.0,1
6.534666666666668,0.0697965296813212,6.35,6.65,0.3000000000000007,6.54,0.0051123470522801305,0.0,0.0,1
6.971,0.13760692812015918,6.61,7.11,0.5,7.04,0.013839822024471553,0.6,0.0,1
6.378666666666666,0.45467008796366726,5.88,7.07,1.1900000000000004,6.19,-0.04071190211345962,0.16666666666666666,0.3,1
6.284000000000001,0.11878832714819529,6.03,6.49,0.45999999999999996,6.28,0.00801334816462715,0.0,0.0,1
6.166666666666667,0.10524046539024597,5.94,6.35,0.40999999999999925,6.19,0.0024115684093436148,0.0,0.06666666666666667,1
6.238666666666668,0.05232802520850765,6.17,6.35,0.17999999999999972,6.22,0.0026206896551722136,0.0,0.0,1
6.295666666666668,0.03029668115303866,6.22,6.33,0.11000000000000032,6.3,0.0011323692992211622,0.0,0.0,1
6.315,0.02997220935021864,6.26,6.37,0.11000000000000032,6.33,-0.0016529477196887976,0.0,0.0,1
6.299,0.02314447378245325,6.26,6.33,0.07000000000000028,6.3,-0.000860956618465102,0.0,0.0,1
6.342333333333333,0.028481963103378635,6.28,6.38,0.09999999999999964,6.35,0.00218687430478294,0.0,0.0,1
6.3563333333333345,0.0330134652662955,6.29,6.4,0.11000000000000032,6.37,0.0002780867630700049,0.0,0.0,1
6.411,0.09669022701390259,6.1,6.51,0.41000000000000014,6.44,0.006048943270300123,0.0,0.0,1
6.521333333333333,0.08281438415047361,6.37,6.7,0.33000000000000007,6.5,0.004921023359287911,0.0,0.0,1
6.848,0.07525069213413704,6.69,6.93,0.23999999999999932,6.87,0.007208008898776295,0.0,0.0,1
6.396333333333332,0.1655190489205263,6.28,6.9,0.6200000000000001,6.33,-0.014338153503893397,0.0,0.0,1
6.269333333333334,0.021281186266016553,6.22,6.33,0.11000000000000032,6.27,-0.0010055617352615522,0.0,0.0,1
6.270666666666667,0.06971051251823895,6.12,6.47,0.34999999999999964,6.26,-0.0024605116796442244,0.0,0.0,1
6.284333333333334,0.03675897471668964,6.22,6.35,0.1299999999999999,6.285,0.001283648498331442,0.0,0.0,1
6.3,0.04575295983139595,6.17,6.38,0.20999999999999996,6.3,-0.00047163515016691084,0.0,0.0,1
6.241666666666665,0.0425114363697843,6.17,6.31,0.13999999999999968,6.24,-0.0016840934371524902,0.0,0.0,1
6.293000000000001,0.05386093203798092,6.17,6.38,0.20999999999999996,6.28,-0.0010789766407120246,0.0,0.0,1
6.252333333333334,0.051683868104295455,6.17,6.37,0.20000000000000018,6.24,0.0018576195773080228,0.0,0.0,1
6.242666666666666,0.049928838248940705,6.17,6.33,0.16000000000000014,6.25,-0.0014727474972193201,0.0,0.0,1
6.210333333333334,0.03459126415087416,6.17,6.28,0.11000000000000032,6.21,-0.00016240266963302144,0.0,0.0,1
6.162333333333334,0.03980647630167177,6.1,6.28,0.1800000000000006,6.15,0.00043381535038919687,0.0,0.0,1
6.235666666666668,0.06463659094420811,6.13,6.38,0.25,6.23,0.002507230255839571,0.0,0.0,1
6.386333333333331,0.05023168544078758,6.29,6.48,0.1900000000000004,6.390000000000001,0.003196885428253558,0.0,0.0,1
6.493666666666666,0.17100649760234907,6.17,6.79,0.6200000000000001,6.5,0.018204671857619415,0.0,0.0,1
6.5846666666666644,0.14516044762798,6.37,6.83,0.45999999999999996,6.535,-0.012934371523915598,0.0,0.0,1
6.387666666666665,0.05846271366340169,6.28,6.48,0.20000000000000018,6.390000000000001,0.0028987764182423718,0.0,0.0,1
6.502666666666667,0.060878750169679106,6.4,6.62,0.21999999999999975,6.51,0.0041334816462734346,0.0,0.0,1
6.374666666666666,0.07292614224146393,6.21,6.51,0.2999999999999998,6.38,-0.00026251390433819707,0.0,0.0,1
6.525,0.08200609733428353,6.38,6.77,0.3899999999999997,6.49,0.003512791991101008,0.0,0.0,1
6.524333333333332,0.15715561997233476,6.26,6.7,0.4400000000000004,6.585,-0.013586206896552025,0.0,0.0,1
6.260333333333332,0.07503258551382115,6.13,6.38,0.25,6.28,-0.00668520578420478,0.0,0.0,1
6.346000000000002,0.23184190015324382,6.07,6.77,0.6999999999999993,6.27,0.02348387096774171,0.0,0.0,1
6.251666666666666,0.1928226012571024,6.1,6.77,0.6699999999999999,6.17,-0.01530812013348173,0.0,0.0,1
6.141666666666667,0.03661359795971377,6.03,6.21,0.17999999999999972,6.15,-0.0014126807563960841,0.0,0.0,1
6.203333333333334,0.08669230390037838,6.05,6.37,0.3200000000000003,6.23,0.005908787541712892,0.0,0.0,1
6.228,0.05479659356809204,6.12,6.31,0.1899999999999995,6.24,-0.00393770856507238,0.0,0.0,1
6.353666666666667,0.1343498749120701,6.13,6.61,0.4800000000000004,6.32,0.014747497219132193,0.0,0.0,1
6.686666666666668,0.06659996663329158,6.54,6.78,0.2400000000000002,6.7,-0.0028654060066742233,0.0,0.0,1
6.789333333333334,0.05303667494186342,6.67,6.86,0.1900000000000004,6.8,0.0029499443826472454,0.0,0.0,1
6.728333333333335,0.13117630206032735,6.42,6.94,0.5200000000000005,6.74,0.00697441601779745,0.0,0.0,1
6.749,0.09424613166243655,6.51,6.86,0.35000000000000053,6.775,-0.00224026696329273,0.0,0.0,1
6.745666666666667,0.18391453329075322,6.38,6.91,0.5300000000000002,6.86,-0.01700778642936599,0.0,0.0,1
6.578666666666667,0.09762968583149058,6.33,6.74,0.41000000000000014,6.585,0.008618464961067732,0.0,0.0,1
6.6146666666666665,0.0903966567720043,6.33,6.75,0.41999999999999993,6.62,0.006242491657396875,0.0,0.0,1
6.598999999999999,0.08848163651289466,6.35,6.74,0.39000000000000057,6.62,-0.007837597330367353,0.0,0.0,1
6.497333333333334,0.053224889749898814,6.38,6.61,0.23000000000000043,6.49,0.0043337041156839015,0.0,0.0,1
6.524999999999998,0.11777803983199359,6.26,6.7,0.4400000000000004,6.535,-0.00411345939933283,0.0,0.0,1
6.772000000000001,0.0550999092558236,6.67,6.85,0.17999999999999972,6.79,0.0055706340378196125,0.0,0.0,1
6.853,0.03110734104141122,6.78,6.93,0.14999999999999947,6.85,0.00030478309232466976,0.0,0.0,1
6.646333333333333,0.10387438995675932,6.38,6.86,0.4800000000000004,6.64,0.0013726362625137989,0.0,0.0,1
6.6209999999999996,0.13176620709929135,6.22,6.77,0.5499999999999998,6.67,0.005644048943270085,0.0,0.0,1
6.689000000000002,0.10428646444609509,6.48,6.9,0.41999999999999993,6.68,0.005314794215795207,0.0,0.0,1
6.5103333333333335,0.18898824184471258,6.17,6.86,0.6900000000000004,6.475,-0.014947719688542967,0.0,0.0,1
5.987333333333334,0.2757647951102937,5.64,6.62,0.9800000000000004,5.87,-0.0041646273637376266,0.0,0.6,1
6.770333333333334,0.08692845078313294,6.62,6.94,0.3200000000000003,6.755,0.005968854282536051,0.0,0.0,1
6.745666666666666,0.2230348752001704,6.22,6.95,0.7300000000000004,6.87,-0.015806451612903345,0.0,0.0,1
6.645666666666668,0.14602929690837904,6.21,6.85,0.6399999999999997,6.64,0.004482758620689648,0.0,0.0,1
6.856333333333334,0.04586090080037922,6.74,6.93,0.1899999999999995,6.86,-0.003566184649610837,0.0,0.0,1
6.468333333333335,0.17088170047010756,6.29,6.93,0.6399999999999997,6.44,-0.013212458286985565,0.0,0.0,1
6.530333333333332,0.07129671957546313,6.35,6.65,0.3000000000000007,6.53,0.003664071190211249,0.0,0.0,1
6.6206666666666685,0.05111642484455351,6.53,6.72,0.1899999999999995,6.62,-0.0019399332591768577,0.0,0.0,1
6.5726666666666675,0.04781445620544291,6.47,6.65,0.1800000000000006,6.58,-0.0005695216907676687,0.0,0.0,1
6.445999999999999,0.1125936647122445,6.24,6.64,0.39999999999999947,6.45,-0.005784204671857892,0.0,0.0,1
6.470333333333333,0.039283867200445265,6.38,6.56,0.17999999999999972,6.475,0.0014260289210233205,0.0,0.0,1
6.456333333333333,0.036649996210398425,6.38,6.54,0.16000000000000014,6.45,-0.0019644048943271816,0.0,0.0,1
6.448666666666666,0.04514667454223201,6.38,6.56,0.17999999999999972,6.45,-0.0006362625139044653,0.0,0.0,1
6.364000000000001,0.07342115952957065,6.28,6.56,0.27999999999999936,6.37,-0.004302558398220247,0.0,0.0,1
6.299999999999999,0.07611394966320792,6.17,6.48,0.3100000000000005,6.31,-0.0017263626251393085,0.0,0.0,1
6.376333333333334,0.08852432183053174,6.17,6.58,0.41000000000000014,6.375,0.004300333704115522,0.0,0.0,1
6.285,0.039812058474788754,6.21,6.38,0.16999999999999993,6.285,-0.0017997775305896655,0.0,0.0,1
6.282666666666667,0.015040685563571346,6.26,6.33,0.07000000000000028,6.28,8.453837597321419e-05,0.0,0.0,1
6.392333333333334,0.0785571271255653,6.12,6.54,0.41999999999999993,6.4,-0.002983314794215855,0.0,0.0,1
6.414666666666667,0.06152145064031649,6.31,6.53,0.22000000000000064,6.41,0.003426028921023299,0.0,0.0,1
6.439666666666666,0.06348140585154746,6.33,6.59,0.2599999999999998,6.43,0.0048031145717462405,0.0,0.0,1
6.466666666666667,0.06749485577105527,6.29,6.67,0.3799999999999999,6.47,0.0021802002224692255,0.0,0.0,1
6.481666666666666,0.060004629451031105,6.37,6.61,0.2400000000000002,6.475,-0.00023804226918818045,0.0,0.0,1
6.494000000000001,0.13435276947896038,6.37,6.78,0.41000000000000014,6.42,0.01181312569521668,0.0,0.0,1
6.443333333333332,0.03112698007980993,6.4,6.54,0.13999999999999968,6.44,-0.0017842046718578193,0.0,0.0,1
6.422666666666666,0.052910826449371944,6.35,6.56,0.20999999999999996,6.42,0.0015795328142379796,0.0,0.0,1
6.492666666666666,0.06662998991111703,6.35,6.65,0.3000000000000007,6.49,0.00029365962180173585,0.0,0.0,1
6.358999999999999,0.057000000000000085,6.29,6.49,0.20000000000000018,6.33,0.00413570634037816,0.0,0.0,1
6.487666666666667,0.04930742562963729,6.4,6.61,0.20999999999999996,6.48,0.0031123470522801903,0.0,0.0,1
6.688666666666665,0.17136186532857564,6.42,6.97,0.5499999999999998,6.66,0.010700778642936544,0.0,0.0,1
6.939333333333333,0.03846499129800436,6.83,7.01,0.17999999999999972,6.94,0.0022113459399332636,0.06666666666666667,0.0,1
6.766333333333334,0.26448041305338454,6.33,7.01,0.6799999999999997,6.95,-0.027081201334816587,0.03333333333333333,0.0,1
6.295000000000001,0.034904631975331474,6.24,6.38,0.13999999999999968,6.29,0.00030478309232470814,0.0,0.0,1
6.19,0.026583202716502472,6.15,6.26,0.10999999999999943,6.19,-0.0009521690767520689,0.0,0.0,1
6.188,0.01814754345175493,6.15,6.21,0.05999999999999961,6.19,5.784204671851093e-05,0.0,0.0,1
6.19,0.018073922282301303,6.17,6.24,0.07000000000000028,6.19,0.0009788654060064648,0.0,0.0,1
6.286,0.10775280352114586,6.15,6.48,0.33000000000000007,6.24,0.010233592880978738,0.0,0.0,1
6.519333333333333,0.0891041837152193,6.35,6.72,0.3700000000000001,6.53,-0.005116796440489657,0.0,0.0,1
6.457333333333334,0.11871347391466938,6.22,6.67,0.4500000000000002,6.45,-0.006914349276974559,0.0,0.0,1
6.336666666666668,0.053187300071435246,6.21,6.45,0.2400000000000002,6.33,-0.0023982202447164935,0.0,0.0,1
6.409000000000001,0.09148223871331536,6.21,6.53,0.3200000000000003,6.44,-0.005328142380422942,0.0,0.0,1
6.448333333333334,0.11616319937436688,6.19,6.69,0.5,6.48,0.007334816462736174,0.0,0.0,1
6.883,0.12157713600837947,6.59,7.04,0.4500000000000002,6.92,0.00982202447163491,0.2,0.0,1
6.860666666666666,0.160269217949743,6.38,7.04,0.6600000000000001,6.92,-0.014740823136818902,0.1,0.0,1
6.412,0.14225329521666633,6.12,6.69,0.5700000000000003,6.42,-0.010620689655172435,0.0,0.0,1
6.725333333333333,0.15658295635931202,6.48,6.94,0.45999999999999996,6.74,0.017775305895439283,0.0,0.0,1
6.919999999999999,0.04187282332651261,6.81,6.99,0.1800000000000006,6.93,-0.003296996662958964,0.0,0.0,1
6.914000000000001,0.025638512697372526,6.86,6.99,0.1299999999999999,6.91,0.002367074527252302,0.0,0.0,1
6.9273333333333325,0.018061622912192037,6.91,6.97,0.05999999999999961,6.93,5.784204671847252e-05,0.0,0.0,1
6.7156666666666665,0.028598756771735487,6.64,6.75,0.11000000000000032,6.72,0.0011234705228029534,0.0,0.0,1
6.766666666666667,0.05411920998027301,6.61,6.86,0.25,6.78,-0.0019265850945496981,0.0,0.0,1
6.679000000000001,0.08707659463560413,6.44,6.81,0.3699999999999992,6.69,-0.003508342602892172,0.0,0.0,1
6.547666666666667,0.03323485452887607,6.49,6.62,0.1299999999999999,6.54,0.0008253615127918827,0.0,0.0,1
6.611333333333334,0.03844765561412339,6.54,6.69,0.15000000000000036,6.61,0.001895439377085468,0.0,0.0,1
6.588666666666667,0.07329089681232981,6.47,6.7,0.23000000000000043,6.59,-0.006745272525027977,0.0,0.0,1
6.506666666666665,0.03329998331664567,6.44,6.56,0.11999999999999922,6.51,-0.00202892102335933,0.0,0.0,1
6.609333333333335,0.11595784674709264,6.4,6.77,0.3699999999999992,6.67,0.01111902113459378,0.0,0.0,1
6.764333333333335,0.044548350761341914,6.67,6.86,0.1900000000000004,6.77,0.002694104560622724,0.0,0.0,1
6.783,0.14357692479410927,6.45,6.93,0.47999999999999954,6.85,-0.011717463848721068,0.0,0.0,1
6.502999999999999,0.0362537354397216,6.44,6.59,0.14999999999999947,6.5,0.0017107897664070397,0.0,0.0,1
6.612666666666668,0.038116779623794145,6.51,6.67,0.16000000000000014,6.62,0.0024382647385983182,0.0,0.0,1
6.495333333333333,0.11523116862299988,6.35,6.7,0.35000000000000053,6.45,-0.008315906562847747,0.0,0.0,1
6.569333333333334,0.059494164046194904,6.48,6.75,0.2699999999999996,6.57,-0.0013170189099000514,0.0,0.0,1
6.272666666666665,0.11138322235517444,6.17,6.58,0.41000000000000014,6.25,-0.008756395995550812,0.0,0.0,1
6.142666666666667,0.02851120637379084,6.1,6.24,0.14000000000000057,6.13,-0.0014816462736374906,0.0,0.0,1
6.128666666666666,0.020933757957476845,6.08,6.17,0.08999999999999986,6.13,-0.000689655172413987,0.0,0.0,1
6.441,0.23357154507059863,6.02,6.74,0.7200000000000006,6.5,0.02517686318131239,0.0,0.0,1
6.785333333333335,0.09506956517320464,6.61,6.93,0.3199999999999994,6.795,-0.005570634037819843,0.0,0.0,1
6.648666666666667,0.05432822061834491,6.47,6.77,0.2999999999999998,6.64,-0.0003248053392660429,0.0,0.0,1
6.520333333333332,0.16077900636864537,6.26,6.74,0.4800000000000004,6.575,-0.016500556173526283,0.0,0.0,1
6.286333333333332,0.04956365155590892,6.17,6.37,0.20000000000000018,6.29,-0.0038820912124584404,0.0,0.0,1
6.1786666666666665,0.04558752265941004,6.08,6.33,0.25,6.17,-0.0006896551724139486,0.0,0.0,1
6.242666666666666,0.11952498576541314,5.97,6.56,0.5899999999999999,6.22,0.0017219132369298584,0.0,0.03333333333333333,1
6.543,0.06429878174066224,6.42,6.64,0.21999999999999975,6.54,0.004420467185761994,0.0,0.0,1
6.463666666666667,0.10058108945301573,6.28,6.69,0.41000000000000014,6.46,-0.00810901001112349,0.0,0.0,1
6.525333333333334,0.048286183899284726,6.33,6.58,0.25,6.535,-0.0030300333704115856,0.0,0.0,1
6.525666666666668,0.08122739001647711,6.33,6.67,0.33999999999999986,6.535,0.0072858731924360255,0.0,0.0,1
6.5233333333333325,0.06714826050530927,6.37,6.62,0.25,6.54,-0.003239154616240376,0.0,0.0,1
6.528333333333335,0.048859208162046745,6.42,6.61,0.1900000000000004,6.54,0.0026051167964403674,0.0,0.0,1
6.509,0.04894554797595646,6.42,6.59,0.16999999999999993,6.53,-0.00037152391546177357,0.0,0.0,1
6.548000000000001,0.04377213725647866,6.47,6.61,0.14000000000000057,6.56,-0.0014238042269189028,0.0,0.0,1
6.526999999999999,0.053674947601278535,6.4,6.62,0.21999999999999975,6.54,-0.002987764182424998,0.0,0.0,1
6.4946666666666655,0.028370563774604257,6.45,6.54,0.08999999999999986,6.49,-0.00023136818687446623,0.0,0.0,1
6.561000000000001,0.061932759236664664,6.42,6.69,0.27000000000000046,6.56,0.0045717463848719666,0.0,0.0,1
6.502666666666666,0.051181593913784545,6.4,6.62,0.21999999999999975,6.49,-0.00028921023359301557,0.0,0.0,1
6.578,0.04962526238385711,6.48,6.67,0.1899999999999995,6.59,0.0036084538375971177,0.0,0.0,1
6.577,0.04583666654546345,6.47,6.65,0.1800000000000006,6.59,-0.003139043381535239,0.0,0.0,1
6.56,0.03759432581299111,6.48,6.62,0.13999999999999968,6.56,-0.0022736373748611094,0.0,0.0,1
6.5806666666666676,0.034052247437659076,6.53,6.65,0.1200000000000001,6.58,0.002745272525027713,0.0,0.0,1
6.551333333333333,0.0387068756453194,6.48,6.64,0.15999999999999925,6.55,-0.002046718576195901,0.0,0.0,1
6.544999999999999,0.029860788111948165,6.49,6.61,0.1200000000000001,6.54,-0.0005094549499444711,0.0,0.0,1
6.569666666666667,0.030494079571105108,6.49,6.64,0.14999999999999947,6.58,0.0013948832035594362,0.0,0.0,1
6.552000000000001,0.03496665077851561,6.49,6.61,0.1200000000000001,6.55,-0.00037374860956626815,0.0,0.0,1
6.567666666666667,0.033134406421254786,6.51,6.64,0.1299999999999999,6.57,0.0014349276974414142,0.0,0.0,1
6.589333333333334,0.027560035478126025,6.54,6.64,0.09999999999999964,6.595000000000001,0.00034705228031133446,0.0,0.0,1
6.550333333333334,0.029266970385667793,6.49,6.61,0.1200000000000001,6.56,-0.002235817575083626,0.0,0.0,1
6.5329999999999995,0.02635020556529544,6.47,6.58,0.11000000000000032,6.54,0.0012703003337040135,0.0,0.0,1
6.549666666666667,0.020893911925619655,6.51,6.59,0.08000000000000007,6.54,0.00039822024471632323,0.0,0.0,1
6.5566666666666675,0.025342103744997575,6.51,6.59,0.08000000000000007,6.56,-0.0004938820912125865,0.0,0.0,1
6.542333333333334,0.02848196310337857,6.49,6.58,0.08999999999999986,6.54,0.00044716351501658693,0.0,0.0,1
6.553333333333333,0.024944382578492907,6.51,6.59,0.08000000000000007,6.56,0.0001690767519465052,0.0,0.0,1
6.541,0.026876259660401556,6.49,6.59,0.09999999999999964,6.53,-0.00031813125695232864,0.0,0.0,1
6.534000000000002,0.03241398874971518,6.48,6.61,0.1299999999999999,6.53,0.0019844271412678633,0.0,0.0,1
6.543999999999999,0.0230362033908946,6.51,6.59,0.08000000000000007,6.54,-0.001245828698554112,0.0,0.0,1
6.544666666666667,0.04364503280888778,6.48,6.69,0.20999999999999996,6.53,0.003203559510567195,0.0,0.0,1
6.531999999999999,0.024684678108764672,6.48,6.58,0.09999999999999964,6.535,-0.0010100111234708103,0.0,0.0,1
6.517,0.02238302928559932,6.48,6.56,0.07999999999999918,6.53,-0.0009632925472748874,0.0,0.0,1
6.514666666666666,0.022171052197754473,6.48,6.58,0.09999999999999964,6.51,-0.0005161290322582622,0.0,0.0,1
6.499333333333333,0.021592179654268875,6.47,6.54,0.07000000000000028,6.49,-0.0006540600667410366,0.0,0.0,1
6.493999999999999,0.01872609587358413,6.47,6.53,0.0600000000000005,6.49,8.453837597317578e-05,0.0,0.0,1
6.486,0.015620499351813278,6.45,6.53,0.08000000000000007,6.48,-4.894327030045576e-05,0.0,0.0,1
6.480666666666666,0.015902480589168724,6.45,6.51,0.05999999999999961,6.48,-0.00047163515016702604,0.0,0.0,1
6.474333333333333,0.018740923729160724,6.44,6.51,0.0699999999999994,6.47,-0.0012258064516130077,0.0,0.0,1
6.468333333333332,0.01694763175851492,6.42,6.49,0.07000000000000028,6.47,-0.0005850945494995534,0.0,0.0,1
6.4609999999999985,0.02038790491116393,6.4,6.51,0.10999999999999943,6.47,-0.000295884315906653,0.0,0.0,1
6.444333333333332,0.01626516386500772,6.42,6.47,0.04999999999999982,6.44,-0.0010522803114572446,0.0,0.0,1
6.442333333333333,0.021553550880436166,6.4,6.48,0.08000000000000007,6.44,0.000740823136818438,0.0,0.0,1
6.432666666666664,0.017307673314329586,6.4,6.45,0.04999999999999982,6.44,0.0006540600667406908,0.0,0.0,1
6.438999999999998,0.021501937897160154,6.4,6.48,0.08000000000000007,6.44,-0.0005228031145718996,0.0,0.0,1
6.425999999999999,0.024303634844744227,6.38,6.47,0.08999999999999986,6.42,0.0006362625139041964,0.0,0.0,1
6.422666666666666,0.021123972690339967,6.38,6.44,0.0600000000000005,6.43,0.0005606229143491526,0.0,0.0,1
6.420666666666664,0.01913693345920975,6.38,6.47,0.08999999999999986,6.42,4.894327030014848e-05,0.0,0.0,1
6.421333333333334,0.021406125810669786,6.38,6.47,0.08999999999999986,6.42,-0.000734149054505031,0.0,0.0,1
6.392,0.020720360357226807,6.35,6.44,0.09000000000000075,6.4,-0.0009432703003338984,0.0,0.0,1
6.39,0.01843908891458583,6.35,6.42,0.07000000000000028,6.38,-0.0003870967741936582,0.0,0.0,1
6.375666666666666,0.012023125864581069,6.35,6.4,0.05000000000000071,6.38,-0.00035372636262520233,0.0,0.0,1
6.377666666666666,0.014302291968616713,6.35,6.42,0.07000000000000028,6.38,0.0005761957730809988,0.0,0.0,1
6.373333333333333,0.01598610507770912,6.33,6.42,0.08999999999999986,6.37,-0.00036484983314809776,0.0,0.0,1
6.361333333333335,0.01707499796648767,6.33,6.4,0.07000000000000028,6.37,-0.0012413793103449693,0.0,0.0,1
6.323000000000001,0.02115813476341117,6.29,6.38,0.08999999999999986,6.33,-0.0011501668520579255,0.0,0.0,1
6.320333333333334,0.019058389811897107,6.28,6.37,0.08999999999999986,6.33,0.00016240266963282938,0.0,0.0,1
6.323666666666667,0.017220788470785973,6.28,6.35,0.0699999999999994,6.33,0.0010567296996662721,0.0,0.0,1
6.328000000000001,0.016613247725836167,6.29,6.37,0.08000000000000007,6.33,-0.000938820912124602,0.0,0.0,1
6.317000000000002,0.016563010998406492,6.28,6.35,0.0699999999999994,6.32,0.0007586206896551629,0.0,0.0,1
6.331333333333334,0.01257864150940883,6.31,6.37,0.0600000000000005,6.33,0.00010678531701885145,0.0,0.0,1
6.327000000000002,0.022531459488161543,6.28,6.38,0.09999999999999964,6.33,-0.000549499443826526,0.0,0.0,1
6.314000000000002,0.014966629547095827,6.29,6.33,0.040000000000000036,6.31,0.000596218020022103,0.0,0.0,1
6.313666666666667,0.019232495649002205,6.28,6.33,0.04999999999999982,6.33,0.0001713014460510382,0.0,0.0,1
6.322000000000002,0.016000000000000104,6.29,6.37,0.08000000000000007,6.33,0.0002847608453836039,0.0,0.0,1
6.315333333333333,0.012578641509408916,6.29,6.33,0.040000000000000036,6.31,-0.0003025583982203288,0.0,0.0,1
6.297999999999999,0.01973153144926498,6.26,6.33,0.07000000000000028,6.29,-0.0006852057842046906,0.0,0.0,1
6.286666666666666,0.022261077142751932,6.24,6.33,0.08999999999999986,6.28,-0.0004137931034483999,0.0,0.0,1
6.281,0.018502252115170544,6.24,6.33,0.08999999999999986,6.28,-0.0005094549499445096,0.0,0.0,1
6.297333333333333,0.02379542439676627,6.24,6.33,0.08999999999999986,6.29,0.0010233592880978162,0.0,0.0,1
6.304333333333332,0.01977933826552901,6.26,6.35,0.08999999999999986,6.31,0.0001713014460510382,0.0,0.0,1
6.299,0.01757839583124681,6.28,6.35,0.0699999999999994,6.29,-7.786429365976884e-05,0.0,0.0,1
6.315333333333334,0.02974708202309735,6.28,6.37,0.08999999999999986,6.31,0.0009432703003335528,0.0,0.0,1
6.3069999999999995,0.02340227909129073,6.24,6.35,0.10999999999999943,6.31,-0.0007675194660735638,0.0,0.0,1
6.297666666666667,0.02216353361317237,6.26,6.33,0.07000000000000028,6.29,0.0006829810900999655,0.0,0.0,1
6.300333333333333,0.025361826082169622,6.26,6.37,0.11000000000000032,6.29,0.0005717463848718944,0.0,0.0,1
6.31,0.02309401076758499,6.26,6.35,0.08999999999999986,6.31,-0.0005739710789767347,0.0,0.0,1
6.293666666666667,0.024424486802296468,6.24,6.33,0.08999999999999986,6.29,-0.0010255839822026565,0.0,0.0,1
6.309,0.01757839583124689,6.28,6.33,0.04999999999999982,6.31,0.0007853170189097126,0.0,0.0,1
6.299,0.024131583730317655,6.24,6.33,0.08999999999999986,6.3,-1.1123470523010686e-05,0.0,0.0,1
6.318000000000001,0.024276188608044095,6.28,6.37,0.08999999999999986,6.33,0.0003870967741933893,0.0,0.0,1
6.315000000000001,0.025527762664727744,6.26,6.37,0.11000000000000032,6.33,-0.0004560622914350262,0.0,0.0,1
6.303333333333334,0.02760837232113149,6.24,6.35,0.10999999999999943,6.31,0.0007519466073413334,0.0,0.0,1
6.307999999999999,0.019899748742132364,6.28,6.33,0.04999999999999982,6.31,-0.0003381535038933945,0.0,0.0,1
6.309,0.02808914381037616,6.26,6.37,0.11000000000000032,6.31,0.0010211345939932447,0.0,0.0,1
6.293333333333333,0.025733678754158374,6.24,6.33,0.08999999999999986,6.29,-0.00046718576195799844,0.0,0.0,1
6.280333333333332,0.019405039437103772,6.24,6.31,0.0699999999999994,6.28,2.8921023359121027e-05,0.0,0.0,1
6.289,0.02180978373727402,6.24,6.33,0.08999999999999986,6.29,0.0005628476084536855,0.0,0.0,1
6.291333333333333,0.020773915267843845,6.26,6.33,0.07000000000000028,6.29,0.0006585094549499105,0.0,0.0,1
6.320333333333334,0.02105284356618416,6.28,6.37,0.08999999999999986,6.33,-1.557285873207668e-05,0.0,0.0,1
6.339000000000001,0.021962088546705477,6.28,6.37,0.08999999999999986,6.33,6.896551724129115e-05,0.0,0.0,1
6.3323333333333345,0.028598756771735456,6.28,6.38,0.09999999999999964,6.33,-0.00042936596218036134,0.0,0.0,1
6.330333333333335,0.022580719405919936,6.29,6.38,0.08999999999999986,6.33,-0.0008075639599556571,0.0,0.0,1
6.332000000000002,0.011944315244779244,6.31,6.35,0.040000000000000036,6.33,0.00037819799777521893,0.0,0.0,1
6.342666666666668,0.020805982045769625,6.29,6.38,0.08999999999999986,6.33,-0.00022246941045633425,0.0,0.0,1
6.322000000000002,0.025482019804821794,6.24,6.37,0.1299999999999999,6.33,-0.0006896551724139486,0.0,0.0,1
6.310333333333335,0.02287405128573031,6.24,6.33,0.08999999999999986,6.31,0.0005539488320353616,0.0,0.0,1
6.310000000000001,0.023094010767584997,6.24,6.35,0.10999999999999943,6.31,0.0003648498331478289,0.0,0.0,1
6.278999999999999,0.029478805945967308,6.22,6.35,0.1299999999999999,6.28,-0.0005984427141268665,0.0,0.0,1
6.305666666666666,0.01943936441576439,6.26,6.35,0.08999999999999986,6.31,-0.0006696329254728444,0.0,0.0,1
6.293666666666667,0.02301931556082598,6.24,6.33,0.08999999999999986,6.29,4.226918798647266e-05,0.0,0.0,1
6.285333333333333,0.024594488994262247,6.24,6.33,0.08999999999999986,6.29,-0.0005072302558399765,0.0,0.0,1
6.281666666666666,0.024506235034283706,6.22,6.33,0.11000000000000032,6.28,-0.0007630700778643826,0.0,0.0,1
6.281000000000001,0.019891371663780927,6.24,6.33,0.08999999999999986,6.28,-0.00028698553948844417,0.0,0.0,1
6.251,0.02150193789716022,6.21,6.29,0.08000000000000007,6.24,1.557285873180781e-05,0.0,0.0,1
6.261333333333334,0.02276449477195193,6.22,6.29,0.07000000000000028,6.26,0.0016996662958841827,0.0,0.0,1
6.262666666666666,0.025157283018817676,6.21,6.29,0.08000000000000007,6.27,-0.001592880978865408,0.0,0.0,1
6.253666666666667,0.02926697038566779,6.21,6.31,0.09999999999999964,6.26,-0.0007141268075641189,0.0,0.0,1
6.2283333333333335,0.023392781412696947,6.19,6.28,0.08999999999999986,6.22,0.0004160177975527024,0.0,0.0,1
6.223,0.02193171219946135,6.17,6.28,0.11000000000000032,6.215,-0.0010077864293662005,0.0,0.0,1
6.205666666666667,0.024587711474546588,6.17,6.26,0.08999999999999986,6.21,-8.676307007809289e-05,0.0,0.0,1
6.222,0.027495454169734992,6.19,6.28,0.08999999999999986,6.21,0.00035150166852040044,0.0,0.0,1
6.253333333333334,0.03780064667289289,6.17,6.35,0.17999999999999972,6.26,0.00025806451612901584,0.0,0.0,1
6.210333333333335,0.030820267501903476,6.17,6.29,0.1200000000000001,6.21,-0.001630700778643122,0.0,0.0,1
6.218333333333333,0.028761471141480546,6.17,6.29,0.1200000000000001,6.22,-0.002004449388209275,0.0,0.0,1
6.1823333333333315,0.027041120949809355,6.12,6.26,0.13999999999999968,6.17,0.0006918798665182127,0.0,0.0,1
6.211,0.024677925358506037,6.17,6.26,0.08999999999999986,6.21,2.0022246940912213e-05,0.0,0.0,1
6.206333333333333,0.034974593953643204,6.12,6.26,0.13999999999999968,6.21,-0.002947719688542866,0.0,0.0,1
6.167999999999998,0.023579652245103125,6.12,6.22,0.09999999999999964,6.17,0.0011835372636260742,0.0,0.0,1
6.21,0.02840187787218765,6.17,6.28,0.11000000000000032,6.21,0.0015617352614014468,0.0,0.0,1
6.196666666666667,0.021499353995462746,6.17,6.26,0.08999999999999986,6.19,0.00036929922135685647,0.0,0.0,1
6.211666666666667,0.025959369963249972,6.17,6.26,0.08999999999999986,6.21,-0.00027363737486101573,0.0,0.0,1
6.209,0.029022979401386984,6.17,6.28,0.11000000000000032,6.21,-0.0004293659621803998,0.0,0.0,1
6.180666666666667,0.02976948474902147,6.1,6.26,0.16000000000000014,6.17,0.0009032258064514594,0.0,0.0,1
6.195333333333333,0.020450482200237246,6.17,6.24,0.07000000000000028,6.19,-0.0008542825361514263,0.0,0.0,1
6.195999999999998,0.03083288287959245,6.17,6.29,0.1200000000000001,6.19,-7.563959955515902e-05,0.0,0.0,1
6.195999999999999,0.026907248094147383,6.15,6.26,0.10999999999999943,6.19,-0.0005561735261402403,0.0,0.0,1
6.197,0.028536526301099256,6.15,6.26,0.10999999999999943,6.2,0.00021134593993320832,0.0,0.0,1
6.194666666666665,0.022764494771951842,6.17,6.24,0.07000000000000028,6.19,-0.0012280311457176943,0.0,0.0,1
6.181666666666666,0.02353484414413842,6.15,6.24,0.08999999999999986,6.17,-0.0010656284760846345,0.0,0.0,1
6.1773333333333325,0.01824524291120539,6.13,6.21,0.08000000000000007,6.17,-0.00020022246941065857,0.0,0.0,1
6.175666666666666,0.018562207723101107,6.15,6.22,0.0699999999999994,6.17,0.0010611790878752997,0.0,0.0,1
6.180666666666665,0.02096558025802179,6.15,6.22,0.0699999999999994,6.17,-0.00032035595105678484,0.0,0.0,1
6.189333333333335,0.03530187278632998,6.13,6.28,0.15000000000000036,6.19,0.0009299221357063163,0.0,0.0,1
6.1819999999999995,0.05491812087098394,6.1,6.29,0.1900000000000004,6.17,-0.0026251390433817017,0.0,0.0,1
6.168333333333332,0.02745703714694811,6.12,6.22,0.09999999999999964,6.17,0.000718576195772916,0.0,0.0,1
6.160666666666667,0.023084386257574346,6.12,6.22,0.09999999999999964,6.15,8.898776418131993e-06,0.0,0.0,1
6.161,0.015989579940281905,6.12,6.19,0.07000000000000028,6.17,-4.226918798670312e-05,0.0,0.0,1
6.150999999999998,0.021962088546705526,6.12,6.19,0.07000000000000028,6.15,-0.0001535038932147742,0.0,0.0,1
6.132333333333333,0.02347812220392052,6.08,6.17,0.08999999999999986,6.13,-0.0002602892102337793,0.0,0.0,1
6.122333333333334,0.0220126226414655,6.08,6.17,0.08999999999999986,6.12,-0.0012213570634038266,0.0,0.0,1
6.111333333333333,0.023907228102721494,6.07,6.15,0.08000000000000007,6.12,-0.0012324805339266837,0.0,0.0,1
6.088333333333335,0.025044405008349084,6.05,6.13,0.08000000000000007,6.08,-0.000304783092324977,0.0,0.0,1
6.069,0.03091385881229752,6.01,6.12,0.11000000000000032,6.08,-0.0016307007786430067,0.0,0.0,1
6.064000000000001,0.024166091947189113,6.01,6.1,0.08999999999999986,6.07,8.453837597317578e-05,0.0,0.0,1
6.041666666666669,0.017904065335994358,6.01,6.08,0.07000000000000028,6.03,-0.0002113459399334388,0.0,0.0,1
6.041666666666669,0.020507451220362762,6.01,6.08,0.07000000000000028,6.03,0.00040711902113433994,0.0,0.0,1
6.035333333333335,0.02171532996653654,5.99,6.08,0.08999999999999986,6.03,-0.00045383759733057,0.0,0.03333333333333333,1
6.025999999999999,0.02091251618847759,5.97,6.07,0.10000000000000053,6.02,-0.0005962180200224872,0.0,0.06666666666666667,1
6.017333333333331,0.015040685563571278,5.99,6.05,0.05999999999999961,6.015,-0.0007786429365963056,0.0,0.1,1
5.991666666666665,0.027698776547389604,5.92,6.03,0.11000000000000032,6.01,-0.0017463848720801055,0.0,0.4666666666666667,1
5.9703333333333335,0.02613851989348704,5.92,6.01,0.08999999999999986,5.97,0.0004961067853168891,0.0,0.8333333333333334,1
5.970666666666667,0.021592179654268795,5.92,6.01,0.08999999999999986,5.97,-0.0014905450500556994,0.0,0.8666666666666667,1
5.935666666666666,0.019947152400502863,5.91,5.97,0.05999999999999961,5.94,-0.00018909899888787835,0.0,1.0,1
5.946333333333333,0.024695928589321844,5.91,6.01,0.09999999999999964,5.94,0.00019354838709659866,0.0,0.9666666666666667,1
5.939666666666667,0.022283526551144316,5.89,5.97,0.08000000000000007,5.94,0.00019799777530577989,0.0,1.0,1
5.937333333333333,0.01931033114394696,5.91,5.96,0.04999999999999982,5.94,0.0002180200222467689,0.0,1.0,1
5.922666666666665,0.022050447211388376,5.88,5.97,0.08999999999999986,5.92,-0.0010055617352615139,0.0,1.0,1
5.923666666666665,0.028691849404007156,5.88,6.01,0.1299999999999999,5.92,-0.00026473859844292216,0.0,0.9666666666666667,1
5.914333333333332,0.02512413624828182,5.88,5.96,0.08000000000000007,5.91,2.447163515001662e-05,0.0,1.0,1
5.902999999999998,0.022383029285599477,5.86,5.94,0.08000000000000007,5.91,6.451612903214833e-05,0.0,1.0,1
5.903666666666664,0.018882678717691483,5.86,5.94,0.08000000000000007,5.91,-0.0006340378197999707,0.0,1.0,1
5.903666666666666,0.08443866939316903,5.83,6.17,0.33999999999999986,5.88,-0.006293659621802094,0.0,0.8666666666666667,1
5.899666666666667,0.02676855535055186,5.85,5.96,0.11000000000000032,5.91,0.0008520578420465859,0.0,1.0,1
5.900999999999998,0.030149626863362797,5.83,5.94,0.11000000000000032,5.9,0.0008654060066738223,0.0,1.0,1
5.904666666666667,0.09827625462044343,5.6,6.07,0.47000000000000064,5.91,0.0013793103448274363,0.0,0.8,1
5.878666666666665,0.10861962171827982,5.69,6.13,0.4399999999999995,5.88,0.00395105672969952,0.0,0.8666666666666667,1
5.825666666666667,0.11698100510576731,5.67,6.15,0.4800000000000004,5.78,-0.00727252502780877,0.0,0.9,1
5.819999999999999,0.03130495168499706,5.75,5.89,0.13999999999999968,5.83,-0.001641824249165787,0.0,1.0,1
5.817000000000001,0.023965252624025046,5.76,5.86,0.10000000000000053,5.81,-0.0004204671857620757,0.0,1.0,1
5.8356666666666674,0.027408433414229067,5.8,5.91,0.11000000000000032,5.83,0.002275862068965508,0.0,1.0,1
5.871666666666666,0.022223611067711025,5.81,5.92,0.11000000000000032,5.88,0.0017463848720799902,0.0,1.0,1
5.886333333333332,0.02057236549894591,5.85,5.92,0.07000000000000028,5.89,0.0010077864293657778,0.0,1.0,1
5.877333333333335,0.023371397523944085,5.83,5.92,0.08999999999999986,5.88,0.0001735261401555712,0.0,1.0,1
5.895666666666667,0.03765486540792424,5.83,5.97,0.13999999999999968,5.89,0.0003893214682978839,0.0,1.0,1
5.882000000000001,0.022715633383201036,5.85,5.92,0.07000000000000028,5.88,0.00018242491657385684,0.0,1.0,1
5.870666666666667,0.024890872936792634,5.83,5.94,0.11000000000000032,5.87,0.0007296996662958115,0.0,1.0,1
5.877666666666666,0.027890659527678666,5.81,5.92,0.11000000000000032,5.88,0.0009632925472745802,0.0,1.0,1
5.891333333333332,0.0283705637746043,5.85,5.94,0.09000000000000075,5.89,-0.00021357063403793338,0.0,1.0,1
5.892333333333332,0.035933580704157884,5.83,5.96,0.1299999999999999,5.89,0.0006651835372633942,0.0,1.0,1
5.906999999999998,0.03216105305075283,5.86,5.97,0.10999999999999943,5.89,0.00045606229143483414,0.0,1.0,1
5.899666666666665,0.029831005495773926,5.86,5.99,0.1299999999999999,5.89,-0.001274749721913425,0.0,1.0,1
5.901666666666666,0.015723301886761118,5.86,5.94,0.08000000000000007,5.91,0.00039377085650706513,0.0,1.0,1
5.900666666666665,0.0189619502044373,5.86,5.94,0.08000000000000007,5.9,0.00019577308120113165,0.0,1.0,1
5.873333333333332,0.018678567634829172,5.83,5.91,0.08000000000000007,5.88,-0.00036040044493895496,0.0,1.0,1
5.875666666666667,0.019947152400502828,5.83,5.91,0.08000000000000007,5.88,5.56173526138627e-05,0.0,1.0,1
5.885666666666665,0.022012622641465397,5.85,5.94,0.09000000000000075,5.88,0.000709677419354784,0.0,1.0,1
5.880333333333332,0.024560582693051544,5.85,5.94,0.09000000000000075,5.88,-0.000696329254727586,0.0,1.0,1
5.884333333333334,0.020604745947367446,5.85,5.94,0.09000000000000075,5.88,0.0004115684093435596,0.0,1.0,1
5.878,0.023579652245103225,5.85,5.94,0.09000000000000075,5.88,-2.2246941045752496e-05,0.0,1.0,1
5.871666666666666,0.01863389981249824,5.85,5.91,0.0600000000000005,5.86,-0.0001935483870968675,0.0,1.0,1
5.869999999999999,0.02190890230020661,5.83,5.91,0.08000000000000007,5.87,0.0004048943270299222,0.0,1.0,1
5.869333333333333,0.017307673314329496,5.83,5.91,0.08000000000000007,5.86,-0.00024026696329275187,0.0,1.0,1
5.857333333333332,0.02568181371234434,5.81,5.91,0.10000000000000053,5.85,0.00016462736373728555,0.0,1.0,1
5.870333333333334,0.01870531712879755,5.83,5.91,0.08000000000000007,5.86,-0.0005761957730813445,0.0,1.0,1
5.854333333333333,0.024177583741051473,5.81,5.89,0.08000000000000007,5.855,0.00032703003337038384,0.0,1.0,1
5.854333333333334,0.012827920936595957,5.83,5.89,0.05999999999999961,5.86,0.0004827586206894798,0.0,1.0,1
5.854666666666668,0.017650936393164993,5.81,5.89,0.08000000000000007,5.86,4.4493882089507645e-06,0.0,1.0,1
5.853666666666667,0.015595583420386121,5.83,5.89,0.05999999999999961,5.85,0.00014905450500536253,0.0,1.0,1
5.842333333333334,0.01977933826552912,5.81,5.89,0.08000000000000007,5.85,-0.0008654060066742448,0.0,1.0,1
5.848666666666667,0.021092389359408506,5.81,5.89,0.08000000000000007,5.85,-0.0001868743047831917,0.0,1.0,1
5.832333333333334,0.018562207723101253,5.8,5.86,0.0600000000000005,5.83,0.00026473859844263403,0.0,1.0,1
5.829666666666668,0.029152853872115025,5.78,5.91,0.1299999999999999,5.83,-0.00032703003337055666,0.0,1.0,1
5.831666666666667,0.016549588783075248,5.8,5.88,0.08000000000000007,5.83,0.0005806451612902568,0.0,1.0,1
5.824000000000002,0.02091251618847761,5.8,5.88,0.08000000000000007,5.81,0.0010945494994438131,0.0,1.0,1
5.826,0.01959591794226551,5.8,5.88,0.08000000000000007,5.83,0.000173526140155648,0.0,1.0,1
5.825000000000001,0.020124611797498172,5.8,5.86,0.0600000000000005,5.83,-0.0004694104560623778,0.0,1.0,1
5.815666666666668,0.018199511592958302,5.78,5.86,0.08000000000000007,5.81,-0.0006607341490546739,0.0,1.0,1
5.811666666666667,0.020507451220362617,5.78,5.85,0.0699999999999994,5.81,-0.0010878754171302718,0.0,1.0,1
5.810666666666667,0.02707192067232922,5.76,5.86,0.10000000000000053,5.8,0.0004493882091211007,0.0,1.0,1
5.796000000000002,0.029393876913398034,5.73,5.86,0.1299999999999999,5.8,0.000596218020022103,0.0,1.0,1
5.784000000000002,0.032619012860600205,5.75,5.86,0.11000000000000032,5.78,-0.00027141268075655953,0.0,1.0,1
5.780333333333333,0.026392338955756676,5.73,5.83,0.09999999999999964,5.78,0.00017575083426014262,0.0,1.0,1
5.786000000000001,0.017999999999999936,5.75,5.83,0.08000000000000007,5.78,0.00044493882091201553,0.0,1.0,1
5.793666666666667,0.018345450541089242,5.76,5.83,0.07000000000000028,5.8,-0.00036707452725264996,0.0,1.0,1
5.781666666666668,0.02237309892606637,5.73,5.83,0.09999999999999964,5.78,0.0008342602892101299,0.0,1.0,1
5.785333333333333,0.016679994670928986,5.76,5.81,0.04999999999999982,5.78,-0.0002180200222471146,0.0,1.0,1
5.773666666666667,0.022727858578307617,5.73,5.81,0.07999999999999918,5.76,-0.0005094549499445863,0.0,1.0,1
5.773000000000001,0.022970996205359973,5.73,5.81,0.07999999999999918,5.77,-0.00041156840934386687,0.0,1.0,1
5.760333333333333,0.017603661235347814,5.73,5.8,0.0699999999999994,5.76,-3.33704115684559e-05,0.0,1.0,1
5.757,0.019857828011475214,5.73,5.8,0.0699999999999994,5.75,-0.00015795328142397466,0.0,1.0,1
5.748999999999999,0.01868154169226939,5.72,5.78,0.0600000000000005,5.75,1.5572858731769398e-05,0.0,1.0,1
5.745999999999999,0.020099751242241795,5.72,5.78,0.0600000000000005,5.75,0.0009566184649610197,0.0,1.0,1
5.747999999999999,0.019561867668161547,5.72,5.8,0.08000000000000007,5.75,-0.000938820912124602,0.0,1.0,1
5.743666666666666,0.015380362660078962,5.72,5.78,0.0600000000000005,5.75,3.7819799777310634e-05,0.0,1.0,1
5.732666666666666,0.017113996870657868,5.69,5.76,0.0699999999999994,5.73,-0.0008542825361513686,0.0,1.0,1
5.729666666666666,0.016629959577688556,5.69,5.76,0.0699999999999994,5.73,0.0003759733036706091,0.0,1.0,1
5.729333333333332,0.014590712418826228,5.71,5.76,0.04999999999999982,5.73,0.00045828698553938634,0.0,1.0,1
5.723666666666666,0.017220788470785977,5.69,5.76,0.0699999999999994,5.72,0.0005361512791989439,0.0,1.0,1
5.730333333333333,0.0212105843599107,5.69,5.78,0.08999999999999986,5.725,0.0006117908787540069,0.0,1.0,1
5.721999999999999,0.014236104336041788,5.69,5.76,0.0699999999999994,5.72,5.784204671845331e-05,0.0,1.0,1
5.717666666666667,0.01406729856400612,5.69,5.75,0.05999999999999961,5.72,0.00016240266963271415,0.0,1.0,1
5.708999999999999,0.023288051299611402,5.67,5.76,0.08999999999999986,5.71,-0.00012235817575100496,0.0,1.0,1
5.706999999999999,0.019000000000000003,5.67,5.73,0.0600000000000005,5.71,-0.00035817575083432594,0.0,1.0,1
5.7,0.019493588689617862,5.67,5.75,0.08000000000000007,5.71,0.0006674082313680809,0.0,1.0,1
5.704666666666667,0.022469732728470224,5.65,5.75,0.09999999999999964,5.71,0.00011568409343706027,0.0,1.0,1
5.696666666666668,0.022852182001336742,5.65,5.73,0.08000000000000007,5.7,-0.0005695216907676879,0.0,1.0,1
5.691999999999998,0.022420228961066945,5.65,5.73,0.08000000000000007,5.69,0.0007252502780866494,0.0,1.0,1
5.677333333333333,0.021437246921084622,5.65,5.72,0.0699999999999994,5.67,-8.898776418252986e-05,0.0,1.0,1
5.685333333333333,0.028015868519267528,5.64,5.72,0.08000000000000007,5.69,0.00010678531701883225,0.0,1.0,1
5.675999999999998,0.022891046284519226,5.64,5.72,0.08000000000000007,5.67,8.898776418235701e-05,0.0,1.0,1
5.673666666666666,0.022580719405919825,5.65,5.72,0.0699999999999994,5.67,-0.00033147942157958426,0.0,1.0,1
5.6693333333333324,0.025940101944458314,5.62,5.72,0.09999999999999964,5.67,-0.0006540600667408829,0.0,1.0,1
5.667333333333332,0.025551690528982353,5.62,5.72,0.09999999999999964,5.66,-0.00016462736373763125,0.0,1.0,1
5.658666666666665,0.016878651868229576,5.62,5.69,0.07000000000000028,5.65,0.00022246941045596933,0.0,1.0,1
5.656666666666665,0.017763883459298996,5.62,5.71,0.08999999999999986,5.65,-0.0008008898776420197,0.0,1.0,1
5.644666666666666,0.02156128217172838,5.6,5.69,0.09000000000000075,5.64,0.00011123470522797507,0.0,1.0,1
5.6533333333333315,0.021653842358549093,5.6,5.69,0.09000000000000075,5.65,0.000796440489432608,0.0,1.0,1
5.647666666666666,0.03221628297753936,5.6,5.72,0.1200000000000001,5.64,-0.0009766407119022199,0.0,1.0,1
5.648666666666667,0.028252826800556213,5.6,5.72,0.1200000000000001,5.645,0.0007519466073414679,0.0,1.0,1
5.639666666666666,0.02575310121562499,5.6,5.71,0.11000000000000032,5.64,-0.0001312569521692906,0.0,1.0,1
5.636666666666665,0.028440972010268798,5.59,5.69,0.10000000000000053,5.64,-0.0007474972191325748,0.0,1.0,1
5.628666666666665,0.025525586292102373,5.59,5.69,0.10000000000000053,5.62,0.0007608453837595807,0.0,1.0,1
5.625666666666667,0.0231924317157321,5.59,5.67,0.08000000000000007,5.62,-0.00032703003337049904,0.0,1.0,1
5.614333333333333,0.024315061633115975,5.56,5.67,0.11000000000000032,5.6,6.896551724131036e-05,0.0,1.0,1
5.603999999999999,0.021071307505705447,5.57,5.65,0.08000000000000007,5.6,-0.0006807563959956437,0.0,1.0,1
5.604666666666665,0.02061283311165367,5.57,5.64,0.0699999999999994,5.6,-0.0005339265850946605,0.0,1.0,1
5.598666666666667,0.023485219938411322,5.56,5.67,0.11000000000000032,5.6,-0.0006095661846498196,0.0,1.0,1
5.5956666666666655,0.028009918878060997,5.56,5.65,0.09000000000000075,5.59,-0.0006651835372636823,0.0,1.0,1
5.591333333333333,0.014544949486180818,5.57,5.62,0.04999999999999982,5.59,-0.00019132369299239215,0.0,1.0,1
5.591,0.024812631191928523,5.56,5.65,0.09000000000000075,5.59,-0.0006829810901003111,0.0,1.0,1
5.568999999999999,0.019553345834749894,5.53,5.6,0.0699999999999994,5.57,0.0005050055617350979,0.0,1.0,1
5.571,0.013988090172238243,5.55,5.6,0.04999999999999982,5.57,-0.000576195773081306,0.0,1.0,1
5.573666666666668,0.018882678717691437,5.55,5.62,0.07000000000000028,5.57,-0.00021579532814262003,0.0,1.0,1
5.567333333333333,0.01062491830033958,5.55,5.6,0.04999999999999982,5.57,0.00015572858731909597,0.0,1.0,1
5.5680000000000005,0.015790292376436043,5.55,5.6,0.04999999999999982,5.56,-0.0002180200222470378,0.0,1.0,1
5.566333333333334,0.029152853872114897,5.51,5.62,0.11000000000000032,5.56,0.001541713014460381,0.0,1.0,1
5.5680000000000005,0.028213471959331715,5.53,5.64,0.10999999999999943,5.56,-0.0005962180200223335,0.0,1.0,1
5.560333333333333,0.024149994248906504,5.53,5.62,0.08999999999999986,5.56,0.00014015572858724974,0.0,1.0,1
5.568666666666666,0.024046251729161836,5.53,5.62,0.08999999999999986,5.57,-0.00029365962180213917,0.0,1.0,1
5.560666666666667,0.03453822359196962,5.51,5.64,0.1299999999999999,5.555,0.0006229143492768064,0.0,1.0,1
5.495333333333333,0.03913509365717106,5.42,5.57,0.15000000000000036,5.5,-0.0031902113459400935,0.0,1.0,1
5.577,0.14118899862713571,5.42,5.91,0.4900000000000002,5.55,0.009875417130144469,0.0,1.0,1
5.582999999999999,0.08038034585643435,5.5,5.8,0.2999999999999998,5.555,0.001915461624026649,0.0,1.0,1
5.563666666666665,0.04214920587099529,5.51,5.64,0.1299999999999999,5.55,-0.0007808676307008962,0.0,1.0,1
5.548,0.03562770457569973,5.5,5.65,0.15000000000000036,5.55,0.00031590656284743074,0.0,1.0,1
5.561666666666667,0.12873961662553177,5.37,5.94,0.5700000000000003,5.53,0.010409343715239034,0.0,1.0,1
5.646,0.07116178749862874,5.55,5.85,0.2999999999999998,5.63,-0.00438709677419373,0.0,1.0,1
5.673666666666666,0.16632264494716958,5.51,6.07,0.5600000000000005,5.605,-0.01379532814238051,0.0,0.9333333333333333,1
5.578999999999999,0.034578413304642286,5.53,5.67,0.13999999999999968,5.57,-0.00023359288097899922,0.0,1.0,1
5.567333333333333,0.026322782696532862,5.51,5.62,0.11000000000000032,5.56,-0.00018687430478332614,0.0,1.0,1
5.596666666666667,0.046571331190861286,5.51,5.76,0.25,5.59,-0.00016907675194669726,0.0,1.0,1
5.724333333333332,0.11923878936356608,5.55,5.96,0.41000000000000014,5.695,0.004464961067853038,0.0,1.0,1
5.560000000000001,0.019493588689617827,5.53,5.6,0.0699999999999994,5.56,-6.22914349278458e-05,0.0,1.0,1
5.540666666666667,0.023228335186912363,5.5,5.59,0.08999999999999986,5.54,-0.0011123470522804997,0.0,1.0,1
5.5233333333333325,0.028087165910587786,5.46,5.59,0.1299999999999999,5.51,0.0003337041156839444,0.0,1.0,1
5.549333333333332,0.07711175151831412,5.21,5.65,0.4400000000000004,5.5649999999999995,0.0021490545050054564,0.0,1.0,1
5.594666666666667,0.09372773809758182,5.48,5.88,0.39999999999999947,5.5649999999999995,-0.003902113459399468,0.0,1.0,1
5.558999999999999,0.03155418619877025,5.5,5.64,0.13999999999999968,5.56,-1.5572858732019066e-05,0.0,1.0,1
5.5696666666666665,0.040700805342837466,5.53,5.65,0.1200000000000001,5.56,-0.000981090100111305,0.0,1.0,1
5.556666666666666,0.04002776813940805,5.48,5.64,0.15999999999999925,5.555,-0.00032480533926587,0.0,1.0,1
5.552666666666667,0.0390668941972895,5.48,5.62,0.13999999999999968,5.55,-0.00040934371523929547,0.0,1.0,1
5.550000000000001,0.03306559138036589,5.46,5.6,0.13999999999999968,5.55,9.788654060054662e-05,0.0,1.0,1
5.549000000000001,0.03014962686336257,5.44,5.6,0.15999999999999925,5.55,0.0007586206896550861,0.0,1.0,1
5.568,0.09890736406692209,5.35,5.8,0.4500000000000002,5.555,0.005361512791990995,0.0,1.0,1
5.560666666666666,0.056446631628665145,5.48,5.8,0.3199999999999994,5.55,-0.0006496106785318361,0.0,1.0,1
5.576333333333334,0.05833714273275833,5.53,5.76,0.22999999999999954,5.56,0.00023804226918787319,0.0,1.0,1
5.5473333333333334,0.01631631766736041,5.53,5.59,0.05999999999999961,5.55,9.788654060054662e-05,0.0,1.0,1
5.5390000000000015,0.02196208854670548,5.5,5.59,0.08999999999999986,5.54,0.000393770856507142,0.0,1.0,1
5.538666666666668,0.019102065042525842,5.5,5.57,0.07000000000000028,5.55,0.0006051167964404271,0.0,1.0,1
5.528333333333333,0.01898830049150146,5.5,5.56,0.05999999999999961,5.53,-0.0007452725250278689,0.0,1.0,1
5.509,0.020223748416156588,5.48,5.55,0.0699999999999994,5.505,-0.00011345939933270011,0.0,1.0,1
5.505666666666666,0.012827920936595854,5.48,5.53,0.04999999999999982,5.505,-0.0005761957730813829,0.0,1.0,1
5.494333333333333,0.019267128022157815,5.46,5.53,0.07000000000000028,5.5,-0.00044716351501683657,0.0,1.0,1
5.4750000000000005,0.024324199198877402,5.43,5.53,0.10000000000000053,5.470000000000001,2.2246941044753823e-06,0.0,1.0,1
5.444666666666666,0.02445858177045891,5.42,5.51,0.08999999999999986,5.44,-0.0012636262513905873,0.0,1.0,1
5.440666666666666,0.01948218559493666,5.42,5.5,0.08000000000000007,5.44,-0.00023581757508360905,0.0,1.0,1
5.420666666666665,0.016519348924485193,5.37,5.44,0.07000000000000028,5.42,-0.0002180200222471338,0.0,1.0,1
5.4159999999999995,0.022744962812309304,5.37,5.48,0.11000000000000032,5.42,0.00022246941045595014,0.0,1.0,1
5.400333333333332,0.02726210230745649,5.35,5.46,0.11000000000000032,5.4,-0.0010700778642938158,0.0,1.0,1
5.3853333333333335,0.025394662606321245,5.35,5.43,0.08000000000000007,5.38,-0.0007119021134595091,0.0,1.0,1
5.377333333333334,0.02542090128658354,5.34,5.43,0.08999999999999986,5.38,0.000262513904338005,0.0,1.0,1
5.363999999999999,0.019078784028339058,5.34,5.4,0.0600000000000005,5.37,-0.0004849833147944353,0.0,1.0,1
5.35,0.020165977949672214,5.32,5.4,0.08000000000000007,5.35,-0.00048053392658519643,0.0,1.0,1
5.373999999999998,0.022150996967781635,5.34,5.42,0.08000000000000007,5.37,0.0007385984427140779,0.0,1.0,1
5.375333333333333,0.03253032773001566,5.3,5.43,0.1299999999999999,5.38,-8.898776418252986e-05,0.0,1.0,1
5.357999999999999,0.047637520226532844,5.28,5.43,0.14999999999999947,5.359999999999999,-0.0009922135706341238,0.0,1.0,1
5.308333333333334,0.01967796285752722,5.28,5.35,0.0699999999999994,5.3,-0.0008743047830924344,0.0,1.0,1
5.343666666666667,0.0477132639373534,5.28,5.42,0.13999999999999968,5.34,-0.0024983314794216694,0.0,1.0,1
5.339666666666665,0.03683144791554567,5.28,5.43,0.14999999999999947,5.34,-0.0009187986651836898,0.0,1.0,1
5.330666666666667,0.023795424396766195,5.28,5.37,0.08999999999999986,5.34,0.0013882091212457028,0.0,1.0,1
5.334666666666666,0.02459448899426224,5.3,5.39,0.08999999999999986,5.34,-5.3392658509598575e-05,0.0,1.0,1
5.306,0.021847959477565168,5.28,5.35,0.0699999999999994,5.3,-0.00022246941045614218,0.0,1.0,1
5.297333333333335,0.019136933459209658,5.28,5.34,0.05999999999999961,5.3,-0.00024916573971092227,0.0,1.0,1
5.288666666666667,0.01839081896551167,5.26,5.32,0.0600000000000005,5.28,-0.0011523915461625353,0.0,1.0,1
5.270666666666666,0.016110727964792803,5.24,5.3,0.05999999999999961,5.28,-0.0005695216907676687,0.0,1.0,1
5.234333333333335,0.032008679378499154,5.14,5.3,0.16000000000000014,5.24,0.00023359288097874956,0.0,1.0,1
5.205333333333334,0.017461067804945173,5.18,5.24,0.0600000000000005,5.21,0.0008008898776416932,0.0,1.0,1
5.195000000000001,0.019621416870348674,5.16,5.24,0.08000000000000007,5.19,-0.00020244716351503793,0.0,1.0,1
5.191000000000001,0.021346350195447266,5.14,5.23,0.09000000000000075,5.19,0.0005406006674081059,0.0,1.0,1
5.198000000000001,0.019899748742132354,5.16,5.26,0.09999999999999964,5.19,-1.3348164627447657e-05,0.0,1.0,1
5.177666666666666,0.02319243171573201,5.14,5.23,0.09000000000000075,5.18,-0.0016307007786430835,0.0,1.0,1
5.136999999999999,0.017349351572897496,5.08,5.16,0.08000000000000007,5.14,-0.0006295884315908086,0.0,1.0,1
5.132999999999998,0.016155494421403533,5.1,5.18,0.08000000000000007,5.13,0.0012747497219131178,0.0,1.0,1
5.143666666666665,0.012775845264491275,5.12,5.18,0.05999999999999961,5.14,0.00033147942157941144,0.0,1.0,1
5.359,0.18960221517693307,5.12,5.64,0.5199999999999996,5.385,0.015788654060066562,0.0,1.0,1
5.462000000000001,0.19274162325074815,5.05,5.8,0.75,5.45,0.0043381535038930445,0.0,1.0,1
5.932333333333332,0.20985206429503825,5.48,6.15,0.6699999999999999,6.02,-0.009790878754171409,0.0,0.43333333333333335,1
5.599666666666666,0.12895692648667187,5.39,5.81,0.41999999999999993,5.605,-0.003979977753059064,0.0,1.0,1
5.647,0.1098529319893951,5.46,5.83,0.3700000000000001,5.65,-0.0021646273637376864,0.0,1.0,1
5.713666666666666,0.09607231072941298,5.53,5.92,0.3899999999999997,5.715,0.004229143492769563,0.0,1.0,1
5.860333333333332,0.05946894614465219,5.73,5.97,0.23999999999999932,5.86,0.0024716351501667165,0.0,1.0,1
5.960000000000002,0.025033311140691357,5.91,6.01,0.09999999999999964,5.96,0.0012324805339264532,0.0,0.9333333333333333,1
5.978,0.02181742422927134,5.94,6.02,0.07999999999999918,5.97,0.00015127919910985711,0.0,0.8333333333333334,1
5.949999999999999,0.048166378315169116,5.85,6.02,0.16999999999999993,5.94,-0.0038220244716352814,0.0,0.7666666666666667,1
5.912333333333333,0.10672966889399692,5.6,6.05,0.4500000000000002,5.94,-0.003721913236930144,0.0,0.9,1
5.896666666666667,0.07313609839804756,5.76,6.02,0.2599999999999998,5.88,0.005499443826473788,0.0,0.9,1
5.988666666666666,0.03293765153876161,5.89,6.02,0.1299999999999999,6.0,0.0003648498331478289,0.0,0.5,1
5.978000000000002,0.047637520226532816,5.88,6.05,0.16999999999999993,5.99,0.0010545050055615855,0.0,0.5666666666666667,1
5.978333333333334,0.056218818517962024,5.8,6.05,0.25,5.99,-0.004691879866518515,0.0,0.6,1
5.929666666666665,0.04700945531368017,5.83,6.03,0.20000000000000018,5.92,-0.0010567296996663873,0.0,0.9333333333333333,1
5.933666666666668,0.02786674641136921,5.88,5.99,0.11000000000000032,5.93,0.0022936596218018296,0.0,1.0,1
6.040333333333334,0.06833658528847404,5.92,6.13,0.20999999999999996,6.04,0.006035595105672848,0.0,0.3333333333333333,1
6.041333333333333,0.025914388967435836,5.99,6.08,0.08999999999999986,6.03,-0.001365962180200315,0.0,0.06666666666666667,1
6.001666666666667,0.020344259359556183,5.97,6.03,0.0600000000000005,6.01,-0.0006429365962180643,0.0,0.43333333333333335,1
5.993333333333334,0.019550504398153503,5.96,6.02,0.05999999999999961,5.99,-0.0004226918798665703,0.0,0.5666666666666667,1
6.004333333333333,0.02800991887806095,5.96,6.05,0.08999999999999986,6.01,-0.0019021134593994896,0.0,0.36666666666666664,1
5.940333333333332,0.026265736024122518,5.88,5.99,0.11000000000000032,5.94,-0.0021779755283649616,0.0,1.0,1
5.968666666666667,0.03201388587611448,5.91,6.02,0.10999999999999943,5.97,0.0022513904338150497,0.0,0.8,1
5.967333333333333,0.04122566622330733,5.91,6.05,0.13999999999999968,5.97,0.0018197997775304625,0.0,0.7333333333333333,1
5.956666666666667,0.020385179801894176,5.92,5.99,0.07000000000000028,5.96,0.0007163515016684598,0.0,1.0,1
5.946333333333333,0.05782060378638589,5.83,6.07,0.2400000000000002,5.96,-0.004091212458287116,0.0,0.8333333333333334,1
5.926333333333333,0.0682389592209287,5.81,6.07,0.2600000000000007,5.91,-0.002618464961067949,0.0,0.8666666666666667,1
5.966,0.021228911104120844,5.92,6.01,0.08999999999999986,5.96,0.00034260289210230686,0.0,0.9333333333333333,1
5.943333333333332,0.028440972010268694,5.88,6.01,0.1299999999999999,5.94,-0.002162402669633192,0.0,0.9666666666666667,1
5.924333333333333,0.02124199195513988,5.89,5.97,0.08000000000000007,5.92,0.0010344827586206348,0.0,1.0,1
5.917666666666666,0.21444009782583945,5.42,6.17,0.75,5.94,-0.008985539488320593,0.0,0.6333333333333333,1
5.900666666666665,0.08461415694525096,5.59,6.01,0.41999999999999993,5.92,0.001446051167964156,0.0,0.9,1
5.935999999999999,0.030397368307141372,5.88,5.99,0.11000000000000032,5.93,-0.0009833147942158765,0.0,1.0,1
5.911666666666666,0.0403388425989421,5.81,5.97,0.16000000000000014,5.92,0.0016218020022244523,0.0,1.0,1
5.973,0.07891556669419966,5.89,6.12,0.23000000000000043,5.93,0.007552836484983155,0.0,0.5666666666666667,1
5.986333333333334,0.02786674641136916,5.94,6.05,0.10999999999999943,5.97,-0.0010923248053394915,0.0,0.6666666666666666,1
6.011666666666667,0.07456913272632015,5.91,6.15,0.2400000000000002,6.01,-0.00583537263626265,0.0,0.4666666666666667,1
6.034666666666667,0.08995307418624196,5.78,6.13,0.34999999999999964,6.07,-0.004084538375973363,0.0,0.13333333333333333,1
6.024000000000002,0.08428523002282193,5.72,6.12,0.40000000000000036,6.04,0.0027141268075638286,0.0,0.3333333333333333,1
6.096333333333333,0.05049642451588915,5.99,6.17,0.17999999999999972,6.109999999999999,-0.005047830923248174,0.0,0.03333333333333333,1
5.988,0.043466462167208085,5.92,6.07,0.15000000000000036,5.99,0.0034304783092324034,0.0,0.6,1
5.972333333333333,0.06571064517175955,5.85,6.05,0.20000000000000018,6.01,-0.006867630700778829,0.0,0.4666666666666667,1
5.935666666666666,0.02525646231935283,5.88,5.97,0.08999999999999986,5.94,0.001252502780867442,0.0,1.0,1
5.886666666666668,0.14508235209317805,5.62,6.1,0.47999999999999954,5.915,-0.008538375973303775,0.0,0.7333333333333333,1
5.864666666666667,0.17188626730745216,5.42,6.05,0.6299999999999999,5.94,-0.0082358175750836,0.0,0.7333333333333333,1
5.869666666666665,0.053881557347781044,5.73,5.92,0.1899999999999995,5.89,0.0007630700778641521,0.0,1.0,1
5.844,0.02928025500799703,5.76,5.89,0.1299999999999999,5.85,0.0013125695216906973,0.0,1.0,1
5.836666666666667,0.10466878978738389,5.43,5.92,0.4900000000000002,5.86,0.0014638487208007466,0.0,1.0,1
5.868666666666666,0.023767391293301236,5.81,5.91,0.10000000000000053,5.88,0.001001112347052102,0.0,1.0,1
5.843000000000001,0.037518884134082046,5.76,5.92,0.16000000000000014,5.84,-0.003414905450500711,0.0,1.0,1
5.828,0.03400000000000002,5.75,5.88,0.1299999999999999,5.83,0.0008320355951056161,0.0,1.0,1
5.780333333333332,0.041751912797166786,5.72,5.88,0.16000000000000014,5.78,0.000776418242491619,0.0,1.0,1
5.7746666666666675,0.10042354748209649,5.46,5.96,0.5,5.8,-0.00018242491657408729,0.0,1.0,1
5.7540000000000004,0.05902541825349478,5.65,5.86,0.20999999999999996,5.76,0.0043692992213569285,0.0,1.0,1
5.776333333333334,0.10393855022186047,5.46,5.96,0.5,5.76,0.0030456062291434128,0.0,1.0,1
5.787666666666665,0.08163672920662336,5.69,5.97,0.27999999999999936,5.76,0.00834037819799763,0.0,1.0,1
5.737000000000001,0.18802748026108668,5.43,6.01,0.5800000000000001,5.71,-0.014969966629588586,0.0,0.9666666666666667,1
5.9366666666666665,0.060018515661604176,5.78,6.02,0.23999999999999932,5.95,0.0023403781979976757,0.0,0.9333333333333333,1
5.713666666666667,0.1951321489543832,5.1,5.94,0.8400000000000007,5.77,-0.010734149054505116,0.0,1.0,1
5.734000000000001,0.10307278981380094,5.43,5.86,0.4300000000000006,5.755,0.007942157953281325,0.0,1.0,1
5.707333333333333,0.059494164046194856,5.57,5.8,0.22999999999999954,5.72,0.0016240266963290812,0.0,1.0,1
5.584666666666667,0.16272130230004372,5.16,5.81,0.6499999999999995,5.574999999999999,0.007439377085650589,0.0,1.0,1
5.859999999999999,0.04226897995772643,5.8,5.96,0.16000000000000014,5.855,0.0026162402669631666,0.0,1.0,1
5.8640000000000025,0.06478682993736713,5.78,6.01,0.22999999999999954,5.85,-0.003715239154616353,0.0,0.9333333333333333,1
5.801666666666665,0.03786672535206705,5.73,5.89,0.15999999999999925,5.8,-0.0034505005561736037,0.0,1.0,1
5.801000000000001,0.03428799595582495,5.75,5.86,0.11000000000000032,5.8,0.00308565072302541,0.0,1.0,1
5.710333333333333,0.09775763681449927,5.32,5.86,0.54,5.72,-0.001314794215795384,0.0,1.0,1
5.757666666666666,0.17032681005121358,5.03,5.91,0.8799999999999999,5.8,-0.005924360400444988,0.0,1.0,1
5.6930000000000005,0.21875633324165344,5.18,5.92,0.7400000000000002,5.765000000000001,0.013310344827585977,0.0,1.0,1
5.764666666666668,0.05702241274758159,5.69,5.88,0.1899999999999995,5.74,-0.0020511679644049864,0.0,1.0,1
5.744,0.054258639865002116,5.65,5.88,0.22999999999999954,5.725,-0.003167964404894437,0.0,1.0,1
5.728999999999999,0.06871923554095556,5.6,5.86,0.2600000000000007,5.73,0.0017686318131255123,0.0,1.0,1
5.7173333333333325,0.04358389100981639,5.64,5.8,0.16000000000000014,5.72,-0.00040934371523929547,0.0,1.0,1
5.721666666666666,0.03812989494987998,5.65,5.81,0.15999999999999925,5.72,0.0012347052280310053,0.0,1.0,1
5.723,0.03742993454442571,5.64,5.8,0.16000000000000014,5.72,0.00017575083426023863,0.0,1.0,1
5.754999999999999,0.14347473645210157,5.57,6.01,0.4399999999999995,5.73,0.00022914349276956833,0.0,0.9666666666666667,1
5.671,0.03645545226711642,5.6,5.73,0.13000000000000078,5.67,0.0024404894327028897,0.0,1.0,1
5.668333333333333,0.03396894006131025,5.59,5.72,0.1299999999999999,5.67,-0.0015639599555062871,0.0,1.0,1
5.598666666666666,0.062007168044419594,5.5,5.75,0.25,5.59,-0.002037819799777673,0.0,1.0,1
5.590333333333332,0.032607088527223965,5.51,5.65,0.14000000000000057,5.59,0.0018976640711900778,0.0,1.0,1
5.628999999999999,0.028676354952004112,5.57,5.67,0.09999999999999964,5.63,1.11234705227034e-05,0.0,1.0,1
5.604333333333333,0.027770888034454783,5.55,5.67,0.1200000000000001,5.6,-0.0010923248053395492,0.0,1.0,1
5.586,0.02430363484474423,5.55,5.64,0.08999999999999986,5.59,-0.0008987764182426239,0.0,1.0,1
5.581666666666668,0.07519234594617251,5.51,5.81,0.2999999999999998,5.56,-0.002876529477197042,0.0,1.0,1
5.557666666666667,0.025388098699106125,5.51,5.62,0.11000000000000032,5.55,-0.00022024471635158997,0.0,1.0,1
5.576000000000001,0.0759210115844093,5.46,5.75,0.29000000000000004,5.55,0.00475194660734131,0.0,1.0,1
5.5376666666666665,0.04957710044858293,5.46,5.67,0.20999999999999996,5.53,-0.0011145717463850902,0.0,1.0,1
5.533666666666666,0.09275355638584547,5.28,5.72,0.4399999999999995,5.53,0.002876529477196735,0.0,1.0,1
5.554333333333334,0.04744704650683973,5.43,5.64,0.20999999999999996,5.56,-0.001288097886540719,0.0,1.0,1
5.551,0.03249102440161994,5.48,5.62,0.13999999999999968,5.555,0.0014482758620688234,0.0,1.0,1
5.561333333333334,0.032117838587855684,5.48,5.62,0.13999999999999968,5.5649999999999995,-0.0013748609566186008,0.0,1.0,1
5.539666666666666,0.035069771725645474,5.48,5.6,0.11999999999999922,5.53,-0.0022447163515017386,0.0,1.0,1
5.520999999999999,0.023144473782453216,5.48,5.57,0.08999999999999986,5.51,-0.0006651835372637015,0.0,1.0,1
5.457666666666666,0.0567264390640633,5.35,5.56,0.20999999999999996,5.46,-0.005199110122358339,0.0,1.0,1
5.437333333333334,0.027800879282657367,5.37,5.5,0.1299999999999999,5.4350000000000005,0.001428253615127796,0.0,1.0,1
5.440666666666668,0.023371397523944154,5.4,5.5,0.09999999999999964,5.44,0.0004894327030032516,0.0,1.0,1
5.428,0.040775809822328056,5.39,5.62,0.23000000000000043,5.425,0.0005739710789765619,0.0,1.0,1
5.465000000000001,0.07406078584514203,5.37,5.64,0.2699999999999996,5.44,-0.004389321468298245,0.0,1.0,1
5.464999999999998,0.026299556396765844,5.42,5.53,0.11000000000000032,5.46,-0.001163515016685258,0.0,1.0,1
5.465999999999999,0.042079290234825345,5.4,5.57,0.16999999999999993,5.46,0.001619577308120073,0.0,1.0,1
5.4816666666666665,0.037066007188377936,5.42,5.56,0.13999999999999968,5.48,-0.0020667408231368712,0.0,1.0,1
5.4369999999999985,0.022678918257565496,5.39,5.48,0.09000000000000075,5.44,-0.0011412680756397167,0.0,1.0,1
5.414999999999998,0.041852917062812585,5.28,5.48,0.20000000000000018,5.42,-0.0014482758620691307,0.0,1.0,1
5.485333333333333,0.030191978331264642,5.44,5.57,0.1299999999999999,5.48,0.0014104560622912824,0.0,1.0,1
5.514,0.05010655313096941,5.43,5.72,0.29000000000000004,5.51,2.669632925466485e-05,0.0,1.0,1
5.5183333333333335,0.051321427190686005,5.39,5.59,0.20000000000000018,5.53,0.004593993325917566,0.0,1.0,1
5.560666666666666,0.020645150089602732,5.51,5.6,0.08999999999999986,5.56,-0.000614015572858924,0.0,1.0,1
5.541999999999999,0.026882460204874503,5.48,5.59,0.10999999999999943,5.54,-0.0015795328142381908,0.0,1.0,1
5.517333333333332,0.021123972690339738,5.48,5.56,0.07999999999999918,5.51,0.00023136818687421657,0.0,1.0,1
5.548,0.0815434444534527,5.46,5.76,0.2999999999999998,5.51,-0.0010767519466075876,0.0,1.0,1
5.510666666666666,0.025289435651187468,5.46,5.56,0.09999999999999964,5.51,0.0001779755283646372,0.0,1.0,1
5.4963333333333315,0.05141227696010174,5.42,5.62,0.20000000000000018,5.49,-0.001933259176863278,0.0,1.0,1
5.473666666666667,0.0442329691017408,5.42,5.57,0.15000000000000036,5.46,0.00305450500556166,0.0,1.0,1
5.471333333333334,0.09677235601600741,5.21,5.72,0.5099999999999998,5.45,0.004173526140155585,0.0,1.0,1
5.5616666666666665,0.09480096108279817,5.43,5.75,0.3200000000000003,5.54,0.009185761957730675,0.0,1.0,1
5.885666666666666,0.19722547728143255,5.28,6.1,0.8199999999999994,5.96,0.011361512791990987,0.0,0.5666666666666667,1
5.759333333333333,0.14975387214433633,5.46,6.01,0.5499999999999998,5.77,0.01348609566184635,0.0,0.9666666666666667,1
5.9860000000000015,0.03179098404684359,5.91,6.07,0.16000000000000014,5.99,0.00025806451612893903,0.0,0.6666666666666666,1
5.820333333333333,0.09031365099228109,5.67,5.97,0.2999999999999998,5.83,-0.004233592880979052,0.0,1.0,1
5.847333333333333,0.05609119558560181,5.72,5.96,0.2400000000000002,5.83,0.001699666295884202,0.0,1.0,1
5.835999999999999,0.05964338465692003,5.73,5.94,0.20999999999999996,5.85,-0.003724137931034658,0.0,1.0,1
5.769666666666668,0.056183231978549776,5.67,5.89,0.21999999999999975,5.76,0.0010478309232479096,0.0,1.0,1
5.836,0.12648056504195948,5.55,6.08,0.5300000000000002,5.83,0.003497219132369162,0.0,0.9,1
5.795,0.04688638750568577,5.72,5.91,0.1900000000000004,5.78,-0.0029966629588432836,0.0,1.0,1
5.722333333333334,0.03729909143963448,5.64,5.81,0.16999999999999993,5.72,-0.0025873192436041224,0.0,1.0,1
5.721,0.046786750261158395,5.56,5.8,0.2400000000000002,5.73,0.0028186874304782237,0.0,1.0,1
5.72,0.03714835124201342,5.59,5.81,0.21999999999999975,5.715,-0.0018553948832037205,0.0,1.0,1
5.678333333333333,0.03760171390892824,5.57,5.72,0.14999999999999947,5.69,0.0002869855394881753,0.0,1.0,1
5.700666666666666,0.028627880738111844,5.6,5.75,0.15000000000000036,5.71,0.0006540600667406524,0.0,1.0,1
5.697333333333333,0.02489087293679267,5.65,5.75,0.09999999999999964,5.69,-0.0002180200222470762,0.0,1.0,1
5.680333333333333,0.031035821597344936,5.6,5.75,0.15000000000000036,5.68,-0.0004560622914350646,0.0,1.0,1
5.673,0.021000000000000008,5.64,5.72,0.08000000000000007,5.67,-0.00017575083426039228,0.0,1.0,1
5.670000000000001,0.024221202832779957,5.62,5.71,0.08999999999999986,5.67,-0.0005072302558399189,0.0,1.0,1
5.6819999999999995,0.027856776554368187,5.64,5.73,0.09000000000000075,5.68,0.002505005561735038,0.0,1.0,1
5.679333333333333,0.030214051182999083,5.64,5.72,0.08000000000000007,5.69,0.00014682981090088714,0.0,1.0,1
5.691333333333333,0.034807406619217524,5.62,5.76,0.13999999999999968,5.69,0.0006985539488319078,0.0,1.0,1
5.675333333333333,0.03972684510783903,5.6,5.75,0.15000000000000036,5.67,-1.7797552836628885e-05,0.0,1.0,1
5.666333333333332,0.03728121361877703,5.6,5.73,0.13000000000000078,5.67,-0.0002914349276976062,0.0,1.0,1
5.660999999999998,0.044071910933533846,5.6,5.73,0.13000000000000078,5.66,-0.000309232480534043,0.0,1.0,1
5.659666666666666,0.04498024257629374,5.59,5.75,0.16000000000000014,5.645,-0.00018909899888787835,0.0,1.0,1
5.693333333333333,0.05349974039397036,5.62,5.81,0.1899999999999995,5.69,0.0033681868743047306,0.0,1.0,1
5.664333333333333,0.047447046506839924,5.59,5.73,0.14000000000000057,5.65,-0.0008164627363738467,0.0,1.0,1
5.657666666666667,0.04469775037839044,5.59,5.73,0.14000000000000057,5.65,0.00023804226918781556,0.0,1.0,1
5.654,0.04882622246293486,5.57,5.75,0.17999999999999972,5.65,0.00050723025583965,0.0,1.0,1
5.680000000000001,0.03966526608171609,5.6,5.75,0.15000000000000036,5.67,-4.894327030045576e-05,0.0,1.0,1
5.654333333333333,0.04318049971405569,5.57,5.72,0.14999999999999947,5.65,0.00022024471635143634,0.0,1.0,1
5.638333333333332,0.04837928849782269,5.57,5.72,0.14999999999999947,5.64,-0.000918798665183709,0.0,1.0,1
5.627666666666666,0.04558386654167131,5.56,5.69,0.13000000000000078,5.62,0.0007853170189097701,0.0,1.0,1
5.635000000000001,0.04417767158493846,5.55,5.71,0.16000000000000014,5.62,-0.0010967741935484997,0.0,1.0,1
5.626666666666666,0.04555826550205306,5.56,5.72,0.16000000000000014,5.62,-0.0007430478309233743,0.0,1.0,1
5.6259999999999994,0.04744119166575263,5.56,5.71,0.15000000000000036,5.62,-0.0002358175750834746,0.0,1.0,1
5.612333333333331,0.05200534160598857,5.51,5.72,0.20999999999999996,5.6,0.0001757508342601618,0.0,1.0,1
5.597666666666666,0.04079896512848767,5.53,5.67,0.13999999999999968,5.6,-0.0011813125695218293,0.0,1.0,1
5.598333333333333,0.04420281539550269,5.53,5.67,0.13999999999999968,5.59,0.0011546162402668572,0.0,1.0,1
5.610333333333332,0.04199073971987432,5.56,5.69,0.13000000000000078,5.6,7.786429365942314e-05,0.0,1.0,1
5.601999999999999,0.0363684845252956,5.53,5.67,0.13999999999999968,5.6,-0.0008364849833149125,0.0,1.0,1
5.602333333333335,0.039806476301671785,5.55,5.67,0.1200000000000001,5.609999999999999,0.0005406006674080675,0.0,1.0,1
5.588666666666668,0.04177186719418812,5.53,5.65,0.1200000000000001,5.59,0.000533926585094411,0.0,1.0,1
5.567666666666666,0.038182311204128,5.51,5.64,0.1299999999999999,5.57,0.00018909899888751343,0.0,1.0,1
5.582,0.03506185011281254,5.51,5.65,0.14000000000000057,5.59,0.0006229143492768064,0.0,1.0,1
5.566333333333333,0.036192387167592016,5.51,5.64,0.1299999999999999,5.5649999999999995,-0.0004115684093438477,0.0,1.0,1
5.557999999999999,0.034583232931581144,5.51,5.62,0.11000000000000032,5.56,0.00011568409343707947,0.0,1.0,1
5.553666666666667,0.03156826817479149,5.5,5.62,0.1200000000000001,5.555,0.0005317018909899164,0.0,1.0,1
5.562666666666667,0.04682829154356254,5.5,5.65,0.15000000000000036,5.56,-0.002104560622914489,0.0,1.0,1
5.540000000000001,0.038470768123342595,5.46,5.6,0.13999999999999968,5.55,0.00032925472747478236,0.0,1.0,1
5.551666666666666,0.03484090826727806,5.5,5.64,0.13999999999999968,5.55,0.0006340378197996634,0.0,1.0,1
5.536666666666665,0.036086316273931544,5.48,5.6,0.11999999999999922,5.53,-0.000809788654060094,0.0,1.0,1
5.499666666666667,0.03825208781520575,5.44,5.56,0.11999999999999922,5.49,-0.0007986651835373139,0.0,1.0,1
5.509666666666669,0.03885728874855892,5.46,5.57,0.11000000000000032,5.505,-0.0007586206896552974,0.0,1.0,1
5.514666666666667,0.03658171978218376,5.44,5.57,0.1299999999999999,5.5,0.00044493882091201553,0.0,1.0,1
5.514000000000001,0.038781438859330546,5.46,5.57,0.11000000000000032,5.52,0.0006852057842045945,0.0,1.0,1
5.492333333333333,0.0364859181359359,5.43,5.56,0.1299999999999999,5.48,0.0009365962180199538,0.0,1.0,1
5.488666666666666,0.03913509365717102,5.43,5.57,0.14000000000000057,5.48,-0.0005606229143493254,0.0,1.0,1
5.474000000000001,0.036842005012394916,5.42,5.55,0.1299999999999999,5.470000000000001,-0.00027141268075652115,0.0,1.0,1
5.478333333333334,0.03890872509976244,5.43,5.56,0.1299999999999999,5.470000000000001,0.0005183537263625455,0.0,1.0,1
5.475666666666666,0.034706707645000785,5.43,5.53,0.10000000000000053,5.46,-0.0011279199110123459,0.0,1.0,1
5.473,0.03236767935250634,5.43,5.53,0.10000000000000053,5.470000000000001,-0.00021579532814248559,0.0,1.0,1
5.459999999999999,0.03141125063837268,5.42,5.51,0.08999999999999986,5.45,0.0008097886540599212,0.0,1.0,1
5.461666666666664,0.03643106122832856,5.4,5.53,0.1299999999999999,5.45,-0.0004338153503894273,0.0,1.0,1
5.461666666666667,0.03236081306491263,5.4,5.51,0.10999999999999943,5.45,0.00041156840934359804,0.0,1.0,1
5.451333333333333,0.032530327730015636,5.4,5.51,0.10999999999999943,5.44,-0.0003515016685206693,0.0,1.0,1
5.446333333333333,0.035447927380251064,5.4,5.51,0.10999999999999943,5.44,-6.451612903226357e-05,0.0,1.0,1
5.441666666666666,0.026967058093574584,5.39,5.5,0.11000000000000032,5.44,-1.5572858732057477e-05,0.0,1.0,1
5.445666666666667,0.031377628265303305,5.4,5.5,0.09999999999999964,5.4350000000000005,0.0001401557285871921,0.0,1.0,1
5.432,0.027616420236277375,5.39,5.48,0.09000000000000075,5.43,-0.0001779755283650213,0.0,1.0,1
5.433666666666667,0.03250470051478022,5.39,5.5,0.11000000000000032,5.43,-0.0006963292547275668,0.0,1.0,1
5.421333333333333,0.031594654962860756,5.37,5.48,0.11000000000000032,5.42,-0.0014238042269188837,0.0,1.0,1
5.422666666666666,0.0331595469745225,5.35,5.48,0.13000000000000078,5.42,0.00045828698553929034,0.0,1.0,1
5.4223333333333334,0.030406505151949956,5.37,5.5,0.1299999999999999,5.425,0.00018909899888755187,0.0,1.0,1
5.421666666666666,0.03215414263961791,5.37,5.5,0.1299999999999999,5.42,-0.00013570634037831817,0.0,1.0,1
5.414,0.02751968992073384,5.37,5.48,0.11000000000000032,5.41,-0.0009254727474973463,0.0,1.0,1
5.408666666666665,0.027170245163086505,5.35,5.46,0.11000000000000032,5.41,-0.0003604004449389165,0.0,1.0,1
5.412000000000001,0.03438992100407717,5.34,5.48,0.14000000000000057,5.42,0.00018687430478296125,0.0,1.0,1
5.4076666666666675,0.020113566455394128,5.37,5.44,0.07000000000000028,5.4,0.0005406006674080675,0.0,1.0,1
5.4126666666666665,0.023935097428021704,5.37,5.46,0.08999999999999986,5.42,-0.0005695216907676495,0.0,1.0,1
5.398666666666667,0.022764494771951777,5.37,5.44,0.07000000000000028,5.395,-0.00020022246941050491,0.0,1.0,1
5.386666666666667,0.023570226039551615,5.34,5.43,0.08999999999999986,5.39,-0.00043604004449399877,0.0,1.0,1
5.377999999999999,0.027373953556863905,5.34,5.42,0.08000000000000007,5.37,0.00022246941045602696,0.0,1.0,1
5.379999999999997,0.0229492193040781,5.34,5.42,0.08000000000000007,5.39,0.0011256952169075441,0.0,1.0,1
5.380999999999999,0.03228518752204081,5.34,5.46,0.1200000000000001,5.37,0.00019799777530579908,0.0,1.0,1
5.374666666666667,0.02629744389775478,5.32,5.43,0.10999999999999943,5.37,-0.0003070077864294716,0.0,1.0,1
5.367,0.023825756371344643,5.34,5.43,0.08999999999999986,5.37,-0.0011590656284762497,0.0,1.0,1
5.371666666666665,0.02793842435706714,5.32,5.42,0.09999999999999964,5.37,0.00015795328142362896,0.0,1.0,1
5.369333333333333,0.024073960113690458,5.34,5.42,0.08000000000000007,5.37,-0.0006407119021136273,0.0,1.0,1
5.365333333333333,0.028134597128012237,5.32,5.43,0.10999999999999943,5.37,-8.898776418258747e-05,0.0,1.0,1
5.364,0.026783079235467657,5.32,5.42,0.09999999999999964,5.35,-5.784204671874139e-05,0.0,1.0,1
5.358666666666665,0.029522119767312748,5.3,5.4,0.10000000000000053,5.35,-0.00015572858731934563,0.0,1.0,1
5.349,0.02890789972769843,5.3,5.42,0.1200000000000001,5.34,-0.0007141268075641573,0.0,1.0,1
5.353333333333334,0.02534210374499756,5.32,5.4,0.08000000000000007,5.35,-0.000591768631813306,0.0,1.0,1
5.339666666666667,0.02822331581433259,5.3,5.4,0.10000000000000053,5.34,0.0001001112347050604,0.0,1.0,1
5.315666666666667,0.033033652874337405,5.21,5.37,0.16000000000000014,5.32,-0.0018131256952169789,0.0,1.0,1
5.673666666666666,0.157511551604601,5.3,5.89,0.5899999999999999,5.67,-0.004255839822024593,0.0,1.0,1
6.0699999999999985,0.06816646291738093,5.94,6.17,0.22999999999999954,6.09,0.005058954393770762,0.0,0.2,1
6.142,0.02797618034447639,6.08,6.17,0.08999999999999986,6.15,-0.002687430478309394,0.0,0.0,1
6.0409999999999995,0.028676354952004265,5.99,6.1,0.10999999999999943,6.03,-0.003041156840934673,0.0,0.03333333333333333,1
6.003333333333333,0.019720265943665317,5.97,6.05,0.08000000000000007,6.01,0.0002625139043380819,0.0,0.43333333333333335,1
5.948333333333333,0.027578171722497345,5.91,6.01,0.09999999999999964,5.95,-0.0023692992213571037,0.0,0.9666666666666667,1
5.891666666666667,0.0205074512203627,5.85,5.92,0.07000000000000028,5.89,-0.0016885428253617097,0.0,1.0,1
5.8420000000000005,0.028798148088606992,5.8,5.89,0.08999999999999986,5.85,0.0014282536151277768,0.0,1.0,1
5.886666666666668,0.03299831645537227,5.8,5.94,0.14000000000000057,5.89,-0.0017797552836486383,0.0,1.0,1
5.840999999999999,0.043539254319139034,5.76,5.92,0.16000000000000014,5.83,0.0041668520578418905,0.0,1.0,1
5.860333333333333,0.027866746411369235,5.81,5.92,0.11000000000000032,5.85,-0.000820912124583124,0.0,1.0,1
5.8320000000000025,0.02300724523565,5.8,5.88,0.08000000000000007,5.83,0.0003737486095660185,0.0,1.0,1
5.851,0.030588668926036497,5.8,5.91,0.11000000000000032,5.85,0.0017330367074527154,0.0,1.0,1
5.904,0.027398296784046053,5.86,5.97,0.10999999999999943,5.9,0.0014860956618462492,0.0,1.0,1
6.034000000000001,0.020099751242241917,6.01,6.08,0.07000000000000028,6.03,-8.008898776445548e-05,0.0,0.0,1
5.970999999999998,0.03708998067762592,5.88,6.03,0.15000000000000036,5.97,-0.0032680756395996125,0.0,0.7666666666666667,1
5.877666666666666,0.028246927069840524,5.81,5.94,0.13000000000000078,5.88,0.00020244716351488427,0.0,1.0,1
5.894999999999999,0.031278320500521324,5.83,5.96,0.1299999999999999,5.9,-0.0002558398220245981,0.0,1.0,1
5.926333333333333,0.029380643665893796,5.88,5.99,0.11000000000000032,5.92,-0.0007497219132371077,0.0,1.0,1
5.891333333333333,0.020612833111653787,5.85,5.94,0.09000000000000075,5.89,0.00026696329254718624,0.0,1.0,1
5.899666666666666,0.020245712852080343,5.86,5.94,0.08000000000000007,5.9,-0.00042936596218036134,0.0,1.0,1
5.925666666666666,0.03887444176090796,5.85,6.02,0.16999999999999993,5.93,0.0026273637374858508,0.0,0.9666666666666667,1
5.909999999999999,0.03521363372331809,5.85,5.97,0.1200000000000001,5.92,-7.119021134597779e-05,0.0,1.0,1
5.888333333333335,0.03367326667979948,5.8,5.94,0.14000000000000057,5.89,-0.002382647385984686,0.0,1.0,1
5.815666666666668,0.035278258964347296,5.75,5.89,0.13999999999999968,5.81,-0.002302558398220288,0.0,1.0,1
5.824333333333333,0.029853345243409907,5.76,5.88,0.1200000000000001,5.81,0.00024249165739701598,0.0,1.0,1
5.894666666666667,0.08237043698371942,5.78,6.07,0.29000000000000004,5.86,0.007924360400444794,0.0,0.7666666666666667,1
5.8873333333333315,0.03520732247069581,5.81,5.99,0.1800000000000006,5.88,-0.001365962180200315,0.0,1.0,1
5.872666666666666,0.025940101944458338,5.83,5.92,0.08999999999999986,5.86,-0.0002981090100112244,0.0,1.0,1
5.8436666666666675,0.0304940795711051,5.8,5.92,0.1200000000000001,5.83,-0.0022402669632926534,0.0,1.0,1
5.810000000000001,0.028166173565703497,5.76,5.86,0.10000000000000053,5.81,-0.0012992213570634417,0.0,1.0,1
5.790666666666667,0.04032644569289759,5.73,5.88,0.14999999999999947,5.78,0.0015305895439375816,0.0,1.0,1
5.8516666666666675,0.03120719290306155,5.8,5.91,0.11000000000000032,5.86,-0.0013681868743049249,0.0,1.0,1
5.825000000000001,0.026677081299622544,5.78,5.88,0.09999999999999964,5.82,-0.00037152391546169675,0.0,1.0,1
5.778666666666667,0.02906697247545547,5.71,5.85,0.13999999999999968,5.78,0.001121245828698459,0.0,1.0,1
5.8786666666666685,0.07736206362868615,5.73,6.02,0.28999999999999915,5.86,-0.0027986651835374653,0.0,0.9,1
5.875333333333334,0.10993129167297584,5.62,6.03,0.41000000000000014,5.88,0.0008409343715237673,0.0,0.8,1
5.884000000000001,0.07378346698278686,5.8,6.03,0.23000000000000043,5.855,-0.0060734149054506,0.0,0.8666666666666667,1
5.760999999999999,0.0297040962382856,5.71,5.83,0.1200000000000001,5.76,-0.002738598442714229,0.0,1.0,1
5.730666666666666,0.02293953404544703,5.69,5.8,0.10999999999999943,5.725,-0.00039154616240282024,0.0,1.0,1
5.708,0.032598568475726966,5.65,5.78,0.1299999999999999,5.71,-0.0018242491657398743,0.0,1.0,1
5.679333333333332,0.03614169644914613,5.62,5.76,0.13999999999999968,5.67,-0.0013882091212459333,0.0,1.0,1
5.639333333333331,0.026948510575210374,5.59,5.72,0.1299999999999999,5.64,0.0015305895439375623,0.0,1.0,1
5.655666666666665,0.03574757179010752,5.59,5.75,0.16000000000000014,5.65,0.0004516129032256529,0.0,1.0,1
5.606666666666668,0.025077657165072154,5.55,5.69,0.14000000000000057,5.6,-0.0009254727474973656,0.0,1.0,1
5.596,0.019765289440497966,5.57,5.64,0.0699999999999994,5.59,-0.000743047830923432,0.0,1.0,1
5.600999999999998,0.03700000000000003,5.56,5.71,0.15000000000000036,5.59,0.0018131256952169212,0.0,1.0,1
5.579,0.029591665493288306,5.55,5.65,0.10000000000000053,5.57,-0.0015684093437153914,0.0,1.0,1
5.557333333333335,0.023513589451397938,5.51,5.62,0.11000000000000032,5.55,0.00039154616240255136,0.0,1.0,1
5.5443333333333324,0.0306249716553156,5.48,5.62,0.13999999999999968,5.55,-0.001056729699666464,0.0,1.0,1
5.5249999999999995,0.02655183609470342,5.48,5.57,0.08999999999999986,5.53,-0.001012235817575228,0.0,1.0,1
5.515666666666666,0.026543465402157816,5.48,5.57,0.08999999999999986,5.51,0.0002691879866516616,0.0,1.0,1
5.513666666666666,0.02024571285208027,5.48,5.59,0.10999999999999943,5.51,-0.0007319243604005557,0.0,1.0,1
5.500666666666665,0.01982142499642458,5.44,5.53,0.08999999999999986,5.5,0.0006852057842045561,0.0,1.0,1
5.497333333333334,0.029657301892713542,5.44,5.59,0.14999999999999947,5.5,-0.001388209121245914,0.0,1.0,1
5.4766666666666675,0.021653842358548926,5.43,5.51,0.08000000000000007,5.48,0.0005383759733034961,0.0,1.0,1
5.486000000000001,0.024979991993593485,5.44,5.55,0.10999999999999943,5.5,-0.0007030033370412618,0.0,1.0,1
5.455333333333333,0.033439829877291875,5.4,5.55,0.14999999999999947,5.45,-0.0013926585094550569,0.0,1.0,1
5.440666666666667,0.027800879282657495,5.4,5.53,0.1299999999999999,5.43,-6.229143492780738e-05,0.0,1.0,1
5.425333333333332,0.02872087897138399,5.39,5.51,0.1200000000000001,5.42,0.00015572858731915357,0.0,1.0,1
5.428,0.03259856847572706,5.39,5.51,0.1200000000000001,5.42,-0.0005962180200223911,0.0,1.0,1
5.435666666666667,0.023900255693657772,5.4,5.51,0.10999999999999943,5.43,-0.00028698553948846336,0.0,1.0,1
5.425666666666667,0.03252520390234146,5.39,5.53,0.14000000000000057,5.42,-0.0013370411568409829,0.0,1.0,1
5.45,0.0975021367287234,5.37,5.72,0.34999999999999964,5.42,0.007167964404894202,0.0,1.0,1
5.455,0.05965176722724421,5.37,5.56,0.1899999999999995,5.4350000000000005,0.0007230255839820588,0.0,1.0,1
5.435666666666666,0.052515606146067484,5.37,5.55,0.17999999999999972,5.42,-0.0004649610678532734,0.0,1.0,1
5.433333333333333,0.04555826550205302,5.37,5.51,0.13999999999999968,5.42,0.0006184649610677404,0.0,1.0,1
5.429999999999999,0.04041451884327392,5.39,5.53,0.14000000000000057,5.425,4.449388209108248e-05,0.0,1.0,1
5.437666666666666,0.04937498241912483,5.37,5.55,0.17999999999999972,5.43,-0.001163515016685354,0.0,1.0,1
5.399000000000001,0.048052055106935984,5.32,5.5,0.17999999999999972,5.39,-0.0008565072302559208,0.0,1.0,1
5.386333333333332,0.03902847962990913,5.34,5.48,0.14000000000000057,5.37,0.001167964404894228,0.0,1.0,1
5.3839999999999995,0.03421500645428369,5.34,5.46,0.1200000000000001,5.37,0.000809788654059902,0.0,1.0,1
5.374666666666666,0.04807863928560751,5.3,5.48,0.1800000000000006,5.37,-0.0009966629588432857,0.0,1.0,1
5.367666666666667,0.035466729323252996,5.3,5.44,0.14000000000000057,5.35,0.0010166852057840636,0.0,1.0,1
5.363333333333334,0.04197883064381644,5.3,5.46,0.16000000000000014,5.35,-0.0009833147942159726,0.0,1.0,1
5.366000000000001,0.047370877129308014,5.3,5.46,0.16000000000000014,5.35,-1.3348164627486068e-05,0.0,1.0,1
5.541333333333333,0.19081812166446757,5.28,5.85,0.5699999999999994,5.48,0.009036707452725081,0.0,1.0,1
5.718333333333334,0.04321136681733432,5.56,5.78,0.22000000000000064,5.725,-2.8921023359293876e-05,0.0,1.0,1
5.574666666666667,0.11540460225754537,5.35,5.75,0.40000000000000036,5.59,-0.008600667408231467,0.0,1.0,1
5.605333333333333,0.04088466161723191,5.53,5.69,0.16000000000000014,5.6,-0.00217575083426039,0.0,1.0,1
5.594333333333333,0.041205447320577626,5.53,5.71,0.17999999999999972,5.59,0.0013459399332590763,0.0,1.0,1
5.571333333333333,0.05051292463870564,5.48,5.69,0.20999999999999996,5.57,-0.003764182424916732,0.0,1.0,1
5.560000000000001,0.05738757124441967,5.43,5.69,0.2600000000000007,5.555,-0.00039154616240291625,0.0,1.0,1
5.547666666666667,0.06736385446876456,5.46,5.71,0.25,5.53,0.005995550611790831,0.0,1.0,1
5.572333333333332,0.05742724866201484,5.48,5.71,0.22999999999999954,5.5649999999999995,-0.0052258064516130034,0.0,1.0,1
5.5280000000000005,0.03961481204465482,5.46,5.62,0.16000000000000014,5.52,0.001784204671857512,0.0,1.0,1
5.649333333333335,0.11727271161224545,5.51,5.85,0.33999999999999986,5.609999999999999,0.011977753058954195,0.0,1.0,1
5.656666666666666,0.08726715049522112,5.42,5.78,0.3600000000000003,5.67,0.00034260289210213404,0.0,1.0,1
5.593333333333334,0.03832608627147957,5.53,5.69,0.16000000000000014,5.595,0.0007163515016683638,0.0,1.0,1
5.602,0.0341955162752858,5.53,5.69,0.16000000000000014,5.6,-0.0006362625139044076,0.0,1.0,1
5.5889999999999995,0.04839765834555771,5.5,5.69,0.1900000000000004,5.595,0.0011724137931032556,0.0,1.0,1
5.640000000000001,0.033166247903554096,5.57,5.71,0.13999999999999968,5.64,-0.0019710789766407997,0.0,1.0,1
5.546999999999999,0.04810751846991611,5.48,5.65,0.16999999999999993,5.55,-0.0012880978865406807,0.0,1.0,1
5.546666666666666,0.04444722213542203,5.43,5.62,0.1900000000000004,5.55,0.0012992213570632112,0.0,1.0,1
5.522666666666667,0.04007770230717092,5.44,5.59,0.14999999999999947,5.53,0.001459399332591642,0.0,1.0,1
5.536,0.0359258495608199,5.48,5.59,0.10999999999999943,5.53,-0.00042269187986666634,0.0,1.0,1
5.524,0.0413602063179895,5.43,5.6,0.16999999999999993,5.53,-0.0013659621802003727,0.0,1.0,1
5.531999999999999,0.03562770457569957,5.48,5.59,0.10999999999999943,5.53,-0.00019577308120147734,0.0,1.0,1
5.515,0.032015621187164146,5.46,5.57,0.11000000000000032,5.51,-0.0002602892102337793,0.0,1.0,1
5.534333333333333,0.03508877629986863,5.5,5.6,0.09999999999999964,5.52,0.00031813125695205976,0.0,1.0,1
5.518666666666666,0.032530327730015456,5.48,5.57,0.08999999999999986,5.5,-0.00011568409343723312,0.0,1.0,1
5.532666666666667,0.029089898972361913,5.5,5.59,0.08999999999999986,5.52,0.0001290322580643543,0.0,1.0,1
5.587666666666667,0.09520795951786568,5.43,5.8,0.3700000000000001,5.56,0.005710789766406997,0.0,1.0,1
5.638999999999999,0.15778360709106218,5.4,5.91,0.5099999999999998,5.585,0.015330367074527137,0.0,1.0,1
5.578333333333333,0.03266836730267106,5.51,5.69,0.1800000000000006,5.57,0.0012836484983313075,0.0,1.0,1
5.574666666666667,0.033737549143680025,5.51,5.69,0.1800000000000006,5.57,-0.000364849833148117,0.0,1.0,1
5.559666666666667,0.03341490020268731,5.51,5.64,0.1299999999999999,5.56,-0.00032258064516145225,0.0,1.0,1
5.556666666666667,0.0257336787541583,5.51,5.6,0.08999999999999986,5.55,-0.0005873192436041631,0.0,1.0,1
5.5423333333333344,0.0403883921717889,5.48,5.62,0.13999999999999968,5.53,-0.00033592880978872705,0.0,1.0,1
5.534666666666666,0.03432524176494926,5.48,5.6,0.11999999999999922,5.53,-0.0008676307007787587,0.0,1.0,1
5.790666666666667,0.17871641098554877,5.5,6.03,0.5300000000000002,5.779999999999999,-0.0031946607341490824,0.0,0.8,1
5.892666666666666,0.1294844478005842,5.57,6.08,0.5099999999999998,5.89,0.00015572858731915357,0.0,0.7666666666666667,1
5.921333333333332,0.01961858529274966,5.89,5.96,0.07000000000000028,5.92,-0.0009877641824251346,0.0,1.0,1
5.8773333333333335,0.025024432505498,5.83,5.92,0.08999999999999986,5.88,-0.0022825361512793184,0.0,1.0,1
5.840666666666667,0.02064515008960267,5.78,5.88,0.09999999999999964,5.85,-0.0008409343715240938,0.0,1.0,1
5.781000000000001,0.0222635726393287,5.75,5.83,0.08000000000000007,5.78,0.00018020022246932382,0.0,1.0,1
5.823666666666667,0.08384443266483997,5.75,6.01,0.2599999999999998,5.79,0.007713014460511432,0.0,0.9333333333333333,1
5.932666666666666,0.05685849882725434,5.85,6.02,0.16999999999999993,5.93,-0.0022647385984428236,0.0,0.8333333333333334,1
5.974666666666667,0.06868931665275341,5.75,6.07,0.3200000000000003,5.99,-0.001552836484983353,0.0,0.5333333333333333,1
5.903333333333333,0.17030038820338084,5.35,6.03,0.6800000000000006,5.965,0.01299221357063388,0.0,0.7,1
6.022333333333335,0.02290317784840255,5.97,6.07,0.10000000000000053,6.02,-0.0017241379310346217,0.0,0.16666666666666666,1
5.983,0.03184860017855301,5.88,6.02,0.13999999999999968,5.99,-0.002102335928809879,0.0,0.7333333333333333,1
5.885666666666664,0.022903177848402467,5.85,5.94,0.09000000000000075,5.89,0.001746384872079971,0.0,1.0,1
5.907666666666667,0.028009918878061032,5.85,5.96,0.11000000000000032,5.91,-0.0022847608453839667,0.0,1.0,1
5.848333333333335,0.024776781245530902,5.8,5.92,0.1200000000000001,5.85,-1.557285873199986e-05,0.0,1.0,1
5.800333333333335,0.030274668545758762,5.72,5.86,0.14000000000000057,5.8,0.0005806451612901224,0.0,1.0,1
5.821666666666667,0.029674156357941437,5.78,5.88,0.09999999999999964,5.81,0.0008342602892101683,0.0,1.0,1
5.8206666666666695,0.029992591677872018,5.75,5.88,0.1299999999999999,5.82,-0.00019577308120143894,0.0,1.0,1
5.795333333333334,0.04161196409153918,5.73,5.88,0.14999999999999947,5.79,-0.0022291434927698157,0.0,1.0,1
5.758000000000001,0.030484968973796468,5.71,5.83,0.1200000000000001,5.75,0.0012947719688541836,0.0,1.0,1
5.750333333333334,0.04183167327383505,5.67,5.83,0.16000000000000014,5.75,-0.0031924360400446073,0.0,1.0,1
5.725,0.027049337638224424,5.65,5.78,0.1299999999999999,5.73,-0.0007052280311458716,0.0,1.0,1
5.691000000000001,0.042296571965113224,5.62,5.78,0.16000000000000014,5.69,-0.0028008898776419214,0.0,1.0,1
5.723,0.031638584039112676,5.65,5.8,0.14999999999999947,5.72,-0.001310344827586318,0.0,1.0,1
5.7026666666666666,0.04388874824168742,5.64,5.83,0.1900000000000004,5.7,0.0006496106785315672,0.0,1.0,1
5.7156666666666665,0.16542235506592076,5.51,5.97,0.45999999999999996,5.65,-0.015655172413793217,0.0,1.0,1
5.725,0.019958289839896934,5.67,5.76,0.08999999999999986,5.72,0.0008342602892100338,0.0,1.0,1
5.703,0.03338163167571857,5.62,5.76,0.13999999999999968,5.71,-0.0015417130144605921,0.0,1.0,1
5.655999999999998,0.024027761721253545,5.6,5.72,0.1200000000000001,5.65,-0.00017352614015589768,0.0,1.0,1
5.640666666666665,0.03345976024354566,5.59,5.72,0.1299999999999999,5.64,-0.0006140155728588471,0.0,1.0,1
5.648,0.029028721409436374,5.6,5.71,0.11000000000000032,5.65,0.0023225806451611813,0.0,1.0,1
5.6353333333333335,0.03303869784897041,5.59,5.71,0.1200000000000001,5.64,-0.0026963292547275836,0.0,1.0,1
5.616333333333333,0.05862214219521119,5.56,5.76,0.20000000000000018,5.595,0.0018531701890988992,0.0,1.0,1
5.616666666666665,0.042843384034825766,5.56,5.71,0.15000000000000036,5.6,0.00294549499443816,0.0,1.0,1
5.603333333333333,0.04825856285561036,5.51,5.72,0.20999999999999996,5.6,-0.003710789766407249,0.0,1.0,1
5.566666666666667,0.02454021642574123,5.53,5.62,0.08999999999999986,5.56,0.0009521690767518384,0.0,1.0,1
5.684333333333332,0.05589772406418317,5.53,5.78,0.25,5.68,0.004887652947719551,0.0,1.0,1
5.5680000000000005,0.032083225108042596,5.51,5.67,0.16000000000000014,5.56,-0.0012458286985540352,0.0,1.0,1
5.699333333333334,0.08241898378946982,5.55,5.83,0.28000000000000025,5.69,0.009072302558398167,0.0,1.0,1
5.726666666666665,0.08178562764256862,5.57,5.85,0.27999999999999936,5.74,-0.006860956618465057,0.0,1.0,1
5.5329999999999995,0.03163858403911264,5.48,5.59,0.10999999999999943,5.53,-0.0017997775305896465,0.0,1.0,1
5.593666666666666,0.08171019248267355,5.48,5.78,0.2999999999999998,5.5649999999999995,0.007414905450500514,0.0,1.0,1
5.733666666666666,0.06625623660372579,5.59,5.81,0.21999999999999975,5.755,-0.006226918798665355,0.0,1.0,1
5.689333333333335,0.10188010382579893,5.56,5.86,0.3000000000000007,5.67,0.010002224694104426,0.0,1.0,1
5.883333333333335,0.04756282395129855,5.78,5.97,0.1899999999999995,5.88,-0.002856507230256053,0.0,1.0,1
5.887333333333333,0.04024370206076425,5.78,5.96,0.17999999999999972,5.89,-0.001766407119021325,0.0,1.0,1
5.8053333333333335,0.05542161632030904,5.67,5.89,0.21999999999999975,5.805,-0.0005383759733037843,0.0,1.0,1
5.525666666666666,0.06601430821336289,5.44,5.67,0.22999999999999954,5.505,-0.002338153503893373,0.0,1.0,1
5.551333333333334,0.030411985941218724,5.48,5.62,0.13999999999999968,5.55,0.0010500556173524043,0.0,1.0,1
5.576333333333333,0.02562334005463679,5.53,5.62,0.08999999999999986,5.58,-0.0007541713014462505,0.0,1.0,1
5.526,0.031048349392520005,5.46,5.59,0.1299999999999999,5.53,-0.0008943270300334811,0.0,1.0,1
5.528333333333333,0.03055959569249697,5.46,5.59,0.1299999999999999,5.53,-0.0009855394883204864,0.0,1.0,1
5.520999999999999,0.021346350195447086,5.48,5.56,0.07999999999999918,5.51,-0.0005228031145718035,0.0,1.0,1
5.492999999999999,0.03099999999999987,5.43,5.55,0.1200000000000001,5.5,-0.0006696329254729787,0.0,1.0,1
5.4849999999999985,0.02305789814069498,5.44,5.53,0.08999999999999986,5.48,0.0004071190211344168,0.0,1.0,1
5.4670000000000005,0.02770679820308849,5.39,5.51,0.1200000000000001,5.46,-0.0018709677419356627,0.0,1.0,1
5.4716666666666685,0.029335227211588946,5.43,5.55,0.1200000000000001,5.470000000000001,-0.00018464961067860108,0.0,1.0,1
5.4556666666666676,0.01838175423861642,5.42,5.48,0.0600000000000005,5.46,0.0008476084538375392,0.0,1.0,1
5.4559999999999995,0.022891046284519212,5.43,5.51,0.08000000000000007,5.45,-0.00014682981090121362,0.0,1.0,1
5.441,0.02637549367626455,5.4,5.5,0.09999999999999964,5.43,0.00039377085650710357,0.0,1.0,1
5.426333333333333,0.022874051285730414,5.35,5.46,0.11000000000000032,5.43,-0.0015728587319245534,0.0,1.0,1
5.411,0.021189620100417143,5.37,5.44,0.07000000000000028,5.4,0.0006340378197997018,0.0,1.0,1
5.388333333333334,0.0279384243570671,5.34,5.44,0.10000000000000053,5.39,0.00019799777530568385,0.0,1.0,1
5.383333333333331,0.027365834335698416,5.32,5.44,0.1200000000000001,5.39,-0.000849833147942341,0.0,1.0,1
5.364333333333334,0.026668749918626167,5.3,5.43,0.1299999999999999,5.37,-4.226918798683756e-05,0.0,1.0,1
5.3423333333333325,0.03303365287433744,5.28,5.4,0.1200000000000001,5.34,-0.000384872080089106,0.0,1.0,1
5.343000000000001,0.03318132004607413,5.28,5.4,0.1200000000000001,5.34,-0.0013637374860958206,0.0,1.0,1
5.310333333333333,0.03321478920935993,5.28,5.37,0.08999999999999986,5.3,-0.0004204671857620373,0.0,1.0,1
5.3066666666666675,0.030586852658545133,5.28,5.37,0.08999999999999986,5.3,0.00020912124582852167,0.0,1.0,1
5.294333333333333,0.020278614899006755,5.26,5.35,0.08999999999999986,5.28,-0.00010901001112365332,0.0,1.0,1
5.298333333333333,0.027457037146948006,5.26,5.35,0.08999999999999986,5.29,-0.0002246941045607328,0.0,1.0,1
5.270333333333334,0.02509758731210805,5.23,5.32,0.08999999999999986,5.27,0.00019354838709669466,0.0,1.0,1
5.270666666666666,0.02606828639468952,5.23,5.35,0.11999999999999922,5.26,-0.001023359288098066,0.0,1.0,1
5.259,0.02440628334398059,5.19,5.3,0.10999999999999943,5.26,0.0003181312569521366,0.0,1.0,1
5.256,0.027640549922170448,5.21,5.34,0.1299999999999999,5.25,0.0010500556173524426,0.0,1.0,1
5.235000000000001,0.03432686023121448,5.16,5.3,0.13999999999999968,5.235,0.000491657397107823,0.0,1.0,1
5.244,0.034890304288345414,5.19,5.32,0.1299999999999999,5.24,-0.0012235817575085323,0.0,1.0,1
5.208333333333333,0.03455269727371354,5.16,5.28,0.1200000000000001,5.21,-0.0016573971078978637,0.0,1.0,1
5.187333333333333,0.027680719322702416,5.14,5.24,0.10000000000000053,5.18,0.0007385984427140202,0.0,1.0,1
5.195000000000001,0.03201562118716433,5.14,5.26,0.1200000000000001,5.19,-2.0022246941181088e-05,0.0,1.0,1
5.182,0.029709706606876354,5.14,5.26,0.1200000000000001,5.18,-0.0006051167964405999,0.0,1.0,1
5.152333333333332,0.03018645759644925,5.1,5.21,0.11000000000000032,5.14,-6.674082313867868e-06,0.0,1.0,1
5.141333333333334,0.030847294136691447,5.1,5.23,0.13000000000000078,5.13,-0.0007697441601780776,0.0,1.0,1
5.126666666666667,0.030912061651652417,5.08,5.19,0.11000000000000032,5.12,0.0001646273637374392,0.0,1.0,1
5.127,0.030566866593311967,5.08,5.18,0.09999999999999964,5.13,0.000736373748609468,0.0,1.0,1
5.132666666666665,0.02015495527710794,5.1,5.19,0.09000000000000075,5.13,0.00045828698553946316,0.0,1.0,1
5.129333333333333,0.026195843605851386,5.08,5.19,0.11000000000000032,5.12,8.89877641805517e-06,0.0,1.0,1
5.130999999999999,0.023853720883753236,5.1,5.19,0.09000000000000075,5.13,-0.0008209121245829703,0.0,1.0,1
5.122999999999999,0.0223830292855994,5.08,5.19,0.11000000000000032,5.12,0.0008832035595104321,0.0,1.0,1
5.126999999999999,0.021000000000000022,5.08,5.18,0.09999999999999964,5.13,0.0005539488320355152,0.0,1.0,1
5.1339999999999995,0.023888630489558537,5.1,5.19,0.09000000000000075,5.13,-0.0009877641824249618,0.0,1.0,1
5.114,0.02402776172125346,5.07,5.16,0.08999999999999986,5.109999999999999,-0.0009076751946608136,0.0,1.0,1
5.12,0.028284271247461867,5.05,5.18,0.1299999999999999,5.12,8.89877641822994e-05,0.0,1.0,1
5.132333333333333,0.023192431715731935,5.08,5.19,0.11000000000000032,5.13,0.0003804226918797135,0.0,1.0,1
5.1193333333333335,0.02731706833139715,5.08,5.18,0.09999999999999964,5.12,-6.674082313689259e-05,0.0,1.0,1
5.101000000000001,0.024269322199023138,5.05,5.14,0.08999999999999986,5.1,0.00023804226918793078,0.0,1.0,1
5.113333333333333,0.025473297566056978,5.07,5.16,0.08999999999999986,5.12,0.00027586206896541425,0.0,1.0,1
5.098333333333333,0.022521594575478362,5.07,5.14,0.0699999999999994,5.1,0.0007497219132368965,0.0,1.0,1
5.118333333333333,0.020013884069704044,5.07,5.16,0.08999999999999986,5.12,0.0005939933259175893,0.0,1.0,1
5.083666666666667,0.02469592858932182,5.03,5.13,0.09999999999999964,5.08,-0.0009365962180201842,0.0,1.0,1
5.0776666666666666,0.023192431715731834,5.03,5.13,0.09999999999999964,5.08,0.001403781979977645,0.0,1.0,1
5.096666666666668,0.02649947588580236,5.05,5.14,0.08999999999999986,5.1,-0.0018998887652948604,0.0,1.0,1
5.075,0.023769728648009386,5.03,5.14,0.10999999999999943,5.07,0.00022914349276968358,0.0,1.0,1
5.084,0.034506038118953405,5.02,5.14,0.1200000000000001,5.08,-0.0002714126807564443,0.0,1.0,1
5.068666666666667,0.03333999933346669,5.0,5.12,0.1200000000000001,5.07,0.0010634037819798711,0.0,1.0,1
5.058666666666666,0.04897164712588519,4.97,5.16,0.1900000000000004,5.07,-0.0027853170189100175,0.0,1.0,1
4.998333333333334,0.034649033977234484,4.94,5.07,0.1299999999999999,5.0,0.0013281423804225052,0.0,1.0,1
5.1339999999999995,0.09068627239003708,5.0,5.34,0.33999999999999986,5.135,0.0005561735261400866,0.0,1.0,1
5.205666666666667,0.03073362255829211,5.14,5.28,0.14000000000000057,5.21,0.0018175750834259104,0.0,1.0,1
5.2396666666666665,0.029942537560393147,5.18,5.3,0.1200000000000001,5.24,0.0017463848720799134,0.0,1.0,1
5.264666666666668,0.022020192753218287,5.23,5.32,0.08999999999999986,5.26,-1.536420851385622e-16,0.0,1.0,1
5.3389999999999995,0.08549268974596605,5.23,5.57,0.33999999999999986,5.32,0.007882091212458244,0.0,1.0,1
5.319,0.11928537211242612,5.14,5.56,0.41999999999999993,5.32,0.004981090100111051,0.0,1.0,1
5.325333333333333,0.03584534682338678,5.28,5.4,0.1200000000000001,5.32,0.0020511679644047366,0.0,1.0,1
5.322666666666667,0.025420901286583364,5.28,5.37,0.08999999999999986,5.32,-0.0005828698553950588,0.0,1.0,1
5.312666666666667,0.02632278269653273,5.28,5.39,0.10999999999999943,5.3,-0.00018242491657408729,0.0,1.0,1
5.319999999999999,0.028867513459481166,5.28,5.37,0.08999999999999986,5.32,-0.0009610678531703353,0.0,1.0,1
5.350333333333334,0.10584527491684362,5.24,5.62,0.3799999999999999,5.32,0.007721913236929737,0.0,1.0,1
5.378333333333333,0.12840257872107633,5.21,5.72,0.5099999999999998,5.369999999999999,-0.009777530589544095,0.0,1.0,1
5.309666666666667,0.03124988888869128,5.26,5.37,0.11000000000000032,5.3,0.0013414905450499337,0.0,1.0,1
5.309333333333334,0.052340763803708015,5.24,5.5,0.2599999999999998,5.3,-0.0024427141268076914,0.0,1.0,1
5.300333333333334,0.03049407957110503,5.26,5.37,0.11000000000000032,5.3,0.0008031145717462262,0.0,1.0,1
5.297666666666667,0.0348982648406605,5.24,5.35,0.10999999999999943,5.28,-0.0024538375973304715,0.0,1.0,1
5.349000000000001,0.11688598433231123,5.21,5.64,0.4299999999999997,5.3,-0.0044471635150167554,0.0,1.0,1
5.275,0.029410882339705423,5.23,5.34,0.10999999999999943,5.28,-0.0013236929922137656,0.0,1.0,1
5.275666666666666,0.03997360240069538,5.23,5.42,0.1899999999999995,5.28,0.0005850945494992845,0.0,1.0,1
5.272666666666667,0.017499206331208904,5.24,5.3,0.05999999999999961,5.28,4.894327030016768e-05,0.0,1.0,1
5.417333333333334,0.20271381030627605,5.23,5.8,0.5699999999999994,5.3,0.01947052280311438,0.0,1.0,1
5.263000000000001,0.38297214868272955,4.68,5.86,1.1800000000000006,5.0649999999999995,0.013012235817574908,0.0,1.0,1
5.763333333333333,0.1106445761084664,5.46,5.88,0.41999999999999993,5.81,-0.006064516129032449,0.0,1.0,1
5.694333333333333,0.07535176765603371,5.48,5.81,0.3299999999999992,5.72,0.00532369299221355,0.0,1.0,1
5.756333333333332,0.11608856772118242,5.53,5.97,0.4399999999999995,5.75,0.0041979977753057365,0.0,1.0,1
5.765,0.10632497354808033,5.44,5.97,0.5299999999999994,5.78,-0.006084538375973457,0.0,1.0,1
5.65,0.08854377448471455,5.37,5.8,0.4299999999999997,5.65,0.008106785317018785,0.0,1.0,1
5.806,0.07587709360098953,5.51,5.89,0.3799999999999999,5.83,0.00017797552836471402,0.0,1.0,1
5.7669999999999995,0.06314797436708999,5.65,5.91,0.2599999999999998,5.75,0.004954393770856367,0.0,1.0,1
5.803333333333333,0.042373996218855244,5.75,5.89,0.13999999999999968,5.8,-0.00211790878754186,0.0,1.0,1
5.769,0.03360059523282284,5.71,5.83,0.1200000000000001,5.76,0.0005494994438262955,0.0,1.0,1
5.750666666666666,0.04449219656923608,5.62,5.88,0.2599999999999998,5.75,-0.00035595105672983136,0.0,1.0,1
5.317333333333333,0.5171584756038413,4.64,6.02,1.38,5.25,-0.05523470522803119,0.0,0.9333333333333333,1
5.626333333333333,0.3629920415411641,4.57,5.94,1.37,5.76,0.03153948832035587,0.0,1.0,1
6.043666666666668,0.03833912999650473,5.96,6.1,0.13999999999999968,6.04,0.003957730812013216,0.0,0.16666666666666666,1
6.096,0.022449944320643626,6.05,6.15,0.10000000000000053,6.1,-0.0004404894327032184,0.0,0.0,1
6.084999999999999,0.02028957039137749,6.05,6.13,0.08000000000000007,6.08,-0.0003092324805339662,0.0,0.0,1
6.058666666666666,0.025394662606321217,6.01,6.12,0.11000000000000032,6.0600000000000005,-0.0013615127919913259,0.0,0.0,1
6.039666666666666,0.019058389811897197,6.01,6.07,0.0600000000000005,6.03,-0.0003848720800890484,0.0,0.0,1
6.019666666666666,0.010796089827134512,5.99,6.03,0.040000000000000036,6.02,-0.0005183537263627951,0.0,0.06666666666666667,1
6.007666666666665,0.011455226851626145,5.99,6.02,0.02999999999999936,6.01,0.0001713014460509614,0.0,0.26666666666666666,1
5.984,0.01799999999999999,5.94,6.01,0.0699999999999994,5.99,-0.0013259176863183754,0.0,0.8,1
5.972666666666667,0.021437246921084646,5.92,6.02,0.09999999999999964,5.97,0.0006273637374858723,0.0,0.9,1
5.9623333333333335,0.014985177861992608,5.92,5.99,0.07000000000000028,5.96,-0.0006117908787544486,0.0,1.0,1
5.960666666666667,0.015260697523012663,5.92,5.99,0.07000000000000028,5.96,-0.0007741935483873548,0.0,1.0,1
5.952000000000001,0.01956186766816156,5.92,5.99,0.07000000000000028,5.96,0.000796440489432608,0.0,1.0,1
5.931333333333331,0.01765093639316498,5.91,5.97,0.05999999999999961,5.93,-0.0014771968854284247,0.0,1.0,1
5.911,0.014456832294801132,5.89,5.94,0.05000000000000071,5.91,6.674082313406942e-06,0.0,1.0,1
5.924999999999998,0.017841898254763674,5.89,5.96,0.07000000000000028,5.92,-0.0002647385984428069,0.0,1.0,1
5.9129999999999985,0.011874342087038029,5.89,5.94,0.05000000000000071,5.91,0.000255839822024406,0.0,1.0,1
5.908999999999998,0.018138357147217225,5.88,5.94,0.0600000000000005,5.91,2.0022246940912213e-05,0.0,1.0,1
5.894333333333333,0.026543465402158014,5.85,5.96,0.11000000000000032,5.89,-0.0023025583982203843,0.0,1.0,1
5.902999999999998,0.016155494421403696,5.88,5.94,0.0600000000000005,5.9,-0.0002558398220246749,0.0,1.0,1
5.863666666666665,0.016428295373802138,5.83,5.89,0.05999999999999961,5.86,0.00048720800889868023,0.0,1.0,1
5.867333333333333,0.015260697523012711,5.83,5.89,0.05999999999999961,5.86,-0.000587319243604048,0.0,1.0,1
5.841333333333336,0.016478942792411102,5.81,5.88,0.07000000000000028,5.83,-0.0005383759733038994,0.0,1.0,1
5.844000000000002,0.025377155080899147,5.8,5.89,0.08999999999999986,5.85,-0.0023715239154616947,0.0,1.0,1
5.817666666666668,0.02011356645539419,5.78,5.86,0.08000000000000007,5.81,0.0009010011123469457,0.0,1.0,1
5.8356666666666674,0.022163533613172463,5.78,5.88,0.09999999999999964,5.83,7.341490545035715e-05,0.0,1.0,1
5.808000000000001,0.02937118769588094,5.76,5.86,0.10000000000000053,5.81,-0.0026073414905451882,0.0,1.0,1
5.797666666666669,0.026543465402157938,5.75,5.86,0.11000000000000032,5.8,0.0019999999999999016,0.0,1.0,1
5.830333333333334,0.03146249972409838,5.76,5.88,0.1200000000000001,5.84,-0.0024894327030034412,0.0,1.0,1
5.778666666666667,0.0284878141589618,5.73,5.83,0.09999999999999964,5.78,0.0014060066740821395,0.0,1.0,1
5.791333333333333,0.024458581770458846,5.75,5.83,0.08000000000000007,5.8,-0.0015706340378198668,0.0,1.0,1
5.770666666666667,0.028158282775923752,5.72,5.85,0.1299999999999999,5.76,0.0009655172413790748,0.0,1.0,1
5.763999999999999,0.024711670657134036,5.73,5.81,0.07999999999999918,5.75,-0.0002803114571746723,0.0,1.0,1
5.7286666666666655,0.02390722810272149,5.67,5.78,0.11000000000000032,5.73,3.1145717463711645e-05,0.0,1.0,1
5.712,0.02856571371417131,5.65,5.78,0.1299999999999999,5.72,-0.000573971078976677,0.0,1.0,1
5.718000000000001,0.02700617213403879,5.65,5.78,0.1299999999999999,5.72,0.0009966629588429785,0.0,1.0,1
5.7509999999999994,0.02371356854910984,5.72,5.81,0.08999999999999986,5.75,0.00011790878754167008,0.0,1.0,1
5.728,0.021197484127446126,5.69,5.76,0.0699999999999994,5.72,-0.0010322580645162746,0.0,1.0,1
5.733999999999999,0.023888630489558617,5.67,5.78,0.11000000000000032,5.73,-0.00061846496106799,0.0,1.0,1
5.733333333333333,0.16357125528513725,5.3,5.92,0.6200000000000001,5.775,0.00016907675194642837,0.0,1.0,1
5.823333333333335,0.11942454614618471,5.57,6.03,0.45999999999999996,5.805,0.006042269187986581,0.0,0.9,1
5.8646666666666665,0.025394662606321287,5.81,5.91,0.10000000000000053,5.86,-0.0010856507230257771,0.0,1.0,1
5.849666666666668,0.027626476833324674,5.8,5.91,0.11000000000000032,5.85,-0.0020266963292548353,0.0,1.0,1
5.819333333333335,0.026068286394689586,5.76,5.88,0.1200000000000001,5.83,0.00016017797552820036,0.0,1.0,1
5.791000000000001,0.0250798724079688,5.73,5.85,0.11999999999999922,5.8,0.00120355951056714,0.0,1.0,1
5.796000000000002,0.021694853460363938,5.76,5.83,0.07000000000000028,5.8,0.0004938820912123753,0.0,1.0,1
5.768333333333333,0.02464187943770149,5.73,5.81,0.07999999999999918,5.77,-0.0002157953281425816,0.0,1.0,1
5.738333333333332,0.020669354663903322,5.71,5.78,0.07000000000000028,5.73,0.00011345939933250807,0.0,1.0,1
5.733999999999999,0.024711670657134126,5.69,5.78,0.08999999999999986,5.73,-0.0011078976640713377,0.0,1.0,1
5.706333333333333,0.019913702708325053,5.67,5.75,0.08000000000000007,5.71,0.0005628476084536855,0.0,1.0,1
5.702,0.02357965224510311,5.65,5.75,0.09999999999999964,5.71,-0.00036040044493893577,0.0,1.0,1
5.696666666666667,0.02102908039411661,5.65,5.73,0.08000000000000007,5.69,-0.0008097886540601709,0.0,1.0,1
5.694999999999999,0.028953986484305316,5.64,5.73,0.09000000000000075,5.7,1.5572858731846217e-05,0.0,1.0,1
5.741,0.10225295431754851,5.56,5.92,0.3600000000000003,5.72,0.0006696329254724986,0.0,1.0,1
5.669,0.04948737212663452,5.53,5.75,0.21999999999999975,5.67,0.0010166852057840636,0.0,1.0,1
5.675333333333333,0.024321915129272963,5.64,5.72,0.08000000000000007,5.67,0.0012191323692991207,0.0,1.0,1
5.668666666666667,0.02513076909996105,5.62,5.71,0.08999999999999986,5.67,-0.0004894327030034629,0.0,1.0,1
5.641000000000001,0.021189620100417122,5.59,5.71,0.1200000000000001,5.64,-0.00034927697441615555,0.0,1.0,1
5.640666666666666,0.026824532718307738,5.59,5.69,0.10000000000000053,5.64,-0.0013125695216909085,0.0,1.0,1
5.694999999999999,0.16638810053606606,5.5,5.94,0.4400000000000004,5.609999999999999,0.0010611790878752613,0.0,1.0,1
5.686333333333332,0.09336249544413194,5.56,5.91,0.35000000000000053,5.66,0.002329254727474857,0.0,1.0,1
5.646999999999999,0.027221315177632512,5.6,5.73,0.13000000000000078,5.65,0.0006518353726361002,0.0,1.0,1
5.6436666666666655,0.020080393975772142,5.6,5.69,0.09000000000000075,5.64,0.0003314794215793922,0.0,1.0,1
5.688333333333333,0.044051737259222325,5.59,5.78,0.1900000000000004,5.69,0.00013570634037818373,0.0,1.0,1
5.730333333333333,0.0326070885272239,5.65,5.81,0.15999999999999925,5.73,-0.0009810901001114588,0.0,1.0,1
5.713333333333334,0.03369800521626694,5.65,5.78,0.1299999999999999,5.71,0.00036040044493870527,0.0,1.0,1
5.720333333333333,0.038857288748558955,5.64,5.8,0.16000000000000014,5.72,-0.0023737486095663043,0.0,1.0,1
5.7026666666666666,0.032345358588555216,5.65,5.78,0.1299999999999999,5.71,0.0006629588431589765,0.0,1.0,1
5.670333333333333,0.03816484711819972,5.6,5.75,0.15000000000000036,5.67,-0.0016840934371524325,0.0,1.0,1
5.654999999999999,0.037925365302569417,5.59,5.72,0.1299999999999999,5.645,0.0007230255839820588,0.0,1.0,1
5.6389999999999985,0.03399509768579398,5.59,5.71,0.1200000000000001,5.63,-0.0002513904338156281,0.0,1.0,1
5.631,0.044373415464667644,5.56,5.72,0.16000000000000014,5.64,-0.00266740823136829,0.0,1.0,1
5.599999999999999,0.027688746209726934,5.55,5.65,0.10000000000000053,5.6,0.0006807563959954132,0.0,1.0,1
5.600999999999998,0.03562302626111372,5.53,5.65,0.1200000000000001,5.59,-0.00021134593993326595,0.0,1.0,1
5.602333333333334,0.03383128072591338,5.55,5.65,0.10000000000000053,5.6,-0.0002602892102337409,0.0,1.0,1
5.574333333333333,0.024587711474546633,5.53,5.64,0.10999999999999943,5.57,-0.0006340378197998363,0.0,1.0,1
5.595666666666667,0.03116443842302035,5.55,5.65,0.10000000000000053,5.59,2.892102335923626e-05,0.0,1.0,1
5.5713333333333335,0.02789663460387689,5.53,5.62,0.08999999999999986,5.56,0.0003337041156839252,0.0,1.0,1
5.5616666666666665,0.025571251218680813,5.51,5.62,0.11000000000000032,5.56,0.0002647385984426533,0.0,1.0,1
5.554666666666668,0.024184476196289273,5.5,5.6,0.09999999999999964,5.56,0.0004137931034480926,0.0,1.0,1
5.559333333333333,0.019652537297311534,5.51,5.6,0.08999999999999986,5.56,-0.0001023359288099007,0.0,1.0,1
5.547666666666667,0.028481963103378576,5.48,5.6,0.11999999999999922,5.55,0.0009410456062290774,0.0,1.0,1
5.531666666666665,0.03055959569249703,5.48,5.59,0.10999999999999943,5.53,0.0006785317018908803,0.0,1.0,1
5.547333333333333,0.018607047649270483,5.51,5.57,0.0600000000000005,5.55,1.3348164627236398e-05,0.0,1.0,1
5.531000000000001,0.033699653806332525,5.46,5.59,0.1299999999999999,5.53,-0.0007541713014461546,0.0,1.0,1
5.516333333333332,0.0228740512857303,5.48,5.57,0.08999999999999986,5.51,0.0002914349276973565,0.0,1.0,1
5.506666666666666,0.03134042472944829,5.44,5.56,0.11999999999999922,5.51,0.0001646273637374392,0.0,1.0,1
5.509333333333334,0.02632278269653271,5.44,5.56,0.11999999999999922,5.51,0.0003426028921021916,0.0,1.0,1
5.492,0.028095076674273894,5.43,5.55,0.1200000000000001,5.5,-0.0006852057842048057,0.0,1.0,1
5.476333333333332,0.026768555350551736,5.43,5.53,0.10000000000000053,5.470000000000001,-0.0001846496106786779,0.0,1.0,1
5.484999999999999,0.03703601850451348,5.42,5.55,0.1299999999999999,5.5,8.231368186862357e-05,0.0,1.0,1
5.485,0.03149073937948529,5.42,5.55,0.1299999999999999,5.49,-0.0010122358175751896,0.0,1.0,1
5.443666666666667,0.03381156935461919,5.39,5.51,0.1200000000000001,5.43,-0.0011902113459400189,0.0,1.0,1
5.453666666666667,0.029152853872115005,5.42,5.51,0.08999999999999986,5.44,-0.00014015572858734577,0.0,1.0,1
5.633333333333332,0.1856579890252205,5.24,5.86,0.6200000000000001,5.69,0.006456062291434789,0.0,1.0,1
5.583666666666665,0.1211743463866103,5.44,5.92,0.47999999999999954,5.56,-0.008451612903225854,0.0,1.0,1
5.576666666666666,0.021499353995462763,5.5,5.6,0.09999999999999964,5.59,0.00037819799777510373,0.0,1.0,1
5.569666666666667,0.015595583420386097,5.53,5.6,0.0699999999999994,5.57,-0.0002024471635152492,0.0,1.0,1
5.5649999999999995,0.008465616732800366,5.55,5.59,0.040000000000000036,5.56,-0.00016240266963307904,0.0,1.0,1
5.564000000000002,0.018547236990991367,5.53,5.6,0.0699999999999994,5.56,0.0006318131256951304,0.0,1.0,1
5.569000000000001,0.026627053911388622,5.51,5.62,0.11000000000000032,5.5649999999999995,0.00012235817575069767,0.0,1.0,1
5.539000000000001,0.03320140559273557,5.5,5.6,0.09999999999999964,5.53,-0.0003670745272526884,0.0,1.0,1
5.538666666666667,0.030521395046025607,5.5,5.59,0.08999999999999986,5.53,-0.0007563959955507067,0.0,1.0,1
5.524666666666666,0.03442221504913475,5.48,5.6,0.11999999999999922,5.51,-0.0002580645161291887,0.0,1.0,1
5.511666666666667,0.032770243955284814,5.46,5.57,0.11000000000000032,5.51,-2.224694104744256e-06,0.0,1.0,1
5.5070000000000014,0.04116228046808539,5.44,5.59,0.14999999999999947,5.5,-0.0007007786429367288,0.0,1.0,1
5.490333333333334,0.04222821594884413,5.43,5.57,0.14000000000000057,5.48,0.0003626251390432383,0.0,1.0,1
5.487666666666668,0.04152776848754994,5.43,5.56,0.1299999999999999,5.48,0.00010456062291426084,0.0,1.0,1
5.482666666666666,0.047814456205442855,5.42,5.6,0.17999999999999972,5.48,0.0016284760845381857,0.0,1.0,1
5.459333333333333,0.0484378180993139,5.39,5.56,0.16999999999999993,5.44,0.0010411568409342145,0.0,1.0,1
5.4673333333333325,0.04138706185378332,5.4,5.56,0.15999999999999925,5.46,0.00226028921023347,0.0,1.0,1
5.454333333333334,0.03887444176090793,5.4,5.53,0.1299999999999999,5.45,-0.002142380422691953,0.0,1.0,1
5.5216666666666665,0.14926672621704934,5.3,5.86,0.5600000000000005,5.46,0.011690767519465906,0.0,1.0,1
5.7203333333333335,0.1827472450012737,5.44,5.96,0.5199999999999996,5.695,0.010556173526140055,0.0,1.0,1
5.574333333333334,0.059367967419775756,5.48,5.78,0.2999999999999998,5.56,-0.00155506117908804,0.0,1.0,1
5.550666666666667,0.04106363625182522,5.48,5.64,0.15999999999999925,5.56,-0.002389321468298285,0.0,1.0,1
5.522999999999999,0.05423098745182497,5.43,5.65,0.22000000000000064,5.53,0.003695216907675076,0.0,1.0,1
5.544666666666667,0.034422215049134834,5.5,5.6,0.09999999999999964,5.54,-0.0001868743047832301,0.0,1.0,1
5.5280000000000005,0.03646002377033409,5.48,5.6,0.11999999999999922,5.52,0.0003648498331478097,0.0,1.0,1
5.525666666666666,0.048831911242092,5.42,5.65,0.23000000000000043,5.515000000000001,-0.0004516129032259218,0.0,1.0,1
5.503333333333334,0.04027681991198179,5.44,5.59,0.14999999999999947,5.5,-0.0011568409343715822,0.0,1.0,1
5.5,0.04494441010848836,5.44,5.57,0.1299999999999999,5.51,-0.0010856507230256813,0.0,1.0,1
5.495333333333333,0.054389541478322936,5.43,5.6,0.16999999999999993,5.5,0.0004449388209119771,0.0,1.0,1
5.459333333333333,0.04210568713236832,5.4,5.56,0.15999999999999925,5.44,-0.0012369299221358457,0.0,1.0,1
5.471999999999999,0.04445222154178568,5.42,5.56,0.13999999999999968,5.46,-0.00029810901001112833,0.0,1.0,1
5.472,0.04512205669071393,5.4,5.55,0.14999999999999947,5.46,-0.0008320355951058466,0.0,1.0,1
5.451666666666665,0.040173235977313114,5.39,5.51,0.1200000000000001,5.46,0.0006206896551722541,0.0,1.0,1
5.473666666666666,0.04819981558286524,5.4,5.56,0.15999999999999925,5.48,-0.0004071190211348009,0.0,1.0,1
5.457999999999998,0.037452191747168406,5.4,5.53,0.1299999999999999,5.45,-2.224694104569488e-05,0.0,1.0,1
5.454666666666666,0.045146674542231965,5.39,5.53,0.14000000000000057,5.46,-4.449388209238844e-06,0.0,1.0,1
5.460999999999999,0.05676559991168358,5.37,5.57,0.20000000000000018,5.46,-0.0034327030033372247,0.0,1.0,1
5.4369999999999985,0.03532232532926825,5.37,5.51,0.13999999999999968,5.425,0.0002825361512791285,0.0,1.0,1
5.450333333333332,0.04199073971987417,5.39,5.53,0.14000000000000057,5.44,0.0006651835372635287,0.0,1.0,1
5.450666666666665,0.07571584305077035,5.37,5.69,0.3200000000000003,5.43,0.004880978865405952,0.0,1.0,1
5.438333333333333,0.14184694411779056,5.26,5.73,0.47000000000000064,5.39,-0.009007786429366,0.0,1.0,1
5.355333333333334,0.15636993175017874,4.83,5.55,0.7199999999999998,5.41,-0.009543937708565193,0.0,1.0,1
5.432666666666667,0.1663116218294907,5.16,5.69,0.5300000000000002,5.49,0.013668520578420343,0.0,1.0,1
5.5166666666666675,0.04908043285148246,5.42,5.64,0.21999999999999975,5.5,0.0026162402669631666,0.0,1.0,1
5.465333333333334,0.026923760675078207,5.43,5.55,0.1200000000000001,5.46,-0.0009432703003338409,0.0,1.0,1
5.462333333333332,0.021241991955139743,5.44,5.53,0.08999999999999986,5.46,0.001132369299221316,0.0,1.0,1
5.403000000000001,0.11201636785160757,5.05,5.64,0.5899999999999999,5.43,-0.0013192436040045075,0.0,1.0,1
5.451,0.018138357147217128,5.43,5.5,0.07000000000000028,5.45,0.00030923248053383174,0.0,1.0,1
5.4346666666666685,0.03353936327494747,5.3,5.48,0.1800000000000006,5.44,0.00016462736373730477,0.0,1.0,1
5.431333333333333,0.02348521993841145,5.34,5.46,0.1200000000000001,5.4350000000000005,-0.00030255839822046325,0.0,1.0,1
5.414000000000001,0.01800000000000002,5.39,5.44,0.05000000000000071,5.42,-5.784204671868378e-05,0.0,1.0,1
5.412000000000001,0.01492201952373288,5.37,5.44,0.07000000000000028,5.42,0.0005873192436039327,0.0,1.0,1
5.401666666666667,0.029786275736020117,5.3,5.44,0.14000000000000057,5.4,0.0012169076751945493,0.0,1.0,1
5.401,0.0310214979221399,5.28,5.44,0.16000000000000014,5.4,-0.0011768631813127632,0.0,1.0,1
5.437333333333332,0.03965966324729557,5.39,5.55,0.16000000000000014,5.43,0.0012591768631811948,0.0,1.0,1
5.435,0.014083086782851785,5.4,5.46,0.05999999999999961,5.43,-0.00010901001112359571,0.0,1.0,1
5.435333333333333,0.02186829262247569,5.39,5.51,0.1200000000000001,5.43,0.0015884315906562077,0.0,1.0,1
5.452,0.028448784391135858,5.4,5.51,0.10999999999999943,5.44,-0.0022602892102337193,0.0,1.0,1
5.481333333333334,0.1254254980279351,5.32,5.8,0.47999999999999954,5.43,0.010327030033370295,0.0,1.0,1
5.506666666666666,0.16585803836078877,5.21,5.81,0.5999999999999996,5.49,0.007110122358175633,0.0,1.0,1
5.358333333333333,0.26534359276647745,4.83,5.72,0.8899999999999997,5.46,0.013635150166851982,0.0,1.0,1
5.8020000000000005,0.1385255692402429,5.46,6.01,0.5499999999999998,5.81,0.003123470522803009,0.0,0.9333333333333333,1
5.529666666666666,0.13780380578521362,5.28,5.92,0.6399999999999997,5.53,0.0008609566184647947,0.0,1.0,1
5.541333333333332,0.0885337349388481,5.35,5.72,0.3700000000000001,5.54,-0.0023448275862070103,0.0,1.0,1
5.6163333333333325,0.07534291974403148,5.46,5.75,0.29000000000000004,5.609999999999999,0.001928809788653943,0.0,1.0,1
5.721333333333333,0.1310148422465519,5.42,5.92,0.5,5.72,-0.0015261401557288036,0.0,1.0,1
5.4286666666666665,0.3737444165320586,4.89,6.07,1.1800000000000006,5.385,0.017650723025583806,0.0,0.8333333333333334,1
5.590666666666667,0.23104016004919048,5.0,6.01,1.0099999999999998,5.62,0.012035595105672802,0.0,0.9666666666666667,1
6.034333333333333,0.21267633206876177,5.3,6.24,0.9400000000000004,6.1,-0.0045895439377086145,0.0,0.26666666666666666,1
5.941333333333333,0.1581714962381725,5.62,6.22,0.5999999999999996,5.94,-0.0016106785317019793,0.0,0.6,1
6.176666666666667,0.21317181385497996,5.65,6.48,0.8300000000000001,6.24,0.0006095661846494547,0.0,0.23333333333333334,1
6.198333333333333,0.16659498458503758,5.92,6.48,0.5600000000000005,6.25,-0.0066896551724138845,0.0,0.23333333333333334,1
5.790333333333332,0.3901237695341768,4.94,6.33,1.3899999999999997,5.805,-0.037488320355951316,0.0,0.5666666666666667,1
5.734333333333333,0.3257574080337834,4.94,6.1,1.1599999999999993,5.8149999999999995,0.018525027808676143,0.0,0.8,1
6.118666666666667,0.26745383817690027,5.28,6.48,1.2000000000000002,6.140000000000001,0.02650055617352602,0.0,0.23333333333333334,1
6.3726666666666665,0.1587436787892846,6.13,6.64,0.5099999999999998,6.33,0.005388209121245602,0.0,0.0,1
6.468000000000001,0.13355148819837237,6.03,6.62,0.5899999999999999,6.5,0.004809788654059993,0.0,0.0,1
6.340666666666667,0.18025784002059073,5.83,6.53,0.7000000000000002,6.390000000000001,-0.00513014460511697,0.0,0.1,1
6.556666666666667,0.08692269873603535,6.38,6.7,0.3200000000000003,6.55,0.006958843159065449,0.0,0.0,1
6.485666666666669,0.22778181568236638,5.97,6.74,0.7700000000000005,6.574999999999999,-0.021065628476084574,0.0,0.03333333333333333,1
6.226333333333334,0.14140917776281542,5.86,6.42,0.5599999999999996,6.26,0.007170189098998773,0.0,0.1,1
6.067333333333335,0.1893837960920158,5.67,6.45,0.7800000000000002,6.1,-0.0027853170189099984,0.0,0.26666666666666666,1
6.1916666666666655,0.1509985283224826,5.76,6.35,0.5899999999999999,6.24,-0.0018442714126809786,0.0,0.1,1
6.271333333333333,0.13370946945606435,6.02,6.51,0.4900000000000002,6.295,0.0070478309232479604,0.0,0.0,1
6.258666666666665,0.2235431849901839,5.72,6.53,0.8100000000000005,6.31,0.020974416017797357,0.0,0.13333333333333333,1
6.476666666666666,0.18054239268259295,5.81,6.7,0.8900000000000006,6.51,-0.008538375973303852,0.0,0.03333333333333333,1
4.414000000000001,0.6800372538814816,3.03,6.12,3.0900000000000003,4.415,-0.0296551724137932,0.0,0.9666666666666667,1
4.761333333333334,0.5583113428505242,3.43,5.43,1.9999999999999996,4.895,0.062086763070077836,0.0,1.0,1
5.649333333333333,0.09633044978383289,5.42,5.81,0.3899999999999997,5.66,0.005098998887652798,0.0,1.0,1
5.823333333333332,0.10406194736256327,5.64,6.12,0.4800000000000004,5.83,-0.000369299221357183,0.0,0.9333333333333333,1
5.854333333333332,0.09559230559458687,5.53,6.01,0.47999999999999954,5.86,0.0017285873192433613,0.0,0.9666666666666667,1
5.990333333333335,0.06390009563547008,5.86,6.08,0.21999999999999975,6.01,0.005132369299221196,0.0,0.4666666666666667,1
5.414333333333332,0.4468010991730239,4.89,6.07,1.1800000000000006,5.33,-0.04500333704115697,0.0,0.7333333333333333,1
4.203,0.853721851658958,2.49,5.26,2.7699999999999996,4.45,0.022258064516128953,0.0,1.0,1
5.212000000000001,0.19353552645444705,4.84,5.53,0.6900000000000004,5.225,0.017735261401557154,0.0,1.0,1
5.854,0.16702494823628397,5.5,6.21,0.71,5.87,0.010976640711902035,0.0,0.8333333333333334,1
5.909666666666667,0.12998675146166075,5.57,6.08,0.5099999999999998,5.93,-0.007833147942158057,0.0,0.7,1
6.044,0.06519713695145407,5.92,6.21,0.29000000000000004,6.04,0.0025183537263623896,0.0,0.26666666666666666,1
6.066666666666667,0.028790430508918927,6.02,6.12,0.10000000000000053,6.08,-0.0025895439377086747,0.0,0.0,1
6.008333333333334,0.05099564251537139,5.92,6.13,0.20999999999999996,6.01,-0.00437597330367095,0.0,0.4,1
5.887333333333333,0.14456678579658455,5.57,6.15,0.5800000000000001,5.9,0.009210233592880902,0.0,0.7333333333333333,1
5.963,0.05961822987420325,5.85,6.07,0.22000000000000064,5.97,0.0003670745272523619,0.0,0.7333333333333333,1
5.9190000000000005,0.17313482222437707,5.48,6.28,0.7999999999999998,5.97,-0.0007897664071191626,0.0,0.7333333333333333,1
5.882000000000001,0.1717051736747226,5.44,6.13,0.6899999999999995,5.96,-0.006015572858731974,0.0,0.8333333333333334,1
5.890666666666666,0.1181787722995218,5.59,6.07,0.4800000000000004,5.9,-0.0016418242491658638,0.0,0.7666666666666667,1
5.883000000000001,0.09388468103654257,5.65,6.05,0.39999999999999947,5.885,0.009123470522803117,0.0,0.9666666666666667,1
5.888333333333334,0.13074359980086556,5.53,6.05,0.5199999999999996,5.92,0.006827586206896485,0.0,0.9,1
6.031333333333334,0.02813459712801231,5.96,6.1,0.13999999999999968,6.03,0.001770856507230199,0.0,0.1,1
5.989333333333333,0.03940671121635094,5.94,6.08,0.13999999999999968,5.99,-0.003964404894327121,0.0,0.5666666666666667,1
5.969333333333333,0.10871777939028904,5.88,6.35,0.46999999999999975,5.94,0.00608231368186854,0.0,0.8666666666666667,1
6.040333333333334,0.08121918218964999,5.86,6.19,0.33000000000000007,6.05,0.0002914349276973181,0.0,0.23333333333333334,1
5.957666666666666,0.02666874991862606,5.92,6.03,0.11000000000000032,5.96,-0.0018487208008901215,0.0,0.9,1
5.952,0.07777746031681247,5.67,6.07,0.40000000000000036,5.95,0.002820912124582795,0.0,0.7333333333333333,1
6.077999999999999,0.23462594343621365,5.56,6.33,0.7700000000000005,6.18,-0.010318131256952414,0.0,0.36666666666666664,1
6.070333333333332,0.0694494220438314,5.94,6.17,0.22999999999999954,6.07,0.002743047830923103,0.0,0.16666666666666666,1
6.0903333333333345,0.04183167327383515,6.02,6.17,0.15000000000000036,6.08,0.00018909899888745583,0.0,0.0,1
6.001000000000001,0.17131549842323082,5.53,6.19,0.6600000000000001,6.05,0.0033971078976639093,0.0,0.3,1
6.064000000000001,0.022000000000000075,6.02,6.1,0.08000000000000007,6.07,-0.0005962180200222952,0.0,0.0,1
5.983666666666666,0.1817045831990915,5.55,6.4,0.8500000000000005,5.99,0.00968409343715227,0.0,0.5,1
5.9513333333333325,0.28466042147716214,5.51,6.48,0.9700000000000006,5.91,0.014028921023359182,0.0,0.5333333333333333,1
5.906333333333333,0.18322087459918118,5.6,6.37,0.7700000000000005,5.92,-0.016389321468298287,0.0,0.6333333333333333,1
5.766333333333333,0.36227506431194273,5.14,6.29,1.1500000000000004,5.8149999999999995,0.035824249165739626,0.0,0.6,1
6.171666666666665,0.19916631799132656,5.62,6.47,0.8499999999999996,6.22,-0.0006117908787542566,0.0,0.2,1
6.4976666666666665,0.06053557264580517,6.31,6.61,0.3000000000000007,6.49,0.005497219132369178,0.0,0.0,1
6.255,0.29748669438032577,5.67,6.62,0.9500000000000002,6.17,-0.025283648498331607,0.0,0.2,1
6.185999999999999,0.06369720035710626,6.1,6.35,0.25,6.17,0.0011746384872079422,0.0,0.0,1
6.224666666666667,0.08147528595974499,6.03,6.38,0.34999999999999964,6.22,-0.001325917686318222,0.0,0.0,1
6.388333333333333,0.25586563314017424,5.55,6.62,1.0700000000000003,6.485,0.020473859844271323,0.0,0.1,1
6.577666666666668,0.043869756730070444,6.49,6.65,0.16000000000000014,6.58,0.0010478309232478712,0.0,0.0,1
6.4366666666666665,0.29861160206677984,5.64,6.69,1.0500000000000007,6.6,-0.01973303670745275,0.0,0.13333333333333333,1
6.278000000000001,0.2459186857479521,5.55,6.67,1.12,6.32,-0.0017486095661846384,0.0,0.1,1
6.2459999999999996,0.3231160782133876,5.43,6.53,1.1000000000000005,6.38,-0.023986651835372814,0.0,0.2,1
6.011666666666667,0.1720287443681692,5.64,6.24,0.6000000000000005,6.04,0.01450278086763051,0.0,0.3333333333333333,1
6.278333333333334,0.0628799561775363,6.15,6.42,0.2699999999999996,6.28,0.003672969966629458,0.0,0.0,1
6.267333333333331,0.15418459355230305,5.94,6.56,0.6199999999999992,6.285,-0.00013348164627370837,0.0,0.06666666666666667,1
6.424666666666668,0.1998121339881263,5.81,6.61,0.8000000000000007,6.49,-0.012342602892102561,0.0,0.03333333333333333,1
6.443,0.11866338946785562,6.07,6.59,0.5199999999999996,6.49,0.0016129032258062818,0.0,0.0,1
6.225,0.23337737679560977,5.76,6.62,0.8600000000000003,6.195,-0.011058954393770967,0.0,0.2,1
6.310333333333333,0.14103151736008832,5.89,6.48,0.5900000000000007,6.34,0.008251390433815254,0.0,0.03333333333333333,1
6.424333333333333,0.13763922244605845,6.12,6.58,0.45999999999999996,6.470000000000001,0.010596218020022226,0.0,0.0,1
6.519666666666668,0.14497087830166291,6.05,6.67,0.6200000000000001,6.56,0.010658509454949918,0.0,0.0,1
6.6286666666666685,0.02963481436119057,6.58,6.69,0.11000000000000032,6.62,-0.002153503893214753,0.0,0.0,1
6.557666666666666,0.03938555854907012,6.47,6.62,0.15000000000000036,6.56,-0.002947719688542943,0.0,0.0,1
6.448333333333333,0.09201751041091158,6.24,6.58,0.33999999999999986,6.48,-0.008402669632925687,0.0,0.0,1
6.3533333333333335,0.07212643220222553,6.13,6.47,0.33999999999999986,6.37,0.005401557285873069,0.0,0.0,1
6.464666666666665,0.08758741665076994,6.22,6.56,0.33999999999999986,6.485,0.005744160177975376,0.0,0.0,1
6.387666666666667,0.1663867649651124,6.02,6.62,0.6000000000000005,6.41,-0.011882091212458508,0.0,0.0,1
6.445666666666666,0.05407916008552239,6.33,6.53,0.20000000000000018,6.45,0.005572858731924223,0.0,0.0,1
6.487333333333331,0.029769484749021486,6.44,6.54,0.09999999999999964,6.485,-0.0008453837597332942,0.0,0.0,1
6.499333333333334,0.09926171915138723,6.26,6.64,0.3799999999999999,6.535,0.005410456062291239,0.0,0.0,1
6.499333333333333,0.025811280910141163,6.44,6.56,0.11999999999999922,6.49,0.0006451612903224436,0.0,0.0,1
6.35,0.15172343260024143,6.02,6.54,0.5200000000000005,6.4,0.003216907675194547,0.0,0.0,1
6.423333333333333,0.07299923896102542,6.17,6.56,0.3899999999999997,6.44,0.000800889877641866,0.0,0.0,1
6.323666666666667,0.03478345711525655,6.26,6.4,0.14000000000000057,6.32,0.002404894327029901,0.0,0.0,1
6.325666666666666,0.09365480351921211,6.07,6.44,0.3700000000000001,6.35,-0.003895439377085677,0.0,0.0,1
6.438999999999999,0.05418179275980698,6.33,6.56,0.22999999999999954,6.445,-0.0015506117908787433,0.0,0.0,1
6.351,0.018859126879754204,6.33,6.4,0.07000000000000028,6.35,-0.0005361512791992128,0.0,0.0,1
6.317666666666667,0.027408433414228925,6.26,6.37,0.11000000000000032,6.33,-0.001688542825361633,0.0,0.0,1
6.268666666666669,0.09240250116864916,6.03,6.4,0.3700000000000001,6.31,-0.002852057842046795,0.0,0.0,1
6.267,0.051584881506115635,6.15,6.33,0.17999999999999972,6.28,0.005212458286985383,0.0,0.0,1
6.33,0.021908902300206638,6.29,6.37,0.08000000000000007,6.33,0.0005072302558396692,0.0,0.0,1
6.297,0.028301943396169774,6.22,6.33,0.11000000000000032,6.3,-0.0006696329254728828,0.0,0.0,1
6.264666666666665,0.019955506062794424,6.22,6.29,0.07000000000000028,6.26,-0.000809788654060267,0.0,0.0,1
6.083,0.08858705699291908,5.89,6.24,0.35000000000000053,6.109999999999999,-0.003913236929922171,0.0,0.2,1
6.176333333333333,0.03092823233803636,6.13,6.28,0.15000000000000036,6.17,0.002195773081201302,0.0,0.0,1
6.235666666666666,0.11250728371482847,6.05,6.48,0.4300000000000006,6.215,0.00502113459399324,0.0,0.0,1
6.340333333333334,0.07291471425957556,6.19,6.45,0.2599999999999998,6.35,-0.002947719688542866,0.0,0.0,1
6.233999999999999,0.028589042189855397,6.17,6.28,0.11000000000000032,6.24,0.002460511679643879,0.0,0.0,1
6.244333333333334,0.022163533613172505,6.21,6.28,0.07000000000000028,6.24,-0.00017130144605123025,0.0,0.0,1
6.213,0.01934769581457516,6.17,6.26,0.08999999999999986,6.215,-0.00018020022246940066,0.0,0.0,1
6.154333333333332,0.028481963103378697,6.1,6.21,0.11000000000000032,6.16,-0.0019332591768632204,0.0,0.0,1
6.076,0.10413452837555852,5.76,6.26,0.5,6.08,0.0011345939933256953,0.0,0.13333333333333333,1
6.211333333333332,0.13942102503647805,6.08,6.53,0.4500000000000002,6.13,0.013414905450500373,0.0,0.0,1
6.278666666666668,0.20410345960375648,5.78,6.54,0.7599999999999998,6.32,-0.006936596218020235,0.0,0.13333333333333333,1
6.120666666666667,0.11735795196274042,5.8,6.31,0.5099999999999998,6.13,-0.00926807563959974,0.0,0.1,1
6.069999999999999,0.05703799902988657,5.96,6.17,0.20999999999999996,6.07,0.001112347052280173,0.0,0.06666666666666667,1
6.157999999999999,0.07751988992080258,5.88,6.28,0.40000000000000036,6.17,0.002852057842046526,0.0,0.06666666666666667,1
6.172333333333332,0.08815453602749104,5.92,6.35,0.4299999999999997,6.17,0.0009410456062290197,0.0,0.06666666666666667,1
6.233333333333333,0.03515047020390413,6.17,6.29,0.1200000000000001,6.24,0.003052280311457031,0.0,0.0,1
6.143333333333333,0.06972963661329533,6.03,6.28,0.25,6.13,-0.007145717463848795,0.0,0.0,1
5.996333333333334,0.08708169854924865,5.78,6.12,0.33999999999999986,6.01,-0.005746384872080177,0.0,0.43333333333333335,1
6.138333333333332,0.05053601575993998,5.97,6.24,0.27000000000000046,6.140000000000001,0.004682981090100076,0.0,0.03333333333333333,1
6.153,0.08756521379330187,5.94,6.33,0.3899999999999997,6.17,-0.005021134593993586,0.0,0.06666666666666667,1
6.060333333333335,0.07350661345907739,5.92,6.17,0.25,6.0600000000000005,0.00030923248053381255,0.0,0.23333333333333334,1
6.054666666666666,0.06661998365522331,5.92,6.17,0.25,6.05,0.0003781979977751421,0.0,0.16666666666666666,1
6.0323333333333355,0.05707791945129823,5.88,6.12,0.2400000000000002,6.03,-0.001256952169076969,0.0,0.2,1
5.961666666666668,0.07861650943380499,5.76,6.07,0.3100000000000005,5.99,0.0009187986651833825,0.0,0.5333333333333333,1
5.983333333333333,0.0927481656003083,5.65,6.08,0.4299999999999997,6.01,-0.00513014460511697,0.0,0.3,1
5.996333333333335,0.0394532071643809,5.89,6.08,0.1900000000000004,5.99,-0.0010967741935485958,0.0,0.6,1
6.0436666666666685,0.02258071940592,5.99,6.08,0.08999999999999986,6.05,0.001888765294771869,0.0,0.03333333333333333,1
6.045333333333335,0.0281345971280124,6.01,6.1,0.08999999999999986,6.05,-0.0009254727474973656,0.0,0.0,1
6.0326666666666675,0.035301872786329985,5.97,6.1,0.1299999999999999,6.03,-0.001944382647386039,0.0,0.16666666666666666,1
5.994333333333335,0.049172033605382685,5.86,6.08,0.21999999999999975,5.99,0.003437152391546041,0.0,0.5333333333333333,1
5.958666666666668,0.03353936327494739,5.89,6.03,0.14000000000000057,5.96,-0.000538375973303861,0.0,0.8666666666666667,1
5.950333333333333,0.03600771522265132,5.88,6.02,0.13999999999999968,5.96,0.0005850945494993229,0.0,0.9333333333333333,1
5.991333333333334,0.032530327730015504,5.94,6.05,0.10999999999999943,5.99,0.000863181312569443,0.0,0.5666666666666667,1
5.957666666666667,0.03518364519047013,5.89,6.03,0.14000000000000057,5.96,0.0009988876529476076,0.0,0.9,1
5.983666666666667,0.03701201006280101,5.92,6.05,0.1299999999999999,5.99,-0.0030989988876530304,0.0,0.6,1
5.9639999999999995,0.024440403706431083,5.91,6.01,0.09999999999999964,5.965,-0.0016907675194662043,0.0,0.9666666666666667,1
5.959333333333334,0.01842703328144695,5.91,5.99,0.08000000000000007,5.96,0.0006407119021133392,0.0,1.0,1
5.943333333333332,0.02357022603955154,5.91,6.01,0.09999999999999964,5.94,-0.0009343715239155744,0.0,0.9666666666666667,1
5.941666666666667,0.020507451220362634,5.91,5.97,0.05999999999999961,5.94,0.0009098998887650968,0.0,1.0,1
5.915333333333332,0.0313829394558396,5.85,5.97,0.1200000000000001,5.91,-0.0024026696329256365,0.0,1.0,1
5.9113333333333316,0.016679994670929153,5.88,5.96,0.08000000000000007,5.91,-0.0006629588431592454,0.0,1.0,1
5.875666666666666,0.013337499349161591,5.85,5.89,0.040000000000000036,5.88,0.0004961067853169274,0.0,1.0,1
5.873000000000002,0.026095976701399744,5.8,5.92,0.1200000000000001,5.88,-0.0012791991101225295,0.0,1.0,1
5.844333333333333,0.02940332558666722,5.8,5.89,0.08999999999999986,5.85,0.002542825361512656,0.0,1.0,1
5.844333333333335,0.02472290885438489,5.8,5.89,0.08999999999999986,5.85,0.0013548387096773429,0.0,1.0,1
5.840000000000001,0.026457513110645946,5.8,5.89,0.08999999999999986,5.83,-0.0019176863181314702,0.0,1.0,1
5.8323333333333345,0.027890659527678555,5.78,5.88,0.09999999999999964,5.84,-0.0017285873192437646,0.0,1.0,1
5.813000000000001,0.022083176100069123,5.78,5.86,0.08000000000000007,5.81,0.0010878754171300413,0.0,1.0,1
5.804333333333334,0.01994715240050288,5.76,5.83,0.07000000000000028,5.81,0.0012035595105671592,0.0,1.0,1
5.780333333333332,0.019745604292826475,5.75,5.81,0.05999999999999961,5.78,-0.0009988876529477995,0.0,1.0,1
5.764333333333332,0.02472290885438479,5.71,5.8,0.08999999999999986,5.76,-0.0008253615127919787,0.0,1.0,1
5.772666666666667,0.02351358945139781,5.72,5.81,0.08999999999999986,5.76,0.0014238042269186148,0.0,1.0,1
5.758333333333334,0.018454147380888523,5.72,5.8,0.08000000000000007,5.76,-0.00016685205784214505,0.0,1.0,1
5.749,0.015132745950421465,5.72,5.78,0.0600000000000005,5.75,-0.0006340378197999322,0.0,1.0,1
5.745333333333333,0.015434449203720202,5.71,5.78,0.07000000000000028,5.75,0.0007608453837595807,0.0,1.0,1
5.752666666666667,0.01842703328144697,5.72,5.78,0.0600000000000005,5.75,-0.0006718576195774734,0.0,1.0,1
5.739999999999999,0.020330600909302533,5.71,5.8,0.08999999999999986,5.73,-0.001383759733036944,0.0,1.0,1
5.744999999999999,0.016278820596099555,5.73,5.78,0.04999999999999982,5.75,0.00011345939933258489,0.0,1.0,1
5.706666666666667,0.022110831935702565,5.67,5.76,0.08999999999999986,5.71,-8.89877641834325e-06,0.0,1.0,1
5.7219999999999995,0.02256841450641433,5.69,5.78,0.08999999999999986,5.72,-0.0012814238042269473,0.0,1.0,1
5.703666666666666,0.019745604292826405,5.67,5.75,0.08000000000000007,5.71,0.0009143492769742781,0.0,1.0,1
5.697,0.017540429489230448,5.67,5.73,0.0600000000000005,5.69,0.00041156840934359804,0.0,1.0,1
5.668333333333333,0.02281568661153017,5.62,5.72,0.09999999999999964,5.67,0.0013770856507228264,0.0,1.0,1
5.680333333333333,0.019745604292826596,5.64,5.73,0.09000000000000075,5.69,0.0006162402669631497,0.0,1.0,1
5.671333333333332,0.029066972475455605,5.64,5.75,0.11000000000000032,5.67,-0.0016952169076753663,0.0,1.0,1
5.630333333333334,0.01905838981189721,5.6,5.67,0.07000000000000028,5.63,-0.0009810901001113819,0.0,1.0,1
5.613333333333333,0.030368111930480956,5.53,5.65,0.1200000000000001,5.62,-0.0014949944382648998,0.0,1.0,1
5.588333333333333,0.018089284734953408,5.56,5.64,0.08000000000000007,5.59,-0.00017130144605119184,0.0,1.0,1
5.599666666666666,0.020733762053445334,5.57,5.65,0.08000000000000007,5.595,-0.0011145717463850327,0.0,1.0,1
5.590000000000001,0.016733200530681527,5.56,5.62,0.0600000000000005,5.59,-0.0009343715239156129,0.0,1.0,1
5.561333333333335,0.024321915129272842,5.53,5.62,0.08999999999999986,5.56,0.0004493882091211775,0.0,1.0,1
5.565333333333333,0.01284090685617221,5.53,5.59,0.05999999999999961,5.56,-0.00012458286985555717,0.0,1.0,1
5.565666666666666,0.009893881386437356,5.55,5.59,0.040000000000000036,5.56,2.002224694093142e-05,0.0,1.0,1
5.562999999999999,0.021158134763411156,5.51,5.6,0.08999999999999986,5.57,0.0010300333704114535,0.0,1.0,1
5.566,0.019078784028338912,5.51,5.6,0.08999999999999986,5.56,-0.0011078976640712416,0.0,1.0,1
5.516000000000001,0.018903262505010385,5.48,5.56,0.07999999999999918,5.51,0.0009121245828697067,0.0,1.0,1
5.538333333333335,0.018454147380888443,5.5,5.56,0.05999999999999961,5.55,-0.0003448275862070127,0.0,1.0,1
5.522333333333333,0.025256462319352885,5.48,5.62,0.13999999999999968,5.51,0.0013592880978864665,0.0,1.0,1
5.5073333333333325,0.031721006008987356,5.44,5.6,0.15999999999999925,5.5,-0.002638487208009034,0.0,1.0,1
5.499333333333332,0.012364824660660748,5.48,5.53,0.04999999999999982,5.5,-8.898776418256827e-05,0.0,1.0,1
5.499333333333332,0.02064515008960256,5.44,5.55,0.10999999999999943,5.5,-0.0010767519466074725,0.0,1.0,1
5.512666666666667,0.022939534045446942,5.48,5.57,0.08999999999999986,5.51,0.001201334816462607,0.0,1.0,1
5.4866666666666655,0.021959558789334036,5.44,5.53,0.08999999999999986,5.49,-0.0016462736373749683,0.0,1.0,1
5.485666666666666,0.01909333798882618,5.44,5.53,0.08999999999999986,5.48,0.00014905450500542013,0.0,1.0,1
5.467333333333333,0.01948218559493662,5.43,5.51,0.08000000000000007,5.46,-0.0006006674082314571,0.0,1.0,1
5.464666666666669,0.018571184369578893,5.43,5.53,0.10000000000000053,5.46,-0.0007163515016686519,0.0,1.0,1
5.4396666666666675,0.0125122162527491,5.42,5.48,0.0600000000000005,5.44,-4.671857619592276e-05,0.0,1.0,1
5.449666666666668,0.017413277182145425,5.43,5.48,0.05000000000000071,5.44,1.1123470522684195e-05,0.0,1.0,1
5.445000000000001,0.01746424919657304,5.42,5.5,0.08000000000000007,5.44,4.671857619553865e-05,0.0,1.0,1
5.456666666666668,0.021653842358548975,5.43,5.5,0.07000000000000028,5.46,1.3348164627217195e-05,0.0,1.0,1
5.455,0.02539685019840059,5.42,5.53,0.11000000000000032,5.44,-0.0007897664071191434,0.0,1.0,1
5.436333333333334,0.014487542541400528,5.4,5.46,0.05999999999999961,5.43,0.0008832035595105088,0.0,1.0,1
5.429666666666665,0.028223315814332645,5.37,5.48,0.11000000000000032,5.4350000000000005,-0.0022091212458288842,0.0,1.0,1
5.419333333333333,0.015260697523012762,5.39,5.44,0.05000000000000071,5.42,0.0011879866518352362,0.0,1.0,1
5.431,0.014456832294801023,5.4,5.48,0.08000000000000007,5.43,-0.00019354838709684832,0.0,1.0,1
5.418,0.012220201853215418,5.4,5.44,0.040000000000000036,5.42,-0.00027141268075652115,0.0,1.0,1
5.440333333333333,0.035353767676004275,5.39,5.51,0.1200000000000001,5.4350000000000005,0.0036551724137929634,0.0,1.0,1
5.431333333333334,0.03480740661921759,5.37,5.51,0.13999999999999968,5.42,-0.003412680756396101,0.0,1.0,1
5.427333333333334,0.01631631766736048,5.4,5.46,0.05999999999999961,5.43,0.0010767519466071843,0.0,1.0,1
5.403666666666666,0.02689279126870666,5.34,5.44,0.10000000000000053,5.4,-0.002315906562847736,0.0,1.0,1
5.394666666666666,0.024321915129272984,5.35,5.43,0.08000000000000007,5.395,-0.0008943270300334235,0.0,1.0,1
5.395333333333332,0.024864074931962157,5.34,5.44,0.10000000000000053,5.4,0.0017130144605115728,0.0,1.0,1
5.370333333333332,0.01580787426850586,5.34,5.4,0.0600000000000005,5.37,-0.00011345939933271933,0.0,1.0,1
5.675333333333334,0.27417431600271297,5.23,6.08,0.8499999999999996,5.755000000000001,0.02588209121245811,0.0,0.8,1
6.049333333333334,0.024349309823666277,6.01,6.1,0.08999999999999986,6.05,-0.0003381535038933561,0.0,0.0,1
6.039333333333334,0.025681813712344393,5.97,6.08,0.11000000000000032,6.03,-0.0014860956618466719,0.0,0.06666666666666667,1
5.9719999999999995,0.025999999999999936,5.92,6.02,0.09999999999999964,5.965,-0.001695216907675424,0.0,0.8333333333333334,1
5.912666666666665,0.025420901286583558,5.86,5.97,0.10999999999999943,5.91,-0.0009477196885429645,0.0,1.0,1
5.9076666666666675,0.036302739413009745,5.85,5.97,0.1200000000000001,5.91,-0.0027741935483872565,0.0,1.0,1
5.865666666666669,0.021241991955139747,5.83,5.92,0.08999999999999986,5.86,-4.671857619588435e-05,0.0,1.0,1
5.824999999999999,0.043569867263205365,5.76,5.91,0.15000000000000036,5.83,-0.0039443826473862095,0.0,1.0,1
5.810666666666666,0.031721006008987404,5.73,5.86,0.1299999999999999,5.81,-0.0018375973303671107,0.0,1.0,1
5.762666666666667,0.03705251528424066,5.69,5.86,0.16999999999999993,5.76,-0.00046718576195797925,0.0,1.0,1
5.740999999999999,0.022412793965352364,5.71,5.8,0.08999999999999986,5.73,-0.0007897664071190667,0.0,1.0,1
5.717666666666665,0.027408433414228862,5.65,5.76,0.10999999999999943,5.72,-0.0013147942157954223,0.0,1.0,1
5.701333333333333,0.04201058067783509,5.6,5.78,0.1800000000000006,5.71,0.0023537263626250272,0.0,1.0,1
5.699999999999999,0.04589843860815607,5.6,5.78,0.1800000000000006,5.71,-0.0029855394883205226,0.0,1.0,1
5.688,0.045195870017808774,5.6,5.8,0.20000000000000018,5.69,-0.0002714126807564251,0.0,1.0,1
5.7283333333333335,0.030559595692497065,5.67,5.8,0.1299999999999999,5.72,-0.002249165739710997,0.0,1.0,1
5.683999999999999,0.03332666599986659,5.62,5.76,0.13999999999999968,5.69,-0.0009343715239156704,0.0,1.0,1
5.676666666666666,0.04149966532662922,5.6,5.75,0.15000000000000036,5.69,-0.0027897664071191413,0.0,1.0,1
5.655333333333333,0.05852255025961269,5.6,5.85,0.25,5.64,0.003973303670745119,0.0,1.0,1
5.711333333333332,0.042247945380679566,5.64,5.8,0.16000000000000014,5.715,0.0023047830923246864,0.0,1.0,1
5.773666666666666,0.06925716970506049,5.67,5.96,0.29000000000000004,5.76,0.005221357063403649,0.0,1.0,1
5.83,0.06918574034197128,5.72,6.03,0.3100000000000005,5.82,-0.0010011123470524286,0.0,0.9666666666666667,1
5.823666666666667,0.0362843706787861,5.75,5.89,0.13999999999999968,5.83,-0.0008921023359289673,0.0,1.0,1
5.798,0.06920500945259184,5.69,5.94,0.25,5.8,-0.0015216907675194495,0.0,1.0,1
5.7713333333333345,0.03748184745832164,5.72,5.86,0.14000000000000057,5.77,0.0018064516129030917,0.0,1.0,1
5.809333333333332,0.06087875016967927,5.75,5.96,0.20999999999999996,5.8,-0.005010011123470594,0.0,1.0,1
5.761333333333334,0.03148897514298536,5.71,5.81,0.09999999999999964,5.76,-0.0009121245828699563,0.0,1.0,1
5.741333333333332,0.04695624440784074,5.65,5.89,0.23999999999999932,5.73,-0.002856507230255976,0.0,1.0,1
5.715999999999999,0.027030846576951015,5.65,5.78,0.1299999999999999,5.72,-0.0007430478309232591,0.0,1.0,1
5.695666666666666,0.026793448618811357,5.65,5.75,0.09999999999999964,5.69,-0.0005672969966630588,0.0,1.0,1
5.712666666666666,0.09542652787470692,5.62,5.99,0.3700000000000001,5.67,0.008231368186874246,0.0,1.0,1
6.002666666666666,0.09828303798497255,5.8,6.17,0.3700000000000001,6.025,-0.004587319243604159,0.0,0.3333333333333333,1
5.805666666666666,0.04716519432330956,5.73,5.89,0.15999999999999925,5.8,-0.0015016685205785757,0.0,1.0,1
5.826333333333333,0.04354946102485719,5.75,5.89,0.13999999999999968,5.81,-0.00046051167964428425,0.0,1.0,1
5.7973333333333334,0.04878068834647119,5.71,5.92,0.20999999999999996,5.8,-1.779755283672491e-05,0.0,1.0,1
5.783666666666667,0.04238579426595126,5.69,5.88,0.1899999999999995,5.79,0.0004916573971077846,0.0,1.0,1
5.804999999999999,0.08007288346666842,5.69,6.02,0.3299999999999992,5.8,-0.004714126807564095,0.0,0.9666666666666667,1
5.768000000000001,0.0271293199325009,5.73,5.81,0.07999999999999918,5.76,0.0011256952169075441,0.0,1.0,1
5.762,0.03429285639896448,5.72,5.85,0.1299999999999999,5.75,-0.0007652947719690692,0.0,1.0,1
5.751,0.05127377497317691,5.67,5.89,0.21999999999999975,5.74,0.0028097886540599383,0.0,1.0,1
5.728999999999999,0.042532340636273404,5.64,5.85,0.20999999999999996,5.73,0.0011323692992212199,0.0,1.0,1
5.753999999999999,0.09368742356011997,5.62,6.02,0.39999999999999947,5.73,-0.001819799777530693,0.0,0.9666666666666667,1
5.736666666666666,0.04414622168304877,5.64,5.83,0.1900000000000004,5.73,0.0025361512791989608,0.0,1.0,1
5.728333333333333,0.035031731647496636,5.67,5.81,0.13999999999999968,5.725,-0.0003403781979978891,0.0,1.0,1
5.729,0.04628534685333279,5.65,5.83,0.17999999999999972,5.73,-0.0007675194660735062,0.0,1.0,1
5.697,0.031214312956291863,5.64,5.75,0.11000000000000032,5.71,0.0001312569521689065,0.0,1.0,1
5.653999999999999,0.03611094017053572,5.6,5.73,0.13000000000000078,5.65,-0.0012769744160179004,0.0,1.0,1
5.647999999999999,0.042142615011410985,5.57,5.72,0.14999999999999947,5.64,-0.0010500556173527883,0.0,1.0,1
5.647666666666666,0.03480261803689816,5.59,5.71,0.1200000000000001,5.65,0.0005050055617350786,0.0,1.0,1
5.658666666666665,0.049915484126226435,5.57,5.76,0.1899999999999995,5.66,0.0019888765294771025,0.0,1.0,1
5.638333333333334,0.04025612444778514,5.59,5.72,0.1299999999999999,5.64,-0.0002202447163516284,0.0,1.0,1
5.643666666666666,0.0612363363444361,5.55,5.75,0.20000000000000018,5.64,-0.0014972191323693945,0.0,1.0,1
5.634333333333332,0.04964429026137403,5.53,5.73,0.20000000000000018,5.645,-0.001977753058954514,0.0,1.0,1
5.635999999999998,0.0472299340108228,5.56,5.72,0.16000000000000014,5.64,0.000880978865405899,0.0,1.0,1
5.6273333333333335,0.04024370206076422,5.55,5.72,0.16999999999999993,5.64,-0.001103448275862118,0.0,1.0,1
5.670333333333333,0.11285634920355865,5.5,5.94,0.4400000000000004,5.64,0.0012480533926584145,0.0,1.0,1
5.61,0.06361341577581471,5.48,5.78,0.2999999999999998,5.62,-0.001588431590656438,0.0,1.0,1
5.599666666666666,0.04445847000916197,5.51,5.69,0.1800000000000006,5.6,-0.00032703003337057585,0.0,1.0,1
5.584000000000001,0.04103656905736644,5.51,5.65,0.14000000000000057,5.59,0.0016774193548385837,0.0,1.0,1
5.592666666666667,0.04289004028391166,5.53,5.69,0.16000000000000014,5.59,-5.339265850956017e-05,0.0,1.0,1
5.563666666666666,0.042307078472625374,5.48,5.64,0.15999999999999925,5.555,-0.0012347052280312933,0.0,1.0,1
5.538333333333335,0.0731702732596297,5.42,5.72,0.2999999999999998,5.529999999999999,-0.0031835372636263982,0.0,1.0,1
5.514666666666667,0.039220176213553844,5.44,5.57,0.1299999999999999,5.51,-0.0006362625139045613,0.0,1.0,1
5.4943333333333335,0.04765734174523609,5.42,5.57,0.15000000000000036,5.5,0.001243604004449291,0.0,1.0,1
5.507000000000001,0.044433470867503995,5.43,5.59,0.16000000000000014,5.5,-0.0009187986651836898,0.0,1.0,1
5.481666666666667,0.042667968730132316,5.42,5.56,0.13999999999999968,5.48,-0.0008431590656285692,0.0,1.0,1
5.461333333333332,0.038186675977652594,5.39,5.53,0.14000000000000057,5.46,-0.0008364849833148933,0.0,1.0,1
5.445333333333333,0.0442518047340696,5.37,5.55,0.17999999999999972,5.43,-0.0005917686318132868,0.0,1.0,1
5.439333333333334,0.04154783053568769,5.37,5.53,0.16000000000000014,5.43,-0.0019710789766408192,0.0,1.0,1
5.429666666666667,0.029942537560393185,5.37,5.5,0.1299999999999999,5.43,0.00022024471635141715,0.0,1.0,1
5.3950000000000005,0.037660766499546194,5.34,5.46,0.1200000000000001,5.39,-0.0011012235817576235,0.0,1.0,1
5.390000000000001,0.04187282332651261,5.3,5.5,0.20000000000000018,5.39,0.0019888765294771215,0.0,1.0,1
5.379333333333333,0.03898147708278332,5.32,5.51,0.1899999999999995,5.37,-0.0007608453837599456,0.0,1.0,1
5.369666666666665,0.045054288240842136,5.28,5.44,0.16000000000000014,5.37,0.0030678531701889924,0.0,1.0,1
5.353000000000001,0.07629547824084992,5.26,5.55,0.29000000000000004,5.34,0.0012124582869854064,0.0,1.0,1
5.332333333333333,0.03921592646985253,5.26,5.39,0.1299999999999999,5.34,0.0012703003337039942,0.0,1.0,1
5.3583333333333325,0.03512675460228121,5.28,5.42,0.13999999999999968,5.37,0.0010033370411567696,0.0,1.0,1
5.375666666666666,0.042401519888901285,5.26,5.44,0.1800000000000006,5.37,-0.0025161290322581256,0.0,1.0,1
5.334,0.03272104317815461,5.28,5.39,0.10999999999999943,5.34,0.0010189098998886542,0.0,1.0,1
5.3229999999999995,0.03163858403911266,5.28,5.39,0.10999999999999943,5.32,0.0016618464961066224,0.0,1.0,1
5.307666666666667,0.03221628297753917,5.23,5.35,0.11999999999999922,5.3100000000000005,-0.0004249165739711609,0.0,1.0,1
5.301333333333334,0.03403266404826716,5.21,5.37,0.16000000000000014,5.3,0.0002536151279197194,0.0,1.0,1
5.292333333333334,0.029175712882845168,5.24,5.35,0.10999999999999943,5.28,0.0006562847608452815,0.0,1.0,1
5.293333333333334,0.04467164151400244,5.19,5.35,0.15999999999999925,5.3,0.0009655172413792092,0.0,1.0,1
5.253666666666667,0.03701201006280106,5.16,5.32,0.16000000000000014,5.25,-0.001968854282536248,0.0,1.0,1
5.229666666666668,0.03516469188768132,5.16,5.28,0.1200000000000001,5.235,-0.00010901001112363412,0.0,1.0,1
5.217,0.04495553358597818,5.12,5.28,0.16000000000000014,5.23,-0.002778642936596361,0.0,1.0,1
5.206999999999999,0.05164945950023756,5.1,5.28,0.1800000000000006,5.21,-0.0033837597330368457,0.0,1.0,1
5.1706666666666665,0.03991101212558885,5.08,5.24,0.16000000000000014,5.17,0.0014193548387095487,0.0,1.0,1
5.183333333333333,0.049080432851482746,5.1,5.26,0.16000000000000014,5.19,-0.004151279199110237,0.0,1.0,1
5.141333333333333,0.029181424837652396,5.08,5.21,0.1299999999999999,5.14,0.0024249165739709667,0.0,1.0,1
5.136666666666666,0.02385139175999786,5.1,5.19,0.09000000000000075,5.13,-0.00032480533926594683,0.0,1.0,1
5.150333333333333,0.0185262576421204,5.12,5.19,0.07000000000000028,5.14,0.00011345939933243124,0.0,1.0,1
5.117333333333333,0.03043389922803548,5.05,5.18,0.1299999999999999,5.12,-0.0015038932146831086,0.0,1.0,1
5.102,0.018690461025168213,5.07,5.13,0.05999999999999961,5.1,-0.0007208008898777563,0.0,1.0,1
5.100333333333334,0.01852625764212032,5.07,5.13,0.05999999999999961,5.1,-7.786429365973043e-05,0.0,1.0,1
5.091333333333334,0.022469732728470224,5.05,5.13,0.08000000000000007,5.08,-0.0009566184649611348,0.0,1.0,1
5.089,0.023572582944316148,5.05,5.13,0.08000000000000007,5.09,-0.00035817575083438356,0.0,1.0,1
5.033,0.0393403948463493,4.96,5.1,0.13999999999999968,5.05,-0.002796440489432817,0.0,1.0,1
4.994,0.024711670657134147,4.97,5.07,0.10000000000000053,4.98,-0.0016462736373750067,0.0,1.0,1
5.043666666666667,0.030494079571105066,4.98,5.1,0.11999999999999922,5.05,0.002796440489432606,0.0,1.0,1
5.066333333333333,0.019913702708325067,5.03,5.1,0.0699999999999994,5.07,-0.0009098998887653849,0.0,1.0,1
5.050333333333335,0.019745604292826645,5.0,5.08,0.08000000000000007,5.05,-0.001007786429366085,0.0,1.0,1
5.025666666666668,0.019439364415764437,4.98,5.07,0.08999999999999986,5.025,-0.0011946607341492001,0.0,1.0,1
5.008333333333334,0.02207311084152424,4.97,5.05,0.08000000000000007,5.02,-5.1167964404988756e-05,0.0,1.0,1
4.992999999999999,0.019689252567496374,4.96,5.03,0.07000000000000028,5.0,-0.0015016685205785564,0.0,1.0,1
4.990333333333333,0.01779200819344318,4.96,5.02,0.05999999999999961,4.98,0.00015795328142360974,0.0,1.0,1
4.981,0.020223748416156612,4.94,5.02,0.07999999999999918,4.98,-0.0008031145717465719,0.0,1.0,1
5.031666666666666,0.048790937227681484,4.97,5.13,0.16000000000000014,5.02,0.002329254727474857,0.0,1.0,1
5.006666666666667,0.02285218200133673,4.97,5.05,0.08000000000000007,5.0,0.0017797552836483308,0.0,1.0,1
5.043333333333335,0.03289714611060086,4.98,5.1,0.11999999999999922,5.05,0.0009833147942156844,0.0,1.0,1
5.052666666666666,0.024485823562942585,5.0,5.1,0.09999999999999964,5.05,-0.0008587319243604538,0.0,1.0,1
5.082666666666667,0.0305432298372142,5.05,5.16,0.11000000000000032,5.08,0.0023359288097886287,0.0,1.0,1
5.1306666666666665,0.0420264466999319,5.03,5.21,0.17999999999999972,5.13,-0.003270300333704203,0.0,1.0,1
5.13,0.05819507424745388,5.0,5.28,0.28000000000000025,5.12,0.004044493882091097,0.0,1.0,1
5.281666666666666,0.07827657518199317,5.13,5.44,0.3100000000000005,5.26,0.002680756395995507,0.0,1.0,1
5.157333333333333,0.09504151139838257,5.02,5.37,0.35000000000000053,5.13,-0.007283648498331608,0.0,1.0,1
5.143666666666666,0.031249888888691443,5.08,5.19,0.11000000000000032,5.15,0.0030945494994436763,0.0,1.0,1
5.146333333333332,0.01905838981189712,5.12,5.21,0.08999999999999986,5.14,-0.0009855394883204096,0.0,1.0,1
5.129333333333332,0.01569146972791982,5.1,5.16,0.0600000000000005,5.13,-0.0007385984427142507,0.0,1.0,1
5.122333333333333,0.024991109530302053,5.07,5.18,0.10999999999999943,5.125,-0.00192436040044505,0.0,1.0,1
5.1163333333333325,0.017026123718829514,5.08,5.14,0.05999999999999961,5.12,-0.0005005561735262815,0.0,1.0,1
5.1899999999999995,0.06011100842053268,5.1,5.28,0.1800000000000006,5.2,0.006273637374860855,0.0,1.0,1
5.219333333333333,0.036690901082178734,5.12,5.28,0.16000000000000014,5.21,-0.0024382647385985294,0.0,1.0,1
5.256,0.04916638417997933,5.19,5.35,0.15999999999999925,5.24,0.003951056729699501,0.0,1.0,1
5.349333333333334,0.07141117248411175,5.26,5.5,0.2400000000000002,5.34,0.006598442714126706,0.0,1.0,1
5.536333333333334,0.03894297825738998,5.46,5.62,0.16000000000000014,5.54,0.0033615127919909204,0.0,1.0,1
5.527000000000001,0.053301031884945664,5.4,5.62,0.21999999999999975,5.53,-0.0031790878754172362,0.0,1.0,1
5.409999999999999,0.09629814813034217,5.21,5.57,0.3600000000000003,5.42,-0.0063136818687431215,0.0,1.0,1
5.424666666666666,0.06037291519289841,5.3,5.57,0.27000000000000046,5.43,0.0018197997775304434,0.0,1.0,1
5.48,0.05633234713140691,5.39,5.62,0.23000000000000043,5.48,-0.0007208008898778139,0.0,1.0,1
5.5633333333333335,0.07815938132360614,5.44,5.71,0.2699999999999996,5.555,0.005223581757508316,0.0,1.0,1
5.682999999999999,0.0726704891960967,5.56,5.8,0.2400000000000002,5.69,0.006400444938820773,0.0,1.0,1
5.829,0.08463056973300687,5.69,5.99,0.2999999999999998,5.8149999999999995,0.008785317018909762,0.0,1.0,1
5.951666666666667,0.02733536577809444,5.91,6.01,0.09999999999999964,5.95,-0.0005672969966631357,0.0,0.9333333333333333,1
5.973000000000001,0.023544284515213693,5.92,6.03,0.11000000000000032,5.97,-0.0002202447163516476,0.0,0.8333333333333334,1
5.938999999999998,0.019035055380358948,5.91,5.97,0.05999999999999961,5.94,-0.0006918798665184432,0.0,1.0,1
5.898666666666667,0.016069294390925314,5.86,5.92,0.05999999999999961,5.91,-0.0012547274749723592,0.0,1.0,1
5.8533333333333335,0.01955050439815367,5.81,5.89,0.08000000000000007,5.855,-0.0010411568409345027,0.0,1.0,1
5.811000000000002,0.01660321254054972,5.78,5.86,0.08000000000000007,5.81,-0.0010211345939934175,0.0,1.0,1
5.776333333333333,0.036100169282459224,5.73,5.85,0.11999999999999922,5.76,-0.003325917686318181,0.0,1.0,1
5.754999999999998,0.011180339887498843,5.73,5.78,0.04999999999999982,5.76,-0.0002558398220245789,0.0,1.0,1
5.724666666666669,0.017838784213679525,5.69,5.76,0.0699999999999994,5.72,-0.0002536151279201227,0.0,1.0,1
5.6626666666666665,0.0252894356511875,5.62,5.72,0.09999999999999964,5.65,-0.0022780867630702137,0.0,1.0,1
5.6389999999999985,0.015351438586225953,5.6,5.67,0.07000000000000028,5.64,0.00030923248053381255,0.0,1.0,1
5.624666666666667,0.025394662606321325,5.59,5.67,0.08000000000000007,5.62,-0.002073414905450643,0.0,1.0,1
5.5969999999999995,0.02019075696121042,5.56,5.64,0.08000000000000007,5.595,-5.116796440500796e-05,0.0,1.0,1
5.5876666666666654,0.049374982419124885,5.51,5.67,0.16000000000000014,5.595,-0.004967741935484026,0.0,1.0,1
5.566666666666666,0.025733678754158315,5.5,5.62,0.1200000000000001,5.57,0.000680756395995394,0.0,1.0,1
5.558000000000001,0.014922019523732902,5.53,5.59,0.05999999999999961,5.56,-0.0008631813125696351,0.0,1.0,1
5.541666666666668,0.01654958878307508,5.51,5.57,0.0600000000000005,5.55,0.00011790878754157407,0.0,1.0,1
5.526666666666666,0.027848798098940416,5.44,5.56,0.11999999999999922,5.53,-0.002109010011123555,0.0,1.0,1
5.503333333333334,0.049754955085454106,5.42,5.65,0.23000000000000043,5.5,0.0016729699666294218,0.0,1.0,1
5.711333333333333,0.1742743686132747,5.46,6.01,0.5499999999999998,5.66,0.0042758620689653136,0.0,0.9666666666666667,1
5.705333333333334,0.05672937706534621,5.56,5.8,0.2400000000000002,5.715,0.004760845383759595,0.0,1.0,1
5.725666666666666,0.034125585058069674,5.65,5.81,0.15999999999999925,5.73,-0.0005895439377087154,0.0,1.0,1
5.717666666666665,0.04930742562963741,5.57,5.78,0.20999999999999996,5.72,0.00011345939933237363,0.0,1.0,1
5.464,0.2099936506976659,5.05,5.88,0.8300000000000001,5.45,-0.001641824249165806,0.0,1.0,1
5.309666666666668,0.33722873872524894,4.75,5.96,1.21,5.21,0.009501668520578316,0.0,1.0,1
5.962000000000001,0.03673327283721575,5.88,6.03,0.15000000000000036,5.965,-0.0024249165739712356,0.0,0.8333333333333334,1
5.939333333333333,0.026574841903993014,5.89,5.99,0.10000000000000053,5.94,8.898776418224177e-05,0.0,1.0,1
5.873333333333335,0.03428637565499685,5.81,5.94,0.13000000000000078,5.88,-0.002255839822024538,0.0,1.0,1
5.833666666666667,0.03868534031846635,5.76,5.92,0.16000000000000014,5.83,0.0018976640711900394,0.0,1.0,1
5.67,0.24946609656090202,5.12,5.96,0.8399999999999999,5.6899999999999995,-0.018344827586206935,0.0,1.0,1
5.673333333333335,0.20448852181859883,5.28,5.99,0.71,5.725,0.02075194660734131,0.0,1.0,1
6.021000000000001,0.08411698203494153,5.85,6.15,0.3000000000000007,6.05,0.007695216907675167,0.0,0.36666666666666664,1
6.083333333333332,0.05002221728614423,5.97,6.17,0.20000000000000018,6.07,-0.0011390433815351069,0.0,0.03333333333333333,1
6.051666666666668,0.04382414352335434,5.96,6.12,0.16000000000000014,6.05,0.0016440489432701664,0.0,0.1,1
6.058666666666668,0.0329376515387617,5.99,6.12,0.1299999999999999,6.07,-0.0015083426028922322,0.0,0.03333333333333333,1
6.022,0.027495454169735038,5.96,6.07,0.11000000000000032,6.02,-0.0009388209121246788,0.0,0.23333333333333334,1
6.007666666666667,0.020604745947367404,5.96,6.03,0.07000000000000028,6.01,-0.0003403781979978891,0.0,0.23333333333333334,1
5.995666666666668,0.025388098699106073,5.94,6.03,0.08999999999999986,6.01,-0.0008120133481646847,0.0,0.43333333333333335,1
5.916333333333332,0.18826370394269376,5.1,6.05,0.9500000000000002,5.97,-0.010226918798665139,0.0,0.8666666666666667,1
5.81,0.20926856747570413,5.34,6.07,0.7300000000000004,5.87,0.016280311457174502,0.0,0.8,1
5.912666666666665,0.052277039786974254,5.81,6.02,0.20999999999999996,5.91,0.004115684093436959,0.0,0.9333333333333333,1
5.939000000000002,0.049823020114534725,5.86,6.03,0.16999999999999993,5.95,-0.002111234705228088,0.0,0.8666666666666667,1
5.829666666666665,0.03868534031846631,5.76,5.91,0.15000000000000036,5.83,-0.0017864293659622947,0.0,1.0,1
5.843333333333334,0.03617856946990703,5.76,5.92,0.16000000000000014,5.85,0.00078754171301438,0.0,1.0,1
5.742666666666667,0.04781445620544296,5.67,5.86,0.1900000000000004,5.74,-0.0009299221357064124,0.0,1.0,1
5.716999999999999,0.03616167400254942,5.65,5.81,0.15999999999999925,5.715,-0.0014171301446052078,0.0,1.0,1
5.6593333333333335,0.037765357435382854,5.59,5.75,0.16000000000000014,5.65,-0.0009699666295885633,0.0,1.0,1
5.636333333333332,0.03449476610862716,5.57,5.69,0.1200000000000001,5.645,-0.0005672969966631165,0.0,1.0,1
5.62,0.06658328118479402,5.34,5.71,0.3700000000000001,5.63,-0.0018954393770857561,0.0,1.0,1
5.824666666666667,0.10333548384859007,5.67,6.03,0.3600000000000003,5.79,-0.005428253615128099,0.0,0.9,1
5.831666666666666,0.1372123253291125,5.4,6.03,0.6299999999999999,5.85,-7.341490545062601e-05,0.0,0.8666666666666667,1
5.944333333333334,0.06616561712013937,5.78,6.03,0.25,5.96,0.005096774193548226,0.0,0.7666666666666667,1
5.897000000000002,0.026851443164195164,5.83,5.94,0.11000000000000032,5.89,-0.0026229143492770154,0.0,1.0,1
5.857,0.02437895267096875,5.81,5.92,0.11000000000000032,5.85,-0.0008120133481647616,0.0,1.0,1
5.769333333333333,0.031084115271666008,5.72,5.83,0.11000000000000032,5.77,-0.0024872080088988893,0.0,1.0,1
5.776000000000001,0.025245461638348586,5.72,5.83,0.11000000000000032,5.78,0.0009299221357062396,0.0,1.0,1
5.747,0.01899999999999997,5.72,5.78,0.0600000000000005,5.75,0.00018464961067837064,0.0,1.0,1
5.7349999999999985,0.017272328544042176,5.71,5.78,0.07000000000000028,5.73,-0.00022914349276987562,0.0,1.0,1
5.684333333333332,0.07579284633496464,5.44,5.76,0.3199999999999994,5.72,-0.0067563959955507765,0.0,1.0,1
5.772999999999998,0.1481024420235309,5.59,6.01,0.41999999999999993,5.720000000000001,-0.010476084538376158,0.0,0.9666666666666667,1
5.719333333333333,0.028859814429217773,5.62,5.76,0.13999999999999968,5.725,0.0016952169076750784,0.0,1.0,1
5.727999999999999,0.016206994374857626,5.69,5.76,0.0699999999999994,5.725,0.0010989988876528407,0.0,1.0,1
5.716666666666667,0.022110831935702593,5.65,5.76,0.10999999999999943,5.72,-0.0010901001112348623,0.0,1.0,1
5.678666666666666,0.020121851030382203,5.64,5.72,0.08000000000000007,5.69,0.0004983314794214796,0.0,1.0,1
5.667666666666666,0.02525646231935285,5.62,5.71,0.08999999999999986,5.67,0.000180200222469247,0.0,1.0,1
5.725666666666667,0.12230244841739214,5.44,5.91,0.46999999999999975,5.68,0.008215795328142362,0.0,1.0,1
5.546333333333333,0.07644097214336183,5.39,5.67,0.28000000000000025,5.56,0.00829588431590651,0.0,1.0,1
5.645666666666666,0.01874092372916082,5.6,5.67,0.07000000000000028,5.65,0.00043381535038915844,0.0,1.0,1
5.614999999999999,0.11368817000902073,5.34,5.88,0.54,5.6,0.0013325917686317823,0.0,1.0,1
5.806333333333334,0.19194588357717446,5.53,6.1,0.5699999999999994,5.82,0.00686318131256936,0.0,0.7666666666666667,1
5.809666666666667,0.15136012978617885,5.35,6.03,0.6800000000000006,5.85,-0.003419354838709873,0.0,0.9,1
5.929666666666667,0.08408263131520619,5.78,6.13,0.34999999999999964,5.89,0.005999999999999859,0.0,0.7666666666666667,1
5.821,0.15984054554461452,5.6,6.1,0.5,5.8,-0.0014482758620690155,0.0,0.8,1
5.869000000000001,0.1960501636486608,5.42,6.17,0.75,5.855,-0.016878754171301597,0.0,0.6333333333333333,1
5.6610000000000005,0.25521690121672314,5.03,5.97,0.9399999999999995,5.75,-0.016282536151279323,0.0,1.0,1
5.299000000000001,0.2810023724692255,4.77,5.83,1.0600000000000005,5.29,0.023797552836484954,0.0,1.0,1
5.920333333333331,0.26500922415812045,5.26,6.19,0.9300000000000006,6.0,0.018453837597330203,0.0,0.5,1
5.985666666666668,0.21050230930377514,5.42,6.21,0.79,6.0600000000000005,0.007557285873192201,0.0,0.26666666666666666,1
5.950333333333336,0.2427685225797521,5.56,6.33,0.7700000000000005,5.9350000000000005,0.01893882091212437,0.0,0.5666666666666667,1
6.080333333333334,0.23029666857242112,5.51,6.33,0.8200000000000003,6.17,0.01840044493882076,0.0,0.2,1
6.2026666666666666,0.2084375739213595,5.62,6.4,0.7800000000000002,6.29,0.011016685205784032,0.0,0.16666666666666666,1
6.364666666666666,0.09354974909402786,6.21,6.53,0.3200000000000003,6.35,0.006731924360400318,0.0,0.0,1
6.237666666666666,0.19746195132790065,5.91,6.49,0.5800000000000001,6.33,-0.0038464961067854516,0.0,0.23333333333333334,1
6.085333333333335,0.18402415300413388,5.71,6.45,0.7400000000000002,6.09,-0.008088987764182579,0.0,0.36666666666666664,1
6.427666666666667,0.1648976113296437,5.96,6.61,0.6500000000000004,6.48,-0.0028142380422692347,0.0,0.03333333333333333,1
6.119333333333333,0.10456045566507875,5.89,6.35,0.45999999999999996,6.115,0.001063403781979948,0.0,0.06666666666666667,1
6.122,0.1561281524901899,5.65,6.31,0.6599999999999993,6.17,0.010229143492769767,0.0,0.23333333333333334,1
6.314333333333334,0.1960898320215056,5.88,6.61,0.7300000000000004,6.390000000000001,0.02157285873192426,0.0,0.1,1
6.290666666666666,0.12425600812659145,6.07,6.49,0.41999999999999993,6.27,-0.012929922135706533,0.0,0.0,1
6.3759999999999994,0.11516944039110377,6.17,6.49,0.3200000000000003,6.41,-0.009232480533926637,0.0,0.0,1
6.364000000000002,0.10423051376636298,6.07,6.47,0.39999999999999947,6.38,0.0035372636262513703,0.0,0.0,1
6.256666666666667,0.12351338209099276,5.96,6.44,0.4800000000000004,6.28,-0.011403781979977767,0.0,0.06666666666666667,1
6.187666666666666,0.18373320029022758,5.72,6.42,0.7000000000000002,6.23,0.01209566184649596,0.0,0.16666666666666666,1
4.985333333333332,0.7700984064102169,3.65,6.44,2.7900000000000005,5.074999999999999,-0.03005116796440501,0.0,0.9,1
5.885666666666666,0.14193151713257898,5.6,6.07,0.47000000000000064,5.885,0.009879866518353632,0.0,0.6666666666666666,1
5.460999999999999,0.1988357781352909,5.18,5.94,0.7600000000000007,5.45,-0.006703003337041331,0.0,1.0,1
5.597999999999999,0.20540042194049477,5.19,5.85,0.6599999999999993,5.66,-0.008444938820912217,0.0,1.0,1
5.458333333333332,0.08501307089043543,5.28,5.6,0.3199999999999994,5.46,0.0005228031145715731,0.0,1.0,1
5.396333333333334,0.07631004011414363,5.23,5.55,0.3199999999999994,5.4,0.0015061179087873344,0.0,1.0,1
5.47,0.16169930941926342,5.18,5.76,0.5800000000000001,5.45,0.0017486095661845423,0.0,1.0,1
5.284000000000001,0.09772751233233493,5.08,5.46,0.3799999999999999,5.28,-0.0024071190211346835,0.0,1.0,1
5.262000000000001,0.11240996397117121,4.91,5.44,0.5300000000000002,5.28,-0.0073014460511681405,0.0,1.0,1
5.833666666666667,0.1941903419042484,5.07,6.05,0.9799999999999995,5.88,0.010636262513904204,0.0,0.9333333333333333,1
6.0120000000000005,0.06029925372672539,5.85,6.1,0.25,6.03,0.0023581757508341315,0.0,0.3,1
5.923666666666667,0.1669627370270252,5.39,6.17,0.7800000000000002,5.92,0.0047942157953279165,0.0,0.6333333333333333,1
6.107,0.20976415327696005,5.64,6.42,0.7800000000000002,6.17,-0.0014082313681870182,0.0,0.3,1
6.245333333333333,0.19424612108239278,5.78,6.42,0.6399999999999997,6.33,-0.014656284760845534,0.0,0.13333333333333333,1
5.951666666666666,0.40207862691546065,4.98,6.37,1.3899999999999997,6.12,0.02666740823136805,0.0,0.3333333333333333,1
6.276666666666667,0.2191853604194912,5.64,6.51,0.8700000000000001,6.33,-0.007466073414905657,0.0,0.1,1
6.384,0.15675033226971696,5.94,6.58,0.6399999999999997,6.45,-0.009766407119021315,0.0,0.03333333333333333,1
6.387666666666666,0.12170136491519813,6.13,6.56,0.4299999999999997,6.42,-6.006674082319757e-05,0.0,0.0,1
6.252000000000001,0.1292645865399079,6.01,6.48,0.47000000000000064,6.24,0.002166852057841874,0.0,0.0,1
6.204,0.19352174727060178,5.83,6.67,0.8399999999999999,6.16,-0.0066607341490546096,0.0,0.1,1
6.439666666666666,0.26833416148940525,5.85,6.77,0.9199999999999999,6.535,-0.008847608453837665,0.0,0.13333333333333333,1
5.774333333333333,0.5926420129855422,4.57,6.51,1.9399999999999995,5.91,0.029061179087875345,0.0,0.5666666666666667,1
6.549333333333333,0.07702524838576558,6.33,6.67,0.33999999999999986,6.55,0.0047608453837594995,0.0,0.0,1
6.373333333333331,0.3198576072080965,5.56,6.7,1.1400000000000006,6.48,-0.013272525027808763,0.0,0.13333333333333333,1
6.624333333333332,0.08666730768993704,6.44,6.72,0.27999999999999936,6.66,0.008896551724137659,0.0,0.0,1
6.5123333333333315,0.2981574900767864,5.85,6.79,0.9400000000000004,6.65,0.01762625139043373,0.0,0.1,1
6.714666666666668,0.04514667454223195,6.58,6.77,0.1899999999999995,6.72,-0.0037597330367076277,0.0,0.0,1
6.447333333333332,0.23491747960128945,5.8,6.69,0.8900000000000006,6.53,-0.00808008898776437,0.0,0.1,1
6.701333333333333,0.12608815258469855,6.4,6.83,0.4299999999999997,6.78,0.011893214682980904,0.0,0.0,1
6.7553333333333345,0.02012185103038203,6.7,6.78,0.08000000000000007,6.75,-0.0008720800889878823,0.0,0.0,1
6.5649999999999995,0.27899522098654894,5.73,6.81,1.0799999999999992,6.695,0.012487208008898666,0.0,0.1,1
6.769666666666667,0.0762663461531727,6.64,6.9,0.2600000000000007,6.75,0.006774193548386983,0.0,0.0,1
6.632333333333334,0.20001138856464037,6.07,6.86,0.79,6.695,0.011201334816462577,0.0,0.0,1
6.5953333333333335,0.12403583711528259,6.31,6.77,0.45999999999999996,6.615,-0.009508342602892262,0.0,0.0,1
6.744333333333332,0.045802717047014635,6.64,6.81,0.16999999999999993,6.75,-0.0027119021134594874,0.0,0.0,1
6.593333333333333,0.05454865310487111,6.51,6.69,0.1800000000000006,6.59,0.00015127919910997234,0.0,0.0,1
6.603333333333335,0.17506824066314505,6.24,6.78,0.54,6.645,0.01627586206896534,0.0,0.0,1
6.689333333333334,0.08656147462288809,6.49,6.79,0.2999999999999998,6.69,-0.009383759733036916,0.0,0.0,1
6.540333333333332,0.03995692124720769,6.47,6.62,0.15000000000000036,6.54,0.0016173526140153863,0.0,0.0,1
6.5809999999999995,0.12939216874808665,6.28,6.72,0.4399999999999995,6.645,0.012856507230255753,0.0,0.0,1
6.581333333333333,0.06443256595507865,6.51,6.77,0.2599999999999998,6.56,-0.0007519466073416792,0.0,0.0,1
6.480333333333333,0.23427168463607007,5.85,6.74,0.8900000000000006,6.54,0.013822024471635058,0.0,0.06666666666666667,1
6.532333333333333,0.08139137273418826,6.35,6.69,0.34000000000000075,6.52,-0.006200222469410517,0.0,0.0,1
6.639333333333334,0.11681704594031736,6.15,6.75,0.5999999999999996,6.66,-0.004467185761957764,0.0,0.0,1
6.4609999999999985,0.10212247548899311,6.17,6.62,0.4500000000000002,6.48,-0.0031479421579535248,0.0,0.0,1
6.382,0.1365625619755771,6.08,6.59,0.5099999999999998,6.41,-0.0033414905450502,0.0,0.0,1
6.722333333333333,0.10002277518423265,6.59,6.9,0.3100000000000005,6.705,-0.004135706340378352,0.0,0.0,1
6.735,0.035095108870990294,6.65,6.79,0.13999999999999968,6.75,0.0025294771968852464,0.0,0.0,1
6.730333333333332,0.03745960787598041,6.65,6.83,0.17999999999999972,6.74,-0.0006740823136819103,0.0,0.0,1
6.7173333333333325,0.02908989897236181,6.65,6.78,0.1299999999999999,6.72,0.0015928809788653697,0.0,0.0,1
6.556666666666667,0.2441902718965047,5.71,6.79,1.08,6.65,-0.015225806451613127,0.0,0.06666666666666667,1
6.084999999999999,0.8093732142837444,2.99,6.56,3.5699999999999994,6.34,-0.05636707452725272,0.0,0.16666666666666666,1
4.414666666666666,1.1774314794878251,2.51,5.76,3.25,4.795,0.12990433815350388,0.0,1.0,1
5.788333333333335,0.19857967894245604,5.35,6.01,0.6600000000000001,5.88,-0.0018309232480535117,0.0,0.9666666666666667,1
5.889,0.17030071442402503,5.55,6.12,0.5700000000000003,5.95,0.016353726362624953,0.0,0.6666666666666666,1
5.884333333333331,0.169168226593793,5.42,6.17,0.75,5.89,-0.014622914349276962,0.0,0.7,1
5.961333333333334,0.32957278744189766,5.39,6.38,0.9900000000000002,5.95,0.031991101223581585,0.0,0.5,1
6.452333333333335,0.09386811078434583,6.33,6.61,0.28000000000000025,6.43,0.009328142380422516,0.0,0.0,1
6.565666666666669,0.04079896512848768,6.44,6.62,0.17999999999999972,6.57,0.0006206896551721966,0.0,0.0,1
6.653,0.04974267115197312,6.53,6.72,0.1899999999999995,6.66,0.0038598442714126114,0.0,0.0,1
6.559333333333334,0.24153582665011739,5.76,6.77,1.0099999999999998,6.63,0.007661846496106596,0.0,0.06666666666666667,1
6.765000000000001,0.029410882339705412,6.72,6.83,0.11000000000000032,6.76,0.00020244716351473064,0.0,0.0,1
6.739333333333334,0.03520732247069571,6.65,6.79,0.13999999999999968,6.74,0.0021935483870966924,0.0,0.0,1
6.5169999999999995,0.29474452214304736,5.8,6.79,0.9900000000000002,6.66,-0.023677419354838886,0.0,0.13333333333333333,1
6.245333333333333,0.22820653413568648,5.88,6.69,0.8100000000000005,6.18,-0.015519466073415093,0.0,0.1,1
6.168333333333334,0.11506761297409249,5.91,6.37,0.45999999999999996,6.17,0.0010611790878754148,0.0,0.06666666666666667,1
6.150666666666666,0.12170821208484203,5.92,6.38,0.45999999999999996,6.16,0.001392658509454711,0.0,0.1,1
6.100333333333334,0.15406672436173746,5.76,6.4,0.6400000000000006,6.109999999999999,0.003979977753058853,0.0,0.3,1
6.272333333333335,0.16439147044647895,5.97,6.54,0.5700000000000003,6.25,-0.0017285873192436879,0.0,0.03333333333333333,1
6.203333333333332,0.13692658211205333,5.88,6.48,0.6000000000000005,6.18,0.008111234705227947,0.0,0.06666666666666667,1
6.3676666666666675,0.18409568767959295,5.91,6.67,0.7599999999999998,6.390000000000001,-0.015726362625139198,0.0,0.06666666666666667,1
6.763000000000001,0.15253742710124177,6.33,6.9,0.5700000000000003,6.82,0.014903225806451462,0.0,0.0,1
6.8613333333333335,0.066067305748675,6.74,6.97,0.22999999999999954,6.855,0.00259399332591751,0.0,0.0,1
6.547333333333332,0.26219500800400874,6.19,6.97,0.7799999999999994,6.46,-0.020400444938820986,0.0,0.0,1
6.416999999999999,0.13153326575433302,6.24,6.72,0.47999999999999954,6.4,0.0005895439377084657,0.0,0.0,1
6.604,0.26136309354357334,5.83,6.86,1.0300000000000002,6.66,0.023870967741935367,0.0,0.06666666666666667,1
6.766666666666667,0.18884443921445554,6.12,6.93,0.8099999999999996,6.82,-0.001588431590656419,0.0,0.0,1
6.795666666666667,0.04793630032542023,6.69,6.9,0.20999999999999996,6.79,0.0022091212458285,0.0,0.0,1
6.6096666666666675,0.3025170334965546,5.85,6.97,1.12,6.695,0.030921023359287918,0.0,0.03333333333333333,1
6.493666666666667,0.20213004614741367,5.91,6.75,0.8399999999999999,6.535,0.01404449388209101,0.0,0.03333333333333333,1
6.561333333333333,0.16712736327590266,6.07,6.75,0.6799999999999997,6.615,0.004133481646273512,0.0,0.0,1
6.966,0.08467978900934182,6.74,7.06,0.3199999999999994,6.99,0.00799999999999976,0.4666666666666667,0.0,1
6.870666666666666,0.28216937387951146,6.19,7.11,0.9199999999999999,7.02,-0.02568186874304789,0.6666666666666666,0.0,1
6.443999999999999,0.11505361069229135,6.22,6.64,0.41999999999999993,6.46,-0.002927697441601877,0.0,0.0,1
6.41,0.10856641592438555,6.15,6.65,0.5,6.42,-0.001245828698554112,0.0,0.0,1
6.341666666666667,0.0902619644270067,6.17,6.53,0.3600000000000003,6.33,-0.0013281423804228317,0.0,0.0,1
6.376666666666667,0.09488004122165121,6.17,6.53,0.3600000000000003,6.4,-0.000787541713014668,0.0,0.0,1
6.479333333333331,0.2356117333429915,6.1,6.79,0.6900000000000004,6.555,0.02287875417130132,0.0,0.0,1
6.696666666666666,0.18210497583048696,6.22,6.94,0.7200000000000006,6.76,0.003688542825361304,0.0,0.0,1
6.722666666666666,0.09899270455723269,6.53,6.91,0.3799999999999999,6.71,-0.003519466073415183,0.0,0.0,1
4.835666666666667,2.1189520732873808,1.9,6.83,4.93,6.36,-0.21666073414905482,0.0,0.43333333333333335,1
4.212000000000001,1.2904350687526542,1.84,5.65,3.8100000000000005,4.6850000000000005,0.14469410456062287,0.0,1.0,1
5.796666666666666,0.10011104945120802,5.65,5.96,0.3099999999999996,5.779999999999999,0.010642936596217957,0.0,1.0,1
5.819666666666665,0.3379199444970493,4.91,6.21,1.2999999999999998,5.865,0.01351946607341473,0.0,0.6666666666666666,1
6.111999999999999,0.035251477510406116,6.01,6.17,0.16000000000000014,6.12,-0.00030700778642962523,0.0,0.0,1
6.109,0.17413309086251622,5.6,6.38,0.7800000000000002,6.1,0.008028921023359111,0.0,0.1,1
6.325333333333334,0.24836442758351873,5.81,6.56,0.75,6.465,-0.023261401557286145,0.0,0.16666666666666666,1
6.093999999999999,0.17687283567580417,5.85,6.48,0.6300000000000008,6.085,0.01125250278086743,0.0,0.4666666666666667,1
6.189666666666666,0.1677196735296396,5.91,6.56,0.6499999999999995,6.18,-0.014689655172413874,0.0,0.13333333333333333,1
6.005999999999999,0.07069181942299498,5.89,6.17,0.28000000000000025,6.0,-0.0015483870967742872,0.0,0.5,1
6.034000000000002,0.17026645784377695,5.75,6.33,0.5800000000000001,5.98,0.015813125695216753,0.0,0.5333333333333333,1
6.481,0.25549103050139876,5.85,6.81,0.96,6.51,0.01530367074527251,0.0,0.06666666666666667,1
6.563666666666665,0.1943447681026914,6.19,6.83,0.6399999999999997,6.62,-0.007486095661846684,0.0,0.0,1
6.472333333333333,0.1504589275812136,6.15,6.79,0.6399999999999997,6.48,-0.0003670745272526692,0.0,0.0,1
6.4609999999999985,0.1097982999261221,6.26,6.7,0.4400000000000004,6.46,0.009461624026696223,0.0,0.0,1
6.4689999999999985,0.17189822570346674,6.01,6.7,0.6900000000000004,6.535,3.3370411568263845e-05,0.0,0.0,1
6.640000000000001,0.055916604570258564,6.54,6.77,0.22999999999999954,6.64,0.0025939933259174716,0.0,0.0,1
6.494666666666666,0.11777756813398527,6.24,6.67,0.4299999999999997,6.51,0.007937708565072222,0.0,0.0,1
6.4863333333333335,0.16065456385950855,6.08,6.69,0.6100000000000003,6.56,0.006498331479421357,0.0,0.0,1
6.591666666666666,0.27699679099625363,5.91,6.91,1.0,6.745,-0.020909899888765498,0.0,0.03333333333333333,1
6.3103333333333325,0.17999043184446106,6.1,6.69,0.5900000000000007,6.24,-0.01145050055617373,0.0,0.0,1
6.5103333333333335,0.16668299919974508,6.22,6.77,0.5499999999999998,6.51,0.009684093437152212,0.0,0.0,1
6.585333333333334,0.11600957814862622,6.38,6.83,0.4500000000000002,6.58,-0.002567296996662999,0.0,0.0,1
6.4929999999999986,0.09791663120566729,6.21,6.64,0.4299999999999997,6.495,0.00625361512791977,0.0,0.0,1
6.5603333333333325,0.07245611698737993,6.44,6.7,0.2599999999999998,6.56,-0.0011145717463850518,0.0,0.0,1
6.476999999999999,0.10047055953528534,6.21,6.62,0.41000000000000014,6.51,0.0031212458286984375,0.0,0.0,1
6.473999999999999,0.06348753158429352,6.35,6.62,0.27000000000000046,6.47,-0.004342602892102494,0.0,0.0,1
6.3516666666666675,0.10211377097249046,6.08,6.49,0.41000000000000014,6.38,-0.007868743047831007,0.0,0.0,1
6.580333333333333,0.06514002012758534,6.44,6.72,0.27999999999999936,6.585,0.005559510567296717,0.0,0.0,1
6.545,0.13664430711400558,6.26,6.74,0.4800000000000004,6.615,0.006800889877641686,0.0,0.0,1
6.586666666666667,0.17296113885944314,6.26,6.78,0.5200000000000005,6.66,-0.013494994438264981,0.0,0.0,1
6.395,0.16227035054706293,5.92,6.56,0.6399999999999997,6.47,-0.010636262513904473,0.0,0.03333333333333333,1
6.6196666666666655,0.07892964518410613,6.48,6.75,0.2699999999999996,6.64,0.008327030033370337,0.0,0.0,1
6.6000000000000005,0.2107605276136877,6.05,6.79,0.7400000000000002,6.7,-0.002709677419355108,0.0,0.0,1
6.754333333333333,0.1595343919730859,6.22,6.88,0.6600000000000001,6.79,-0.0089232480533929,0.0,0.0,1
6.6113333333333335,0.19441764894736846,6.1,6.81,0.71,6.67,0.020431590656284603,0.0,0.0,1
6.625,0.1722546564440759,6.24,6.85,0.6099999999999994,6.64,-0.004878754171301707,0.0,0.0,1
6.46,0.14361986863476336,6.17,6.69,0.5200000000000005,6.49,0.0023982202447161865,0.0,0.0,1
6.599666666666666,0.06348140585154746,6.45,6.7,0.25,6.615,0.0028186874304781087,0.0,0.0,1
6.304666666666667,0.23210246779290297,5.92,6.74,0.8200000000000003,6.28,-0.010006674082313798,0.0,0.1,1
6.628,0.15957025620919033,6.21,6.81,0.5999999999999996,6.67,0.005241379310344696,0.0,0.0,1
6.448000000000003,0.17857584756437067,5.97,6.62,0.6500000000000004,6.5,0.01651167964404891,0.0,0.06666666666666667,1
6.6706666666666665,0.0742488308924046,6.53,6.75,0.21999999999999975,6.7,0.007154616240266965,0.0,0.0,1
6.247,0.1580537883127134,5.88,6.48,0.6000000000000005,6.275,-0.003174638487208113,0.0,0.03333333333333333,1
6.530666666666666,0.15571198483810503,6.1,6.72,0.6200000000000001,6.57,0.013290322580645065,0.0,0.0,1
6.608999999999999,0.08005623023850174,6.45,6.79,0.33999999999999986,6.61,0.0025161290322579335,0.0,0.0,1
6.3696666666666655,0.18948145614339737,5.88,6.62,0.7400000000000002,6.465,-0.014431590656284821,0.0,0.06666666666666667,1
6.428,0.10117311895953399,6.21,6.65,0.4400000000000004,6.43,0.008921023359288021,0.0,0.0,1
6.3036666666666665,0.13260174290793555,6.02,6.53,0.5100000000000007,6.33,0.007592880978865228,0.0,0.0,1
6.417333333333333,0.0878989318605308,6.21,6.56,0.34999999999999964,6.44,-0.003030033370411701,0.0,0.0,1
5.998,0.21713897239632812,5.65,6.44,0.79,5.9399999999999995,0.012249165739710697,0.0,0.5333333333333333,1
6.198666666666667,0.20215065888809,5.62,6.42,0.7999999999999998,6.285,-0.015350389321468434,0.0,0.16666666666666666,1
6.577666666666667,0.1245440573541035,6.29,6.77,0.47999999999999954,6.6,0.009937708565072239,0.0,0.0,1
6.379666666666665,0.1604469451944231,5.99,6.59,0.5999999999999996,6.43,0.008798665183537132,0.0,0.03333333333333333,1
6.434333333333334,0.10124831960196788,6.21,6.61,0.40000000000000036,6.45,-0.0013815350389322382,0.0,0.0,1
6.251,0.17045722826171575,5.85,6.54,0.6900000000000004,6.28,-0.009568409343715497,0.0,0.1,1
6.586666666666669,0.11875277774528985,6.19,6.77,0.5799999999999992,6.61,0.008307007786429194,0.0,0.0,1
6.757000000000001,0.04420784244150945,6.62,6.81,0.1899999999999995,6.77,0.0023648498331476924,0.0,0.0,1
6.879000000000002,0.043692104549906956,6.79,6.93,0.13999999999999968,6.88,0.004371523915461461,0.0,0.0,1
6.421000000000001,0.23561762808980713,5.97,6.85,0.8799999999999999,6.415,-0.009292547274749834,0.0,0.03333333333333333,1
6.604333333333332,0.09243676517249808,6.38,6.74,0.3600000000000003,6.64,0.00890989988876524,0.0,0.0,1
6.603000000000001,0.061598160145684,6.45,6.72,0.2699999999999996,6.61,-0.001955506117908973,0.0,0.0,1
6.397666666666666,0.18990670223969341,5.94,6.58,0.6399999999999997,6.48,0.0019421579532812754,0.0,0.03333333333333333,1
6.471666666666666,0.17414712809065272,6.03,6.67,0.6399999999999997,6.51,-0.0042157953281424234,0.0,0.0,1
6.549333333333333,0.11650274198013066,6.24,6.67,0.4299999999999997,6.59,-0.009005561735261505,0.0,0.0,1
7.570666666666665,0.4687283032015692,6.66,8.16,1.5,7.69,-0.03131924360400449,0.8,0.0,0
7.731333333333334,0.4724597572515803,6.84,8.29,1.4499999999999993,7.9350000000000005,-0.04793770856507241,0.8333333333333334,0.0,0
7.142333333333332,0.2279427315991648,6.79,7.62,0.8300000000000001,7.119999999999999,-0.0066318131256952965,0.7333333333333333,0.0,0
7.182999999999999,0.15722913216067816,6.94,7.42,0.47999999999999954,7.220000000000001,-0.008972191323693125,0.7666666666666667,0.0,0
7.5393333333333326,0.2565012453944209,7.01,7.97,0.96,7.575,0.026015572858731798,1.0,0.0,0
7.184000000000001,0.27463430230034996,6.58,7.58,1.0,7.23,0.021392658509454765,0.7666666666666667,0.0,0
6.853333333333333,0.21370280505620154,6.48,7.36,0.8799999999999999,6.8,-0.016453837597330514,0.3,0.0,0
7.127666666666667,0.3953621406030454,6.63,8.01,1.38,7.015000000000001,0.029777530589543688,0.5,0.0,0
7.231666666666666,0.45161992378055643,6.51,8.08,1.5700000000000003,7.210000000000001,-0.01043159065628494,0.6333333333333333,0.0,0
7.564666666666667,0.4752173771607637,6.48,8.11,1.629999999999999,7.675,0.040031145717463607,0.8666666666666667,0.0,0
7.443333333333333,0.45495298902438513,6.64,8.26,1.62,7.48,-0.024591768631813317,0.8,0.0,0
7.412666666666667,0.3567906326622878,6.81,8.03,1.2199999999999998,7.4,-0.009944382647386145,0.9,0.0,0
7.278333333333334,0.4112994313419632,6.78,8.06,1.2800000000000002,7.27,-0.04284983314794233,0.6333333333333333,0.0,0
7.6193333333333335,0.5480993421715527,6.62,8.31,1.6900000000000004,7.715,-0.028511679644049086,0.8666666666666667,0.0,0
7.494666666666666,0.22597541655872408,6.78,7.8,1.0199999999999996,7.51,0.01072747497219117,0.9666666666666667,0.0,0
7.201666666666667,0.21984969613099062,6.77,7.62,0.8500000000000005,7.24,0.00098109010011119,0.8,0.0,0
7.436000000000001,0.46408045279527405,6.81,8.16,1.3500000000000005,7.404999999999999,0.04363959955506115,0.7,0.0,0
7.442666666666668,0.1746603052276682,7.1,7.68,0.5800000000000001,7.529999999999999,0.00758620689655163,1.0,0.0,0
7.293,0.2016953147695801,6.99,7.84,0.8499999999999996,7.295,0.0148008898776416,0.9666666666666667,0.0,0
7.373000000000002,0.27513814711886103,6.9,7.95,1.0499999999999998,7.36,0.012469410456062056,0.9333333333333333,0.0,0
7.168333333333334,0.318413602445345,6.73,7.83,1.0999999999999996,7.105,-0.006694104560623104,0.5666666666666667,0.0,0
7.668999999999999,0.3490210117839135,7.16,8.36,1.1999999999999993,7.675,-0.014129032258064684,1.0,0.0,0
7.365333333333334,0.3497211587663648,6.77,7.98,1.2100000000000009,7.32,0.003025583982202328,0.8,0.0,0
7.389,0.3455657197504791,6.73,7.99,1.2599999999999998,7.42,-0.003232480533926739,0.8333333333333334,0.0,0
6.982000000000001,0.4366798980183693,6.58,8.31,1.7300000000000004,6.775,0.039897664071189935,0.3333333333333333,0.0,0
7.726999999999999,0.32334862506794937,7.01,8.27,1.2599999999999998,7.68,-0.029746384872080343,1.0,0.0,0
7.521333333333333,0.47861420325305387,6.91,8.23,1.3200000000000003,7.5,-0.0007830923248054869,0.8,0.0,0
7.514999999999998,0.37794840917776085,6.77,8.06,1.290000000000001,7.575,0.038066740823136734,0.8333333333333334,0.0,0
7.870666666666667,0.09077199763999658,7.7,8.03,0.3299999999999992,7.890000000000001,0.0012324805339263762,1.0,0.0,0
7.315,0.3389665666895975,6.79,7.91,1.12,7.210000000000001,-0.02778420467185777,0.8666666666666667,0.0,0
7.364999999999999,0.21726711670199883,6.88,7.57,0.6900000000000004,7.45,0.018600667408231283,0.8666666666666667,0.0,0
7.382666666666668,0.14118388324766004,7.07,7.57,0.5,7.43,0.004560622914349225,1.0,0.0,0
7.445333333333333,0.13390875832280552,7.1,7.65,0.5500000000000007,7.47,0.010051167964404804,1.0,0.0,0
7.322333333333334,0.22529511510214528,6.93,7.67,0.7400000000000002,7.359999999999999,-0.015899888765295,0.8666666666666667,0.0,0
7.468666666666667,0.14997184921029533,7.09,7.67,0.5800000000000001,7.51,-0.008854282536151378,1.0,0.0,0
7.331666666666666,0.1068358034035824,7.04,7.45,0.41000000000000014,7.37,-0.003401557285873359,1.0,0.0,0
7.329,0.10482843125793698,7.06,7.51,0.4500000000000002,7.33,-0.0025606229143494766,1.0,0.0,0
7.380666666666667,0.07108367526295256,7.19,7.52,0.3299999999999992,7.4,-0.0007341490545051847,1.0,0.0,0
7.159666666666667,0.19910605772357165,6.81,7.8,0.9900000000000002,7.14,0.0007185761957729544,0.8333333333333334,0.0,0
7.799333333333333,0.10645604204970649,7.64,8.03,0.3899999999999997,7.78,-0.0029187986651836684,1.0,0.0,0
7.199666666666667,0.3219263200727079,6.77,7.73,0.9600000000000009,7.119999999999999,-0.032433815350389465,0.6333333333333333,0.0,0
7.540333333333333,0.11743035761202844,7.21,7.83,0.6200000000000001,7.55,0.0037530589543936445,1.0,0.0,0
7.475333333333333,0.20700617274747032,6.94,7.67,0.7299999999999995,7.54,-0.016453837597330476,0.9666666666666667,0.0,0
7.680666666666666,0.2219449381165418,7.07,8.1,1.0299999999999994,7.63,-0.0046140155728589,1.0,0.0,0
7.365333333333331,0.39250251237695544,6.86,8.11,1.2499999999999991,7.25,0.013388209121245593,0.8,0.0,0
7.0743333333333345,0.3663939895188724,6.66,7.9,1.2400000000000002,6.955,0.025532814238042066,0.4,0.0,0
8.088333333333335,0.3037113029762896,7.49,8.44,0.9499999999999993,8.205,-0.01761735261401579,1.0,0.0,0
7.1530000000000005,0.290919805673889,6.73,7.62,0.8899999999999997,7.05,-0.00980422691879876,0.6,0.0,0
7.088999999999999,0.20881171742345633,6.79,7.51,0.7199999999999998,7.08,-0.006787541713014603,0.6333333333333333,0.0,0
6.638333333333333,0.14997962824626848,6.45,7.04,0.5899999999999999,6.59,-0.006796440489432812,0.06666666666666667,0.0,0
7.499666666666666,0.15458510780652693,7.01,7.7,0.6900000000000004,7.525,0.013368186874304603,1.0,0.0,0
7.586,0.08240550143447135,7.4,7.75,0.34999999999999964,7.57,-0.005779755283648633,1.0,0.0,0
7.514666666666669,0.05914577095805084,7.4,7.64,0.23999999999999932,7.52,0.0018687430478308415,1.0,0.0,0
7.458,0.3279471502137704,6.84,8.01,1.17,7.49,0.026100111234704973,0.8666666666666667,0.0,0
7.443666666666669,0.4244720904318157,6.62,7.98,1.3600000000000003,7.62,0.039592880978865305,0.7666666666666667,0.0,0
7.430666666666665,0.5070564290315449,6.51,8.11,1.5999999999999996,7.595,0.007061179087875235,0.6666666666666666,0.0,0
7.036666666666665,0.47108621527510464,6.29,7.78,1.4900000000000002,6.965,0.0007519466073413334,0.4666666666666667,0.0,0
7.3036666666666665,0.3477689207249869,6.62,7.83,1.21,7.4,-0.006026696329254908,0.7666666666666667,0.0,0
7.237333333333334,0.4063490562995755,6.63,7.93,1.2999999999999998,7.35,0.009721913236929619,0.6,0.0,0
7.838666666666668,0.2250886245212956,7.4,8.27,0.8699999999999992,7.86,-0.013187986651835472,1.0,0.0,0
7.789333333333334,0.12252709450929164,7.52,8.04,0.5199999999999996,7.79,-0.0038131256952172263,1.0,0.0,0
7.364,0.3778059466622162,6.7,7.9,1.2000000000000002,7.505,0.01826473859844246,0.7,0.0,0
6.777000000000001,0.24602371159436376,6.25,7.38,1.13,6.78,-0.000144605116796527,0.13333333333333333,0.0,0
7.584,0.18168837790752243,7.27,7.9,0.6300000000000008,7.609999999999999,0.014634037819799705,1.0,0.0,0
7.545666666666666,0.12131730663383881,7.07,7.67,0.5999999999999996,7.575,0.005741935483870766,1.0,0.0,0
7.456666666666667,0.11426091000668404,7.14,7.64,0.5,7.48,-0.005486095661846782,1.0,0.0,0
7.158666666666665,0.23236083051055645,6.78,7.58,0.7999999999999998,7.14,-0.016863181312569694,0.7333333333333333,0.0,0
6.792333333333334,0.21078714909173726,6.51,7.19,0.6800000000000006,6.75,-0.02185761957730827,0.23333333333333334,0.0,0
6.860666666666668,0.18948937231998594,6.55,7.23,0.6800000000000006,6.79,0.015835372636262467,0.3,0.0,0
7.188666666666666,0.1264313603853447,6.97,7.44,0.47000000000000064,7.18,0.008129032258064326,0.9666666666666667,0.0,0
7.2250000000000005,0.09369276030373601,7.03,7.38,0.34999999999999964,7.23,0.007975528364849781,1.0,0.0,0
7.272333333333334,0.09240069744806526,7.09,7.38,0.29000000000000004,7.29,0.008589543937708456,1.0,0.0,0
7.220333333333332,0.16069605540342996,6.9,7.4,0.5,7.25,-0.011944382647386047,0.8333333333333334,0.0,0
7.196666666666667,0.1470449666674185,6.84,7.4,0.5600000000000005,7.23,-0.009063403781980055,0.8666666666666667,0.0,0
7.5806666666666676,0.3383482755321142,6.93,8.1,1.17,7.6,0.004872080088987609,0.9333333333333333,0.0,0
7.375666666666666,0.11831267425296783,7.21,7.6,0.3899999999999997,7.34,0.005635150166851761,1.0,0.0,0
7.331,0.15531366112912715,7.12,7.57,0.4500000000000002,7.285,-0.014565072302558645,1.0,0.0,0
7.083666666666665,0.060469459692935476,6.99,7.25,0.2599999999999998,7.07,-0.004918798665183685,0.9666666666666667,0.0,0
7.114,0.06473535870501278,7.04,7.3,0.2599999999999998,7.1,0.00407119021134582,1.0,0.0,0
7.189666666666667,0.1396300668035204,7.01,7.58,0.5700000000000003,7.17,-0.0009855394883205248,1.0,0.0,0
7.37,0.10930080817023571,7.17,7.55,0.3799999999999999,7.38,-0.007052280311457333,1.0,0.0,0
7.347333333333334,0.1314517232886491,7.1,7.57,0.47000000000000064,7.390000000000001,-0.008502780867630748,1.0,0.0,0
7.3519999999999985,0.09860358343724984,7.06,7.49,0.4300000000000006,7.37,0.006273637374860797,1.0,0.0,0
7.317333333333333,0.12428283156664173,7.06,7.49,0.4300000000000006,7.32,-0.011030033370411692,1.0,0.0,0
7.285333333333333,0.21121447761826262,6.79,7.97,1.1799999999999997,7.3100000000000005,-0.0013659621802003534,0.9,0.0,0
7.569666666666667,0.10962005088283609,7.36,7.82,0.45999999999999996,7.550000000000001,-0.009283648498331624,1.0,0.0,0
7.330000000000001,0.11392980294900887,7.09,7.68,0.5899999999999999,7.3,0.0009299221357062396,1.0,0.0,0
7.447666666666666,0.10763157322809859,7.17,7.6,0.4299999999999997,7.455,-0.00039822024471651525,1.0,0.0,0
7.191666666666666,0.03559806486625684,7.12,7.25,0.1299999999999999,7.19,0.002017797552836396,1.0,0.0,0
7.2349999999999985,0.06878711119582402,7.07,7.38,0.3099999999999996,7.23,-0.00014460511679660382,1.0,0.0,0
7.235333333333331,0.11618184979686895,6.99,7.4,0.41000000000000014,7.26,-0.005508342602892228,0.9333333333333333,0.0,0
7.185666666666666,0.16086605884675884,6.99,7.49,0.5,7.17,-0.01572191323693013,0.9666666666666667,0.0,0
6.98,0.06658328118479381,6.86,7.1,0.23999999999999932,6.97,-0.0009121245828700139,0.4,0.0,0
7.017666666666668,0.1519140839056369,6.66,7.25,0.5899999999999999,7.04,-0.01148609566184668,0.7333333333333333,0.0,0
7.133666666666666,0.11657567880518174,6.93,7.45,0.5200000000000005,7.1,-0.0028097886540602453,0.9333333333333333,0.0,0
6.97,0.265969923111618,6.5,7.57,1.0700000000000003,7.0,0.00043159065628466385,0.5,0.0,0
7.274666666666666,0.14648625267315096,7.04,7.83,0.79,7.279999999999999,-0.0032080088987765302,1.0,0.0,0
7.361666666666666,0.07802065253650611,7.19,7.49,0.2999999999999998,7.38,0.006302558398220034,1.0,0.0,0
7.340333333333334,0.09403840822888397,7.04,7.47,0.4299999999999997,7.36,-0.0023959955506119993,1.0,0.0,0
7.271000000000001,0.14038874598770376,7.01,7.55,0.54,7.3100000000000005,-0.011503893214683135,1.0,0.0,0
7.151999999999999,0.07586830695356267,7.03,7.34,0.3099999999999996,7.14,0.0011879866518353323,1.0,0.0,0
7.428000000000002,0.20609706451087564,7.1,7.86,0.7600000000000007,7.41,0.014785317018909753,1.0,0.0,0
7.528333333333334,0.17712675938120961,7.27,7.95,0.6800000000000006,7.52,-0.014836484983315011,1.0,0.0,0
7.2603333333333335,0.058508309001561634,7.14,7.38,0.2400000000000002,7.27,-0.0038642936596220228,1.0,0.0,0
7.3,0.0766376756780458,7.16,7.44,0.28000000000000025,7.295,-0.0006273637374862181,1.0,0.0,0
7.329,0.08653900854527972,7.07,7.47,0.39999999999999947,7.36,-0.005853170189099298,1.0,0.0,0
7.195666666666668,0.08868232944366966,7.04,7.34,0.2999999999999998,7.19,0.00014905450500536253,1.0,0.0,0
7.074333333333332,0.11359821986085675,6.93,7.34,0.41000000000000014,7.05,-0.0011635150166854691,0.6666666666666666,0.0,0
7.015666666666666,0.05553877524356796,6.93,7.14,0.20999999999999996,7.02,-0.002751946607341619,0.5666666666666667,0.0,0
6.983000000000001,0.0629364759102382,6.9,7.16,0.2599999999999998,6.965,0.0005628476084534935,0.4,0.0,0
7.276,0.21232993194554553,6.9,7.62,0.7199999999999998,7.3100000000000005,0.02175305895439368,0.8666666666666667,0.0,0
7.454666666666666,0.14793542134623766,7.19,7.86,0.6699999999999999,7.47,-0.0007119021134595858,1.0,0.0,0
7.270999999999999,0.06331666447310688,7.12,7.38,0.2599999999999998,7.27,-0.001884315906562995,1.0,0.0,0
7.226333333333333,0.07341586265167009,7.09,7.38,0.29000000000000004,7.23,0.0028008898776415757,1.0,0.0,0
7.311333333333333,0.11265680430207295,7.01,7.53,0.5200000000000005,7.295,-0.008605116796440802,1.0,0.0,0
7.320333333333334,0.11435276802751895,7.14,7.65,0.5100000000000007,7.32,-0.0001802002224695927,1.0,0.0,0
7.258333333333332,0.09791436167499745,7.01,7.42,0.41000000000000014,7.25,-0.0052658509454952115,1.0,0.0,0
7.156000000000001,0.08882942455440472,6.91,7.3,0.3899999999999997,7.17,-0.0016062291434930285,0.9,0.0,0
7.211,0.11680039954269575,6.97,7.44,0.47000000000000064,7.21,0.008571746384871886,0.9333333333333333,0.0,0
7.377666666666668,0.12123485014173475,7.1,7.6,0.5,7.38,-0.0023826473859846473,1.0,0.0,0
7.379666666666666,0.11585863033120238,7.16,7.53,0.3700000000000001,7.42,0.005991101223581688,1.0,0.0,0
7.2956666666666665,0.08297322191861396,7.1,7.44,0.34000000000000075,7.3,-0.004180200222469626,1.0,0.0,0
7.013333333333334,0.1116641790767697,6.81,7.27,0.45999999999999996,6.99,-0.01034927697441622,0.4666666666666667,0.0,0
7.245999999999999,0.13353151937526456,6.96,7.53,0.5700000000000003,7.24,-0.0015350389321469354,0.9333333333333333,0.0,0
7.354666666666666,0.07495480119526851,7.19,7.51,0.3199999999999994,7.36,0.0031813125695214044,1.0,0.0,0
7.172666666666666,0.16695175617192198,6.91,7.47,0.5599999999999996,7.15,-0.004235817575083566,0.8,0.0,0
6.879333333333334,0.21202096332412254,6.38,7.36,0.9800000000000004,6.91,0.009708565072302382,0.26666666666666666,0.0,0
7.179666666666665,0.11040782983506607,6.96,7.38,0.41999999999999993,7.17,0.0018754171301443637,0.9333333333333333,0.0,0
7.317333333333333,0.14184341914786025,7.04,7.55,0.5099999999999998,7.34,-0.009944382647386299,1.0,0.0,0
7.172333333333333,0.11247765210130517,6.97,7.45,0.4800000000000004,7.16,-0.005457174638487469,0.9333333333333333,0.0,0
7.196666666666666,0.1195082516909282,6.99,7.44,0.4500000000000002,7.19,0.007323692992213317,0.9666666666666667,0.0,0
7.4286666666666665,0.2566285686010468,6.97,8.03,1.0599999999999996,7.43,0.014322580645161091,0.9333333333333333,0.0,0
7.344666666666666,0.09908694274334137,7.17,7.52,0.34999999999999964,7.34,-0.007928809788654205,1.0,0.0,0
7.296333333333334,0.13482045673990117,7.12,7.53,0.41000000000000014,7.23,-0.005799777530589738,1.0,0.0,0
7.223333333333333,0.10084090880634164,7.06,7.42,0.3600000000000003,7.23,-0.0038620689655174513,1.0,0.0,0
7.463333333333333,0.11007068436034884,7.21,7.64,0.4299999999999997,7.49,-0.009152391546162602,1.0,0.0,0
7.539333333333332,0.12024789210441714,7.17,7.73,0.5600000000000005,7.55,0.009477196885428224,1.0,0.0,0
7.507000000000001,0.14387842089764535,7.16,7.73,0.5700000000000003,7.53,-0.004189098998887874,1.0,0.0,0
7.230999999999999,0.1572757663044968,6.97,7.57,0.6000000000000005,7.2,-0.013853170189099174,0.9666666666666667,0.0,0
7.370333333333334,0.1703228959620194,6.91,7.65,0.7400000000000002,7.38,0.0030634037819798113,0.9666666666666667,0.0,0
7.447666666666667,0.13383281444482215,7.17,7.68,0.5099999999999998,7.44,0.0038731924360398476,1.0,0.0,0
7.402,0.12356914393704167,7.23,7.64,0.40999999999999925,7.38,0.008760845383759649,1.0,0.0,0
7.599333333333333,0.07780031419530961,7.38,7.7,0.3200000000000003,7.63,-0.005993325917686414,1.0,0.0,0
7.468333333333334,0.09070403641637023,7.32,7.68,0.35999999999999943,7.45,0.001385984427141112,1.0,0.0,0
7.352000000000001,0.1169444312483498,7.16,7.58,0.41999999999999993,7.35,0.002491657397107686,1.0,0.0,0
7.262333333333333,0.1508571804353008,7.03,7.58,0.5499999999999998,7.210000000000001,-0.0022892102335931863,1.0,0.0,0
7.295666666666667,0.1989754312025036,6.9,7.65,0.75,7.33,0.012313681868742864,0.9333333333333333,0.0,0
7.385000000000001,0.06844705983459039,7.29,7.53,0.2400000000000002,7.37,-0.0018531701890992258,1.0,0.0,0
7.364666666666667,0.08546864272286585,7.25,7.6,0.34999999999999964,7.35,0.0008142380422691025,1.0,0.0,0
7.3629999999999995,0.07216416469873856,7.23,7.51,0.27999999999999936,7.37,-0.0009187986651836514,1.0,0.0,0
7.396666666666667,0.1366341424713783,7.16,7.7,0.54,7.37,0.007474972191323481,1.0,0.0,0
7.818666666666668,0.21588165482247187,7.44,8.39,0.9500000000000002,7.79,-0.006171301446051396,1.0,0.0,0
7.625,0.08620711494225201,7.44,7.8,0.35999999999999943,7.645,0.0006340378197996634,1.0,0.0,0
7.584333333333333,0.16814048359102052,7.19,7.9,0.71,7.62,-0.0021379310344829833,1.0,0.0,0
7.6259999999999994,0.21240841163506993,7.16,8.01,0.8499999999999996,7.64,-0.013090100111234945,1.0,0.0,0
7.509666666666667,0.13128806326378475,7.21,7.8,0.5899999999999999,7.52,-0.005684093437152563,1.0,0.0,0
7.517666666666667,0.09921973370028538,7.32,7.71,0.3899999999999997,7.51,0.006774193548386945,1.0,0.0,0
7.5953333333333335,0.15577191302956037,7.38,7.98,0.6000000000000005,7.525,-0.0022202447163516643,1.0,0.0,0
7.449,0.14969635934116768,7.19,7.77,0.5799999999999992,7.390000000000001,-0.012941045606229351,1.0,0.0,0
7.417333333333334,0.06276587891167898,7.19,7.53,0.33999999999999986,7.44,-0.0020155728587320553,1.0,0.0,0
7.354333333333333,0.06248644297410092,7.14,7.45,0.3100000000000005,7.36,-0.0020177975528367417,1.0,0.0,0
7.356666666666667,0.10976743091139954,7.19,7.57,0.3799999999999999,7.36,0.010767519466073303,1.0,0.0,0
7.413333333333333,0.08047083667736755,7.27,7.55,0.28000000000000025,7.43,-0.0011968854282536562,1.0,0.0,0
7.2813333333333325,0.1042027937352075,7.14,7.6,0.45999999999999996,7.26,0.0026829810900997906,1.0,0.0,0
7.222999999999998,0.1484845670993005,6.91,7.67,0.7599999999999998,7.23,0.005025583982202229,0.9666666666666667,0.0,0
7.437666666666667,0.07636243986556618,7.19,7.58,0.3899999999999997,7.445,-0.003312569521690887,1.0,0.0,0
7.347999999999999,0.09910936719940588,7.14,7.55,0.41000000000000014,7.359999999999999,-0.003047830923248234,1.0,0.0,0
7.086333333333332,0.22888837648270585,6.7,7.47,0.7699999999999996,7.109999999999999,0.007837597330366932,0.6333333333333333,0.0,0
7.4556666666666676,0.06671748063455488,7.34,7.53,0.1900000000000004,7.48,-0.005047830923248212,1.0,0.0,0
7.363333333333334,0.22288013719386385,6.93,7.68,0.75,7.390000000000001,0.014157953281423613,0.8666666666666667,0.0,0
7.712,0.16990977998141643,7.42,8.06,0.6400000000000006,7.695,-0.012155728587319486,1.0,0.0,0
7.501666666666666,0.11299213345283032,7.23,7.7,0.46999999999999975,7.52,-0.003526140155728744,1.0,0.0,0
7.4896666666666665,0.11208578064242675,7.23,7.65,0.41999999999999993,7.53,-0.0016484983314795395,1.0,0.0,0
7.408333333333331,0.0777638876485881,7.25,7.58,0.33000000000000007,7.42,0.0007007786429364984,1.0,0.0,0
7.405,0.07636534990862454,7.17,7.52,0.34999999999999964,7.41,0.002823136818687328,1.0,0.0,0
7.433333333333334,0.10848450990297596,7.1,7.64,0.54,7.44,0.0026562847608451257,1.0,0.0,0
7.278999999999999,0.15129111011556493,6.78,7.67,0.8899999999999997,7.3,-0.011615127919911167,0.9333333333333333,0.0,0
7.454666666666667,0.08894692549804939,7.3,7.7,0.40000000000000036,7.45,-0.0053481646273639315,1.0,0.0,0
7.361000000000001,0.12926329718833576,7.06,7.57,0.5100000000000007,7.37,-0.006814238042269268,1.0,0.0,0
7.214333333333332,0.10255675935251124,7.04,7.49,0.4500000000000002,7.19,0.00340155728587286,1.0,0.0,0
7.178666666666666,0.09715051323705005,7.04,7.42,0.3799999999999999,7.19,-0.008791991101223725,1.0,0.0,0
7.058000000000001,0.05929586832149432,6.94,7.19,0.25,7.0649999999999995,-0.0010678531701893597,0.7666666666666667,0.0,0
7.158333333333333,0.09462499082636094,6.99,7.34,0.34999999999999964,7.16,-0.0022313681868745983,0.9666666666666667,0.0,0
6.944000000000001,0.18189007669468943,6.53,7.21,0.6799999999999997,6.965,-0.013597330367074575,0.43333333333333335,0.0,0
7.096,0.0949947366963034,6.91,7.23,0.3200000000000003,7.1,0.003078976640711811,0.8,0.0,0
7.232,0.10463906217724496,6.91,7.44,0.5300000000000002,7.23,0.0026340378197996033,0.9666666666666667,0.0,0
7.176333333333332,0.10345637835446506,6.9,7.32,0.41999999999999993,7.19,-0.004171301446051264,0.9333333333333333,0.0,0
7.169333333333332,0.10984635734616888,7.03,7.38,0.34999999999999964,7.16,-0.008137931034482957,1.0,0.0,0
7.134666666666667,0.07701659272881103,7.03,7.27,0.23999999999999932,7.14,0.0015750834260286064,1.0,0.0,0
7.040333333333334,0.13360347633534422,6.75,7.29,0.54,7.09,-0.0008698553948834645,0.6333333333333333,0.0,0
6.924333333333335,0.13944373616464648,6.7,7.14,0.4399999999999995,6.94,-0.005750834260289359,0.3333333333333333,0.0,0
7.044666666666666,0.20149000526632135,6.7,7.42,0.7199999999999998,7.050000000000001,0.005388209121245717,0.5333333333333333,0.0,0
7.092666666666668,0.17128793172770687,6.77,7.36,0.5900000000000007,7.15,-0.0007652947719689924,0.7333333333333333,0.0,0
7.127666666666666,0.12443695413965883,6.88,7.3,0.41999999999999993,7.119999999999999,0.0037486095661844634,0.8,0.0,0
7.248666666666666,0.055301195486374646,7.14,7.38,0.2400000000000002,7.25,0.0018064516129030726,1.0,0.0,0
7.273666666666667,0.05412844805542545,7.17,7.4,0.23000000000000043,7.27,0.0007541713014458665,1.0,0.0,0
7.264666666666667,0.12769059827915635,7.01,7.6,0.5899999999999999,7.29,-0.0028120133481647014,1.0,0.0,0
7.511666666666667,0.1459014126806941,7.23,7.77,0.5399999999999991,7.48,0.003917686318131045,1.0,0.0,0
7.587666666666666,0.1413431600357403,7.38,7.86,0.4800000000000004,7.555,0.004260289210233391,1.0,0.0,0
7.624,0.09687104830649867,7.42,7.77,0.34999999999999964,7.645,-0.003381535038932255,1.0,0.0,0
7.4576666666666656,0.08558361733156382,7.29,7.65,0.3600000000000003,7.445,0.005830923248053315,1.0,0.0,0
7.4350000000000005,0.09538518403469864,7.21,7.58,0.3700000000000001,7.44,-6.896551724156002e-05,1.0,0.0,0
7.3306666666666676,0.09667586163165139,7.12,7.52,0.39999999999999947,7.36,0.004774193548386966,1.0,0.0,0
7.342333333333332,0.07906467113839293,7.17,7.51,0.33999999999999986,7.35,-0.000763070077864421,1.0,0.0,0
7.294666666666668,0.07973846137355682,7.12,7.55,0.4299999999999997,7.29,0.0012680756395993652,1.0,0.0,0
7.295000000000002,0.04759201613716323,7.16,7.4,0.2400000000000002,7.29,0.0005806451612901416,1.0,0.0,0
7.298000000000001,0.07930531718197296,7.16,7.44,0.28000000000000025,7.3,0.006180200222469298,1.0,0.0,0
7.284333333333333,0.07172555719933832,7.12,7.4,0.28000000000000025,7.29,-0.006315906562847808,1.0,0.0,0
7.074999999999999,0.08200609733428368,6.97,7.25,0.28000000000000025,7.04,-0.006195773081201451,0.8333333333333334,0.0,0
7.059666666666666,0.06332368347537026,6.94,7.17,0.22999999999999954,7.07,0.002671857619577279,0.7666666666666667,0.0,0
7.238,0.10952625256074466,7.06,7.44,0.3800000000000008,7.25,0.009503893214682734,1.0,0.0,0
7.035666666666667,0.22322908014464027,6.33,7.25,0.9199999999999999,7.12,-0.017172413793103546,0.8333333333333334,0.0,0
6.4403333333333315,0.08412226551606633,6.29,6.57,0.28000000000000025,6.45,0.0007185761957729544,0.0,0.0,0
6.643666666666666,0.14251276745923114,6.4,6.96,0.5599999999999996,6.66,0.01145939933259167,0.0,0.0,0
6.658333333333335,0.2837144495595685,6.2,7.04,0.8399999999999999,6.74,0.005030033370411372,0.1,0.0,0
7.061333333333334,0.3098788293654294,6.38,7.55,1.17,7.04,0.005001112347052059,0.5333333333333333,0.0,0
6.334666666666667,0.4284525126026869,5.22,7.27,2.05,6.275,0.024614015572858628,0.1,0.13333333333333333,0
6.692666666666665,0.30256606257513785,6.16,7.16,1.0,6.665,-0.0123114571746386,0.23333333333333334,0.0,0
6.204,0.14267912718170567,5.89,6.64,0.75,6.22,0.0010189098998887119,0.0,0.1,0
6.375333333333333,0.16146688687020486,6.14,6.64,0.5,6.355,0.014020022246940954,0.0,0.0,0
6.2733333333333325,0.18217817895919616,6.01,6.63,0.6200000000000001,6.22,-0.01567964404894335,0.0,0.0,0
6.435666666666666,0.20185280665761268,5.97,6.75,0.7800000000000002,6.475,0.019343715239154485,0.0,0.03333333333333333,0
6.4303333333333335,0.24646140107980846,6.07,7.09,1.0199999999999996,6.34,-0.010854282536151396,0.06666666666666667,0.0,0
6.522,0.1738658486688324,6.03,6.93,0.8999999999999995,6.55,-0.0029232480533929648,0.0,0.0,0
6.2843333333333335,0.22594517525767668,5.86,6.73,0.8700000000000001,6.32,0.003543937708565046,0.0,0.13333333333333333,0
6.389333333333332,0.24346024087905793,5.74,6.86,1.12,6.47,-0.0025806451612905425,0.0,0.06666666666666667,0
6.106666666666668,0.14540365271279204,5.66,6.3,0.6399999999999997,6.12,-0.0014682981090101005,0.0,0.13333333333333333,0
6.5233333333333325,0.3387558937576666,6.03,7.19,1.1600000000000001,6.4,0.031399332591768546,0.16666666666666666,0.0,0
6.924333333333334,0.20153880243984998,6.03,7.12,1.0899999999999999,6.95,-0.012273637374861117,0.3333333333333333,0.0,0
6.499333333333334,0.31432396592616924,6.01,7.06,1.0499999999999998,6.52,-0.0033993325917687878,0.03333333333333333,0.0,0
6.272999999999999,0.09678670707626473,6.05,6.47,0.41999999999999993,6.29,0.0014482758620688427,0.0,0.0,0
6.197333333333333,0.1375241392952121,5.89,6.38,0.4900000000000002,6.24,0.0009610678531700856,0.0,0.13333333333333333,0
6.2316666666666665,0.07780674063915603,6.01,6.35,0.33999999999999986,6.24,-0.0023070077864296035,0.0,0.0,0
6.454666666666666,0.2039727650665375,5.86,6.77,0.9099999999999993,6.475,0.012867630700778534,0.0,0.06666666666666667,0
6.503666666666667,0.3477114065172757,5.68,7.34,1.6600000000000001,6.47,0.015677419354838587,0.13333333333333333,0.03333333333333333,0
6.855,0.21336588293351877,6.51,7.38,0.8700000000000001,6.82,-0.014814238042269336,0.23333333333333334,0.0,0
6.617666666666666,0.188214121562532,6.14,6.86,0.7200000000000006,6.635,-0.01643826473859859,0.0,0.0,0
6.431666666666667,0.15305953816153445,6.14,6.64,0.5,6.4350000000000005,-0.015067853170189133,0.0,0.0,0
6.437333333333333,0.12071822103099797,6.23,6.66,0.4299999999999997,6.42,-0.001121245828698574,0.0,0.0,0
6.467666666666665,0.1543736448433547,6.16,6.68,0.5199999999999996,6.46,0.012865406006673885,0.0,0.0,0
6.494666666666666,0.12955650847753222,6.23,6.68,0.4499999999999993,6.5,-0.006638487208008972,0.0,0.0,0
6.422666666666666,0.17599116139422707,6.17,6.84,0.6699999999999999,6.37,0.0036440489432701065,0.0,0.0,0
6.544,0.30534788902714444,6.03,7.03,1.0,6.495,-0.0035684093437153316,0.03333333333333333,0.0,0
6.638,0.5114645637773941,5.92,7.17,1.25,6.945,0.050789766407118915,0.43333333333333335,0.16666666666666666,0
7.311000000000001,0.22568931447161303,7.03,7.82,0.79,7.25,0.012197997775305728,1.0,0.0,0
7.049666666666666,0.16565995962278338,6.75,7.38,0.6299999999999999,7.085,-0.00030478309232501546,0.6666666666666666,0.0,0
7.0280000000000005,0.22716220342888616,6.45,7.45,1.0,7.025,-4.449388209138976e-05,0.5333333333333333,0.0,0
6.949666666666668,0.27234149314580924,6.62,7.58,0.96,6.88,0.019855394883203297,0.26666666666666666,0.0,0
6.813666666666665,0.41110001486526626,6.32,7.71,1.3899999999999997,6.705,-0.038084538375973497,0.26666666666666666,0.0,0
6.920333333333334,0.3514492218735953,6.29,7.62,1.33,7.0,0.03570411568409325,0.5,0.0,0
6.571666666666667,0.28425438528817026,6.25,7.32,1.0700000000000003,6.44,0.01091212458286983,0.06666666666666667,0.0,0
6.912333333333334,0.05931179384312102,6.71,7.01,0.2999999999999998,6.93,0.00019354838709667547,0.03333333333333333,0.0,0
6.799666666666666,0.16758049475467668,6.45,7.06,0.6099999999999994,6.82,-0.01427586206896559,0.16666666666666666,0.0,0
6.589333333333333,0.13985548096358455,6.27,6.93,0.6600000000000001,6.57,0.008849833147942082,0.0,0.0,0
6.495,0.1862927803217291,6.03,6.83,0.7999999999999998,6.484999999999999,-0.001056729699666464,0.0,0.0,0
6.3086666666666655,0.1501273533444929,6.1,6.93,0.8300000000000001,6.27,-0.010954393770856686,0.0,0.0,0
6.425333333333334,0.10604192043191644,6.22,6.62,0.40000000000000036,6.42,-0.0004137931034484767,0.0,0.0,0
6.272999999999999,0.13125420628180517,6.03,6.62,0.5899999999999999,6.23,-0.0018709677419356434,0.0,0.0,0
6.540333333333334,0.2623672150928075,6.09,7.14,1.0499999999999998,6.575,0.017399332591768485,0.03333333333333333,0.0,0
6.444666666666665,0.18438606840600036,6.14,6.84,0.7000000000000002,6.445,-0.01714794215795349,0.0,0.0,0
6.299666666666666,0.28264799466631435,5.72,6.81,1.0899999999999999,6.34,0.016674082313681622,0.0,0.1,0
6.479000000000001,0.5097930952847439,5.9,7.44,1.54,6.29,0.042533926585094535,0.23333333333333334,0.1,0
6.814000000000002,0.31001720382370185,6.4,7.7,1.2999999999999998,6.73,0.01176863181312552,0.13333333333333333,0.0,0
6.769,0.3776537214609878,6.09,7.62,1.5300000000000002,6.665,-0.024665183537263713,0.3,0.0,0
6.8966666666666665,0.5072956622019242,5.88,7.77,1.8899999999999997,6.99,-0.017281423804227005,0.4666666666666667,0.03333333333333333,0
6.699333333333332,0.1353004886252161,6.4,7.1,0.6999999999999993,6.720000000000001,0.0030033370411566137,0.03333333333333333,0.0,0
6.981333333333334,0.23205937937423585,6.45,7.29,0.8399999999999999,7.05,0.007915461624026622,0.5333333333333333,0.0,0
6.6883333333333335,0.2949585658284152,6.23,7.52,1.2899999999999991,6.695,0.013110122358175588,0.1,0.0,0
6.793666666666667,0.21587779464832002,6.4,7.23,0.8300000000000001,6.75,0.007632925472747322,0.2,0.0,0
6.97,0.18577764486970264,6.64,7.38,0.7400000000000002,6.93,0.0028387096774192514,0.4666666666666667,0.0,0
6.951,0.29510845463998486,6.4,7.73,1.33,6.99,0.0199844271412679,0.4666666666666667,0.0,0
7.075666666666666,0.41689873537293864,6.42,8.11,1.6899999999999995,7.0,0.03357730812013326,0.5,0.0,0
7.157,0.23769938998659632,6.78,7.55,0.7699999999999996,7.1850000000000005,0.0013815350389319693,0.6666666666666666,0.0,0
6.979333333333332,0.15202923695424148,6.66,7.23,0.5700000000000003,6.98,-0.0018509454949945776,0.4666666666666667,0.0,0
7.010666666666666,0.3130701021958003,6.64,7.88,1.2400000000000002,6.91,-0.00012903225806475759,0.3333333333333333,0.0,0
6.885666666666667,0.19453677173109338,6.48,7.4,0.9199999999999999,6.86,-0.003984427141268188,0.26666666666666666,0.0,0
6.862333333333333,0.21734279120525002,6.58,7.55,0.9699999999999998,6.795,-0.0021913236929922363,0.23333333333333334,0.0,0
6.699,0.13695132955421302,6.47,6.97,0.5,6.720000000000001,-0.0029254727474975362,0.0,0.0,0
6.906666666666667,0.19667796577711044,6.35,7.21,0.8600000000000003,6.9,0.003675194660733991,0.36666666666666664,0.0,0
6.892,0.13199494939832615,6.63,7.12,0.4900000000000002,6.890000000000001,-0.0027986651835374653,0.26666666666666666,0.0,0
6.981,0.13835582146528327,6.7,7.29,0.5899999999999999,6.965,-0.011864293659621822,0.36666666666666664,0.0,0
6.908666666666666,0.3813374125655942,6.2,7.91,1.71,6.905,-0.030656284760845517,0.36666666666666664,0.0,0
6.516666666666666,0.16040227208144178,6.29,6.96,0.6699999999999999,6.505,-0.0069810901001113946,0.0,0.0,0
6.794333333333333,0.24378519688902814,6.51,7.32,0.8100000000000005,6.7,0.02002002224694085,0.26666666666666666,0.0,0
6.751000000000001,0.16269296235547495,6.4,7.16,0.7599999999999998,6.74,0.004949944382647185,0.03333333333333333,0.0,0
6.804666666666666,0.13870191859603898,6.5,7.09,0.5899999999999999,6.775,0.002571746384871988,0.1,0.0,0
6.849,0.18930310791602623,6.45,7.16,0.71,6.859999999999999,-0.017439377085650846,0.26666666666666666,0.0,0
6.8889999999999985,0.3244004726671444,6.3,7.52,1.2199999999999998,6.85,0.027552836484983228,0.43333333333333335,0.0,0
6.9526666666666666,0.33337599726968276,6.45,7.38,0.9299999999999997,7.119999999999999,0.03544827586206888,0.5666666666666667,0.0,0
7.325666666666665,0.09142149030118077,7.14,7.49,0.35000000000000053,7.36,-0.003219132369299387,1.0,0.0,0
7.134999999999999,0.07610300037887258,7.01,7.25,0.2400000000000002,7.13,-0.004558398220244846,1.0,0.0,0
6.723333333333334,0.2072572207561309,6.47,7.14,0.6699999999999999,6.6850000000000005,-0.022767519466073596,0.2,0.0,0
6.659333333333332,0.32786108169297695,6.09,7.25,1.1600000000000001,6.6,0.014002224694104575,0.2,0.0,0
6.6693333333333324,0.23843843836279602,6.22,7.3,1.08,6.65,-0.0038576195773082317,0.1,0.0,0
6.688,0.30669637537256067,6.22,7.51,1.29,6.67,0.0035639599555059584,0.13333333333333333,0.0,0
6.285999999999999,0.22481992794234243,6.1,6.96,0.8600000000000003,6.175,-0.014033370411568574,0.0,0.0,0
6.349333333333334,0.2980708342361296,5.97,6.83,0.8600000000000003,6.18,0.025926585094549325,0.0,0.03333333333333333,0
6.151333333333334,0.11259761197388786,5.96,6.45,0.4900000000000002,6.15,0.0019132369299220777,0.0,0.06666666666666667,0
6.076333333333335,0.1319717983341727,5.86,6.36,0.5,6.0600000000000005,0.0016796440489431168,0.0,0.26666666666666666,0
5.874333333333334,0.12175613149059711,5.71,6.12,0.41000000000000014,5.88,-0.01324805339265867,0.0,0.8,0
5.7686666666666655,0.23498557875372317,5.61,6.64,1.0299999999999994,5.705,0.012204671857619481,0.0,0.9,0
5.978,0.22805554878873996,5.71,6.48,0.7700000000000005,5.904999999999999,-0.024502780867630844,0.0,0.6333333333333333,0
5.631333333333334,0.04153178167246006,5.57,5.71,0.13999999999999968,5.62,-0.0037686318131257405,0.0,1.0,0
5.654333333333332,0.07906467113839277,5.48,5.81,0.3299999999999992,5.635,-0.0016707452725251192,0.0,1.0,0
5.4479999999999995,0.06610093292332063,5.31,5.64,0.33000000000000007,5.44,-0.004983314794215949,0.0,1.0,0
5.513333333333334,0.051077283491674494,5.43,5.68,0.25,5.51,0.00023136818687417816,0.0,1.0,0
5.911333333333333,0.23755326887996203,5.5,6.51,1.0099999999999998,5.9,0.010500556173525943,0.0,0.7333333333333333,0
6.283,0.19731784849154765,5.76,6.53,0.7700000000000005,6.355,0.017479421579532747,0.0,0.1,0
6.433333333333332,0.0950204656318253,6.17,6.57,0.40000000000000036,6.46,0.0001334816462734779,0.0,0.0,0
6.402,0.041585253796668546,6.27,6.47,0.20000000000000018,6.4,-0.000658509454950141,0.0,0.0,0
6.557333333333332,0.19385447004275022,6.29,7.01,0.7199999999999998,6.49,0.01797107897664065,0.03333333333333333,0.0,0
6.852666666666667,0.19076920319823354,6.47,7.25,0.7800000000000002,6.81,0.007390433815350306,0.2,0.0,0
6.352999999999999,0.13203913561264077,6.14,6.7,0.5600000000000005,6.37,-0.011481646273637498,0.0,0.0,0
6.402333333333333,0.26252216837609904,6.12,7.01,0.8899999999999997,6.3100000000000005,0.026275862068965268,0.03333333333333333,0.0,0
7.094,0.06504357513749269,6.94,7.21,0.2699999999999996,7.1,-0.0017530589543939348,0.9,0.0,0
6.945666666666666,0.3066451079378607,6.47,7.44,0.9700000000000006,6.859999999999999,0.013470522803114542,0.36666666666666664,0.0,0
6.631,0.21819486703403454,6.14,7.09,0.9500000000000002,6.695,-0.01575305895439394,0.03333333333333333,0.0,0
6.277333333333332,0.4794019422386837,5.68,7.23,1.5500000000000007,6.18,0.04396440489432686,0.1,0.36666666666666664,0
5.875333333333335,0.18505374594665433,5.68,6.35,0.6699999999999999,5.83,-0.009859844271412854,0.0,0.7666666666666667,0
6.224666666666667,0.04287449384216947,6.09,6.29,0.20000000000000018,6.23,-0.0008409343715240361,0.0,0.0,0
6.082333333333334,0.24125620314420013,5.81,6.66,0.8500000000000005,6.02,-0.02043826473859851,0.0,0.5,0
6.206,0.33452055243288115,5.76,6.66,0.9000000000000004,5.96,0.032520578420467156,0.0,0.5333333333333333,0
6.340333333333333,0.0964532126070574,6.12,6.51,0.3899999999999997,6.36,-0.007423804226918915,0.0,0.0,0
6.262333333333333,0.09721739670564232,6.16,6.5,0.33999999999999986,6.22,-0.004291434927697621,0.0,0.0,0
6.049666666666668,0.040864273991946615,5.96,6.16,0.20000000000000018,6.03,-0.0015105672969967653,0.0,0.06666666666666667,0
6.232333333333334,0.20259455954086117,5.92,6.71,0.79,6.199999999999999,0.0035216907675192552,0.0,0.06666666666666667,0
6.360666666666664,0.24883640319606687,5.96,7.06,1.0999999999999996,6.34,0.018727474972191124,0.03333333333333333,0.03333333333333333,0
6.723,0.10501269764493561,6.53,6.94,0.41000000000000014,6.71,-0.003374860956618541,0.0,0.0,0
6.81,0.10125874447835768,6.53,7.01,0.47999999999999954,6.82,0.0035595105672968923,0.03333333333333333,0.0,0
6.888,0.08411896337925245,6.75,7.03,0.28000000000000025,6.905,0.006843159065628428,0.13333333333333333,0.0,0
6.908333333333334,0.06387922632245602,6.78,7.01,0.22999999999999954,6.9350000000000005,0.005506117908787426,0.03333333333333333,0.0,0
7.010000000000001,0.020976176963403065,6.96,7.04,0.08000000000000007,7.01,-0.00024916573971084545,0.6666666666666666,0.0,0
6.976,0.046875722216658505,6.84,7.03,0.1900000000000004,6.99,-0.0037864293659623694,0.43333333333333335,0.0,0
6.805666666666666,0.07596856074865597,6.64,6.96,0.3200000000000003,6.82,-0.0034860956618465735,0.0,0.0,0
6.890666666666665,0.149954067041285,6.7,7.17,0.46999999999999975,6.82,0.00796440489432681,0.26666666666666666,0.0,0
6.5443333333333324,0.18036413784957978,6.32,6.9,0.5800000000000001,6.5,-0.018169076751946733,0.0,0.0,0
6.870000000000001,0.45740572799211865,6.35,7.78,1.4300000000000006,6.68,0.009677419354838498,0.3333333333333333,0.0,0
6.507333333333332,0.04959390643572605,6.38,6.6,0.21999999999999975,6.51,-0.004000000000000149,0.0,0.0,0
6.744666666666666,0.12330810552793708,6.48,6.94,0.45999999999999996,6.775,0.005597330367074316,0.0,0.0,0
6.603666666666668,0.04490607481795258,6.51,6.68,0.16999999999999993,6.609999999999999,-0.0040022246941047585,0.0,0.0,0
6.518666666666666,0.05296120173191773,6.36,6.58,0.21999999999999975,6.53,-0.00415127919911016,0.0,0.0,0
6.5249999999999995,0.028489764243788775,6.44,6.58,0.13999999999999968,6.53,-0.0008476084538376736,0.0,0.0,0
6.585,0.1274820248767122,6.4,6.9,0.5,6.57,0.006373748609566012,0.0,0.0,0
6.5923333333333325,0.07940123144860887,6.5,6.91,0.41000000000000014,6.59,0.002307007786429181,0.0,0.0,0
6.752000000000001,0.07678541528180992,6.6,6.86,0.2600000000000007,6.77,0.0034037819799776236,0.0,0.0,0
6.869,0.2618059077510157,6.55,7.55,1.0,6.8100000000000005,0.024171301446051088,0.2,0.0,0
6.108666666666667,0.1640474186189942,5.96,6.93,0.9699999999999998,6.08,-0.010068965517241414,0.0,0.06666666666666667,0
6.034999999999999,0.24377243486497827,5.77,6.57,0.8000000000000007,5.92,-0.016731924360400593,0.0,0.6666666666666666,0
6.461333333333332,0.32307618640534663,5.86,7.17,1.3099999999999996,6.49,0.02540600667408211,0.06666666666666667,0.16666666666666666,0
6.030666666666667,0.964202376175366,4.44,7.53,3.09,6.244999999999999,-0.02171746384872096,0.16666666666666666,0.36666666666666664,0
6.128666666666666,0.5442838311845106,5.0,6.94,1.9400000000000004,6.29,0.017579532814237884,0.0,0.26666666666666666,0
6.671666666666666,0.3480333636624831,6.27,7.44,1.1700000000000008,6.619999999999999,-0.00397997775305916,0.16666666666666666,0.0,0
6.136,0.43950426619089833,5.55,7.09,1.54,6.22,-0.007141268075639729,0.03333333333333333,0.4,0
6.522666666666666,0.22775620494047769,5.72,6.81,1.0899999999999999,6.6,-0.012507230255840001,0.0,0.06666666666666667,0
6.234666666666667,0.26893287059950277,5.44,6.9,1.46,6.22,0.0004894327030032132,0.0,0.16666666666666666,0
6.500000000000001,0.5423406063843398,5.71,7.4,1.6900000000000004,6.470000000000001,0.035879866518353565,0.23333333333333334,0.26666666666666666,0
5.685666666666667,0.11774784734998567,5.46,5.84,0.3799999999999999,5.74,0.0006429365962179106,0.0,1.0,0
5.4783333333333335,0.05385680602816648,5.36,5.57,0.20999999999999996,5.48,-0.0018665183537265198,0.0,1.0,0
6.0313333333333325,0.38123250415228527,5.48,6.84,1.3599999999999994,6.03,-0.0004137931034484383,0.0,0.4666666666666667,0
6.125000000000001,0.15136600234751083,5.83,6.62,0.79,6.140000000000001,-0.0019510567296997915,0.0,0.16666666666666666,0
6.4813333333333345,0.34787673423530663,5.86,7.3,1.4399999999999995,6.52,0.025268075639599298,0.03333333333333333,0.13333333333333333,0
6.457999999999999,0.5049184752677076,5.97,7.44,1.4700000000000006,6.205,-0.04397330367074536,0.26666666666666666,0.06666666666666667,0
6.000000000000001,0.040661201818605136,5.92,6.09,0.16999999999999993,5.99,-0.002322580645161565,0.0,0.5666666666666667,0
5.844333333333334,0.07981993624541578,5.64,5.99,0.35000000000000053,5.86,-0.007512791991101445,0.0,1.0,0
5.659000000000001,0.04504442251822074,5.57,5.76,0.1899999999999995,5.66,-0.0012480533926586643,0.0,1.0,0
6.182999999999999,0.34898089728044807,5.64,6.78,1.1400000000000006,6.25,0.025141268075639555,0.0,0.3333333333333333,0
6.223333333333333,0.12791490226796176,5.99,6.58,0.5899999999999999,6.25,-0.008235817575083446,0.0,0.03333333333333333,0
6.330333333333333,0.2219832326000222,5.92,6.86,0.9400000000000004,6.324999999999999,0.009808676307007635,0.0,0.03333333333333333,0
6.212333333333333,0.2502090237292723,5.96,6.88,0.9199999999999999,6.12,-0.021728587319243663,0.0,0.1,0
6.352333333333332,0.3015922560161134,5.92,6.93,1.0099999999999998,6.215,0.02354393770856491,0.0,0.1,0
6.489666666666666,0.35891952053659915,6.03,7.36,1.33,6.37,-0.02164404894327045,0.13333333333333333,0.0,0
6.046666666666666,0.29217954905997257,5.64,6.79,1.1500000000000004,6.03,0.0016729699666294027,0.0,0.36666666666666664,0
5.923,0.3611846249957677,5.25,6.88,1.63,5.835,-0.01417352614015592,0.0,0.7333333333333333,0
5.9190000000000005,0.186785973777476,5.66,6.35,0.6899999999999995,5.85,0.006440489432702827,0.0,0.7333333333333333,0
6.573000000000001,0.22479842822700818,6.17,6.94,0.7700000000000005,6.529999999999999,-0.01977530589543953,0.0,0.0,0
6.477666666666666,0.21501446979731903,6.27,7.17,0.9000000000000004,6.41,0.015610678531701751,0.06666666666666667,0.0,0
7.036666666666665,0.3781122702173111,6.57,7.68,1.1099999999999994,6.87,-0.028640711902113654,0.3333333333333333,0.0,0
6.561333333333334,0.06868931665275337,6.4,6.7,0.2999999999999998,6.575,-0.005067853170189163,0.0,0.0,0
6.561000000000001,0.09696562964954818,6.35,6.75,0.40000000000000036,6.575,0.008433815350389225,0.0,0.0,0
7.452666666666667,0.40564297383564063,6.55,7.83,1.2800000000000002,7.6,0.04161957730811983,0.8333333333333334,0.0,0
6.564666666666666,0.47308725998018125,5.81,7.86,2.0500000000000007,6.445,-0.03244048943270322,0.13333333333333333,0.1,0
6.170333333333334,0.3536804898335345,5.74,6.79,1.0499999999999998,5.96,0.03766629588431588,0.0,0.6,0
7.071666666666667,0.2519270176503946,6.71,7.51,0.7999999999999998,7.035,0.0047808676307007185,0.5333333333333333,0.0,0
7.036333333333333,0.20655077395696736,6.71,7.36,0.6500000000000004,7.015000000000001,-0.002685205784204746,0.5,0.0,0
7.121666666666666,0.21082509865341512,6.77,7.44,0.6700000000000008,7.18,-0.007352614015573015,0.7,0.0,0
6.282333333333333,0.4411702871026359,5.79,7.16,1.37,6.17,-0.04886540600667419,0.1,0.36666666666666664,0
6.191,0.3194615261133439,5.77,6.81,1.04,6.25,0.03427586206896539,0.0,0.43333333333333335,0
6.174,0.3135559492870983,5.66,6.58,0.9199999999999999,6.24,-0.02971301446051181,0.0,0.4,0
5.903333333333335,0.8329038893467174,5.0,7.23,2.2300000000000004,5.35,-0.0812235817575084,0.16666666666666666,0.5666666666666667,0
6.629666666666667,0.554926321435758,5.29,7.58,2.29,6.609999999999999,0.048856507230255766,0.23333333333333334,0.1,0
6.446666666666666,0.14670454056443588,6.23,6.93,0.6999999999999993,6.4350000000000005,-0.005997775305895518,0.0,0.0,0
6.769666666666666,0.5254615960171483,6.12,7.64,1.5199999999999996,6.48,0.022542825361512652,0.36666666666666664,0.0,0
6.195333333333332,0.26826272362907394,5.89,6.94,1.0500000000000007,6.140000000000001,0.004560622914349072,0.0,0.13333333333333333,0
5.9446666666666665,0.11755093458676635,5.77,6.38,0.6100000000000003,5.94,-0.001454949944382864,0.0,0.7666666666666667,0
6.112333333333334,0.29667808966772197,5.72,6.73,1.0100000000000007,5.965,0.02328142380422675,0.0,0.6,0
6.4700000000000015,0.5077203954934251,5.83,7.36,1.5300000000000002,6.27,-0.05030033370411572,0.23333333333333334,0.1,0
6.119000000000001,0.24735062832613414,5.79,6.88,1.0899999999999999,6.09,0.006533926585094423,0.0,0.4,0
6.388333333333334,0.5768771292244322,5.76,7.49,1.7300000000000004,6.225,0.040175750834260074,0.2,0.36666666666666664,0
6.174666666666667,0.07342721263643029,6.01,6.35,0.33999999999999986,6.1899999999999995,0.004164627363737396,0.0,0.0,0
6.048,0.1003460678518761,5.86,6.22,0.35999999999999943,6.04,-0.009107897664071444,0.0,0.3333333333333333,0
6.517666666666668,0.18570017650922022,6.3,6.91,0.6100000000000003,6.45,0.005301446051167816,0.0,0.0,0
6.325333333333334,0.2716091963751514,6.03,6.99,0.96,6.24,-0.0058020022246942325,0.0,0.0,0
5.858999999999999,0.46851076117132395,5.23,6.91,1.6799999999999997,5.725,-0.02973748609566194,0.0,0.7333333333333333,0
5.472666666666667,0.06027345094557703,5.4,5.63,0.22999999999999954,5.44,0.005499443826473711,0.0,1.0,0
5.598000000000001,0.028798148088606822,5.55,5.68,0.1299999999999999,5.59,0.0013081201334815928,0.0,1.0,0
5.624999999999998,0.2297788792150691,5.48,6.6,1.1199999999999992,5.57,0.009773081201334646,0.0,0.9333333333333333,0
6.194666666666667,0.1607634563229122,5.88,6.53,0.6500000000000004,6.1850000000000005,-0.013815350389321536,0.0,0.06666666666666667,0
5.931333333333334,0.11491252711906084,5.71,6.18,0.46999999999999975,5.95,-0.003701890989988963,0.0,0.6666666666666666,0
5.575666666666667,0.10065397270958658,5.4,5.79,0.3899999999999997,5.55,-0.008367074527252603,0.0,1.0,0
5.48,0.04335896677735766,5.42,5.57,0.15000000000000036,5.470000000000001,-0.0003515016685206693,0.0,1.0,0
5.443000000000001,0.054902944669055126,5.33,5.57,0.2400000000000002,5.4350000000000005,-0.0019510567296998492,0.0,1.0,0
5.679999999999999,0.29863020610782165,5.31,6.36,1.0500000000000007,5.6,0.0005784204671856663,0.0,0.8,0
5.587333333333333,0.07667825999300944,5.43,5.71,0.28000000000000025,5.6,-0.0028654060066742233,0.0,1.0,0
5.284000000000002,0.14772948250095508,5.03,5.59,0.5599999999999996,5.26,-0.010073414905450672,0.0,1.0,0
4.962,0.06823488843692795,4.83,5.09,0.2599999999999998,4.97,8.453837597321419e-05,0.0,1.0,0
5.646333333333333,0.3576076372537676,4.92,6.32,1.4000000000000004,5.71,0.0186006674082313,0.0,0.8666666666666667,0
5.702333333333336,0.0809807933332891,5.5,5.83,0.33000000000000007,5.71,0.0031968854282535004,0.0,1.0,0
6.010666666666667,0.20009886445343852,5.66,6.32,0.6600000000000001,5.975,0.0031412680756395415,0.0,0.5333333333333333,0
5.623333333333332,0.0859586463881841,5.5,5.84,0.33999999999999986,5.61,-0.007065628476084666,0.0,1.0,0
5.501333333333333,0.0734725950421123,5.33,5.64,0.3099999999999996,5.505,-0.004347052280311579,0.0,1.0,0
5.534666666666666,0.050181891377490156,5.44,5.66,0.21999999999999975,5.52,-0.0017219132369299544,0.0,1.0,0
5.7410000000000005,0.39373722201488653,5.28,6.73,1.4500000000000002,5.62,0.011463848720800831,0.0,0.8,0
5.9273333333333325,0.4124474377286019,5.61,6.88,1.2699999999999996,5.66,0.028787541713014366,0.0,0.7,0
5.746333333333335,0.08336599359984191,5.59,5.89,0.2999999999999998,5.725,0.004874304783092276,0.0,1.0,0
5.7956666666666665,0.03461053147365533,5.72,5.84,0.1200000000000001,5.81,-0.002191323692992313,0.0,1.0,0
5.638000000000002,0.07955710737158138,5.5,5.79,0.29000000000000004,5.63,-0.007951056729699747,0.0,1.0,0
5.882,0.1800629519547724,5.51,6.32,0.8100000000000005,5.84,-0.005819799777530689,0.0,0.8,0
5.838666666666667,0.23066184966068604,5.63,6.57,0.9400000000000004,5.779999999999999,0.011332591768631599,0.0,0.8666666666666667,0
6.023333333333334,0.12283683848458857,5.84,6.44,0.6000000000000005,5.98,-0.010398220244716485,0.0,0.5333333333333333,0
6.043000000000003,0.22424911742672857,5.77,6.58,0.8100000000000005,5.92,0.020918798665183282,0.0,0.6333333333333333,0
5.115333333333331,0.34540539788614905,4.7,5.99,1.29,4.984999999999999,-0.010460511679644196,0.0,1.0,0
5.955333333333332,0.6320534435912484,3.87,6.71,2.84,6.2,0.048711902113459354,0.0,0.43333333333333335,0
6.425333333333331,0.09418893542001401,6.22,6.63,0.41000000000000014,6.44,-0.0072969966629589595,0.0,0.0,0
5.807333333333334,0.1676093341341374,5.66,6.29,0.6299999999999999,5.74,-0.014024471635150308,0.0,0.8333333333333334,0
6.069666666666667,0.13235012487925946,5.68,6.18,0.5,6.109999999999999,0.009813125695216855,0.0,0.16666666666666666,0
6.152666666666667,0.04918897798852461,6.05,6.27,0.21999999999999975,6.16,2.2246941045483624e-05,0.0,0.0,0
6.168333333333332,0.03804237403504456,6.1,6.23,0.13000000000000078,6.17,0.0004115684093435596,0.0,0.0,0
6.161666666666665,0.035221521198772164,6.09,6.22,0.1299999999999999,6.17,-0.00025139043381549366,0.0,0.0,0
6.201333333333333,0.03853425604431583,6.12,6.29,0.16999999999999993,6.1899999999999995,0.0028609566184648115,0.0,0.0,0
6.225666666666666,0.052452094545615856,6.12,6.33,0.20999999999999996,6.225,-0.0028631813125696137,0.0,0.0,0
6.201666666666665,0.029897974661988264,6.14,6.3,0.16000000000000014,6.2,-0.0006473859844272454,0.0,0.0,0
6.232666666666668,0.04016078795154402,6.16,6.32,0.16000000000000014,6.23,0.002362625139043159,0.0,0.0,0
6.238666666666666,0.04609651710150015,6.17,6.33,0.16000000000000014,6.23,0.0026607341490543068,0.0,0.0,0
6.275666666666667,0.06489393054995386,6.17,6.44,0.27000000000000046,6.27,0.005345939933259014,0.0,0.0,0
6.301333333333334,0.06243574474787843,6.17,6.4,0.23000000000000043,6.3,0.0015706340378196172,0.0,0.0,0
6.288333333333332,0.04568612724035836,6.2,6.38,0.17999999999999972,6.29,-0.0025250278086764496,0.0,0.0,0
6.261333333333334,0.04499876541516315,6.16,6.33,0.16999999999999993,6.27,-0.001041156840934541,0.0,0.0,0
6.276,0.05295280917949493,6.16,6.36,0.20000000000000018,6.3,-0.0003515016685206309,0.0,0.0,0
6.312000000000001,0.04949073987457996,6.2,6.42,0.21999999999999975,6.3100000000000005,-0.0013570634037821448,0.0,0.0,0
6.341,0.051208723215223156,6.27,6.5,0.23000000000000043,6.33,0.002542825361512675,0.0,0.0,0
6.338,0.05268775948927794,6.23,6.45,0.21999999999999975,6.33,-0.0010723025583982335,0.0,0.0,0
6.323333333333334,0.0403594956471075,6.23,6.4,0.16999999999999993,6.33,-0.0009432703003338217,0.0,0.0,0
6.378333333333333,0.0559215720650111,6.29,6.48,0.1900000000000004,6.37,0.003512791991101123,0.0,0.0,0
6.3773333333333335,0.061042790092051276,6.27,6.48,0.21000000000000085,6.38,0.004195773081201204,0.0,0.0,0
6.390333333333334,0.04118926505238422,6.32,6.5,0.17999999999999972,6.38,0.0010300333704112616,0.0,0.0,0
6.426666666666666,0.050022217286144234,6.3,6.5,0.20000000000000018,6.44,-0.0018553948832036819,0.0,0.0,0
6.399333333333333,0.04090096440047469,6.29,6.48,0.1900000000000004,6.4,0.0007786429365960367,0.0,0.0,0
6.497333333333333,0.07183004632850766,6.35,6.62,0.27000000000000046,6.5,-0.0001913236929922961,0.0,0.0,0
6.396666666666666,0.05664705542999469,6.32,6.53,0.20999999999999996,6.38,-0.003612903225806491,0.0,0.0,0
6.340000000000001,0.052153619241621214,6.23,6.44,0.20999999999999996,6.34,-0.00028921023359301557,0.0,0.0,0
6.279333333333333,0.10695585797681006,6.01,6.42,0.41000000000000014,6.32,-0.007746384872080118,0.0,0.0,0
6.272333333333334,0.07060138494077554,6.14,6.36,0.22000000000000064,6.3,0.004242491657397011,0.0,0.0,0
6.299333333333335,0.056269194256024536,6.17,6.36,0.1900000000000004,6.325,-0.00146384872080115,0.0,0.0,0
6.282,0.05185878260558503,6.17,6.35,0.17999999999999972,6.29,0.0009699666295883713,0.0,0.0,0
6.307666666666665,0.03684954394410998,6.2,6.36,0.16000000000000014,6.32,0.00039377085650702675,0.0,0.0,0
6.336333333333332,0.04686742531391664,6.22,6.4,0.1800000000000006,6.35,0.0008743047830922232,0.0,0.0,0
6.323000000000001,0.0435239397726508,6.22,6.38,0.16000000000000014,6.33,0.00010456062291424163,0.0,0.0,0
6.336,0.04848367422820452,6.22,6.4,0.1800000000000006,6.35,0.0005161290322579549,0.0,0.0,0
6.3356666666666674,0.053583786934316466,6.2,6.4,0.20000000000000018,6.35,0.0018442714126806713,0.0,0.0,0
6.327333333333332,0.048712307365684174,6.2,6.38,0.17999999999999972,6.35,-0.0009699666295886017,0.0,0.0,0
6.332000000000002,0.04182503237695502,6.22,6.38,0.16000000000000014,6.35,-0.0002180200222471146,0.0,0.0,0
6.314333333333333,0.03684954394410986,6.22,6.36,0.14000000000000057,6.33,0.0006607341490544434,0.0,0.0,0
6.292666666666667,0.044040385506436595,6.2,6.36,0.16000000000000014,6.29,-0.0011390433815352222,0.0,0.0,0
6.273,0.04443347086750407,6.17,6.33,0.16000000000000014,6.29,0.0007408231368185148,0.0,0.0,0
6.3176666666666685,0.052515606146067616,6.18,6.4,0.22000000000000064,6.33,0.001862068965517204,0.0,0.0,0
6.319333333333333,0.0489852585535236,6.22,6.38,0.16000000000000014,6.33,7.563959955492856e-05,0.0,0.0,0
6.3290000000000015,0.056056519097544145,6.2,6.4,0.20000000000000018,6.34,-0.0005450500556175369,0.0,0.0,0
6.307666666666666,0.048626695914441395,6.2,6.38,0.17999999999999972,6.32,-6.451612903245562e-05,0.0,0.0,0
6.301333333333334,0.04602414825091519,6.2,6.36,0.16000000000000014,6.32,-7.563959955527426e-05,0.0,0.0,0
6.283333333333333,0.05061839806060854,6.18,6.36,0.1800000000000006,6.29,-0.00018687430478330692,0.0,0.0,0
6.2799999999999985,0.04404543109109058,6.18,6.35,0.16999999999999993,6.29,0.00019132369299202723,0.0,0.0,0
6.308999999999999,0.04369210454990698,6.22,6.36,0.14000000000000057,6.32,-0.0004872080088989875,0.0,0.0,0
6.3199999999999985,0.044271887242357186,6.23,6.38,0.14999999999999947,6.33,0.00020912124582856008,0.0,0.0,0
6.322666666666666,0.04523518787649963,6.23,6.4,0.16999999999999993,6.32,0.0002046718576194941,0.0,0.0,0
6.338333333333335,0.040994579587496104,6.23,6.38,0.14999999999999947,6.35,-0.00015350389321485103,0.0,0.0,0
6.328666666666666,0.03584534682338683,6.25,6.38,0.1299999999999999,6.33,0.0002981090100109171,0.0,0.0,0
6.331000000000001,0.049621903765709595,6.22,6.4,0.1800000000000006,6.35,0.0024315906562846806,0.0,0.0,0
6.340666666666666,0.047323942730456835,6.25,6.44,0.1900000000000004,6.35,-8.898776418254906e-05,0.0,0.0,0
6.361666666666667,0.04553997023372873,6.27,6.42,0.15000000000000036,6.38,-0.0002958843159066914,0.0,0.0,0
6.364333333333335,0.039385558549070096,6.27,6.42,0.15000000000000036,6.36,-0.0003225806451613947,0.0,0.0,0
6.353,0.04337049688440305,6.25,6.4,0.15000000000000036,6.36,0.00010011123470509883,0.0,0.0,0
6.354333333333333,0.044473462749024785,6.25,6.42,0.16999999999999993,6.36,0.0012035595105671017,0.0,0.0,0
6.352666666666667,0.04178782385123949,6.29,6.44,0.15000000000000036,6.345000000000001,-0.0017263626251391932,0.0,0.0,0
6.334333333333334,0.03602622501579778,6.27,6.38,0.11000000000000032,6.35,-0.0010077864293661237,0.0,0.0,0
6.343333333333333,0.03186778240724564,6.25,6.38,0.1299999999999999,6.35,-0.0009343715239156896,0.0,0.0,0
6.402666666666667,0.13455936319046038,6.22,6.97,0.75,6.38,0.008035595105672864,0.0,0.0,0
6.810666666666667,0.5054168796372182,5.9,7.45,1.5499999999999998,6.965,0.020324805339265558,0.4666666666666667,0.03333333333333333,0
6.890666666666666,0.5120867981982048,5.94,7.4,1.46,7.18,0.019804226918798577,0.6333333333333333,0.06666666666666667,0
7.289333333333334,0.06826093725957441,7.23,7.51,0.27999999999999936,7.27,-0.0018954393770857368,1.0,0.0,0
7.2523333333333335,0.03602622501579759,7.19,7.36,0.16999999999999993,7.25,-0.0031879866518354644,1.0,0.0,0
7.185333333333332,0.041451444151226195,7.12,7.29,0.16999999999999993,7.17,-0.0010989988876530905,1.0,0.0,0
7.098333333333332,0.04561310727801331,7.04,7.27,0.22999999999999954,7.09,-0.002258064516129071,1.0,0.0,0
7.0473333333333334,0.05573349282273834,6.96,7.23,0.27000000000000046,7.06,-0.004849833147942317,0.8,0.0,0
6.947,0.034171137918814806,6.9,7.06,0.15999999999999925,6.9350000000000005,-0.002289210233593109,0.06666666666666667,0.0,0
6.8690000000000015,0.02797022226106434,6.81,6.91,0.10000000000000053,6.87,-0.0030723025583984423,0.0,0.0,0
6.415666666666666,0.4127927917113971,5.96,7.06,1.0999999999999996,6.18,-0.04062513904338171,0.1,0.06666666666666667,0
6.396666666666666,0.21445020141955767,5.94,6.96,1.0199999999999996,6.37,0.0013748609566182166,0.0,0.03333333333333333,0
6.329,0.14102836594104043,6.16,6.62,0.45999999999999996,6.295,0.00372191323692976,0.0,0.0,0
6.350666666666667,0.15941420541748755,6.09,6.66,0.5700000000000003,6.3149999999999995,0.005441601779755085,0.0,0.0,0
6.479333333333331,0.2087891014609931,6.16,6.88,0.7199999999999998,6.49,0.004440489432702753,0.0,0.0,0
6.487000000000001,0.2138714567210875,6.16,6.83,0.6699999999999999,6.484999999999999,0.002783092324805158,0.0,0.0,0
6.485999999999999,0.22156413668883027,6.16,6.81,0.6499999999999995,6.529999999999999,-0.0005428253615128886,0.0,0.0,0
6.511333333333334,0.2725036187323432,6.12,6.93,0.8099999999999996,6.54,0.003550611790878645,0.0,0.0,0
6.439333333333334,0.24592591477019154,6.12,6.88,0.7599999999999998,6.37,-0.010362625139043496,0.0,0.0,0
6.537333333333333,0.2427609706869885,6.18,7.07,0.8900000000000006,6.48,0.01705895439377067,0.06666666666666667,0.0,0
6.2379999999999995,0.11542385657508882,6.09,6.51,0.41999999999999993,6.225,-0.010972191323693143,0.0,0.0,0
6.120333333333333,0.059468946144652333,5.97,6.22,0.25,6.1,0.0026496106785315267,0.0,0.03333333333333333,0
6.556333333333333,0.2925688902729673,6.17,7.29,1.12,6.44,0.028754171301445912,0.16666666666666666,0.0,0
6.996333333333333,0.3078796662478523,6.55,7.53,0.9800000000000004,6.99,-0.028206896551724304,0.4666666666666667,0.0,0
6.643,0.1661154217203608,6.33,7.07,0.7400000000000002,6.67,0.0005895439377084273,0.03333333333333333,0.0,0
6.446000000000001,1.1757879627438501,3.61,7.65,4.040000000000001,6.845000000000001,-0.06751946607341504,0.4,0.26666666666666666,0
6.305000000000001,0.23946816072288185,5.66,6.64,0.9799999999999995,6.295,0.017194660734148798,0.0,0.1,0
4.03,1.8521429030540093,1.91,6.78,4.87,3.9899999999999998,0.05974638487207999,0.0,0.7333333333333333,0
5.949999999999999,1.4482172949296435,2.08,6.94,4.86,6.57,-0.08710567296996669,0.0,0.23333333333333334,0
4.569,1.3063545970881465,2.43,7.07,4.640000000000001,4.055,-0.04738820912124596,0.06666666666666667,0.8333333333333334,0
5.472666666666666,1.0732596247983162,3.46,6.83,3.37,5.859999999999999,-0.08207341490545068,0.0,0.5333333333333333,0
6.130999999999999,0.5363540497345635,5.07,6.84,1.7699999999999996,6.115,0.05933036707452712,0.0,0.4,0
6.841,0.2083482661314943,6.2,7.06,0.8599999999999994,6.92,0.015254727474972094,0.06666666666666667,0.0,0
6.9463333333333335,0.044383430341613815,6.86,7.03,0.16999999999999993,6.9350000000000005,-0.0020222469410458464,0.16666666666666666,0.0,0
7.007999999999999,0.0553413648789643,6.86,7.17,0.3099999999999996,7.01,0.0006006674082312075,0.6666666666666666,0.0,0
6.928666666666667,0.0952097100556917,6.7,7.09,0.3899999999999997,6.96,-0.005535038932146854,0.2,0.0,0
6.905666666666667,0.10534651816215326,6.71,7.12,0.41000000000000014,6.9,-0.0011279199110124035,0.16666666666666666,0.0,0
6.800999999999999,0.1373159374095617,6.36,6.96,0.5999999999999996,6.835,-0.00888320355951073,0.0,0.0,0
6.7669999999999995,0.38798754275534836,4.94,7.1,2.1599999999999993,6.86,0.012509454949944189,0.1,0.03333333333333333,0
7.092999999999999,0.05361280941466638,6.97,7.19,0.22000000000000064,7.1,0.0036373748609565076,0.9333333333333333,0.0,0
6.849999999999999,0.3043024810940588,5.59,7.16,1.5700000000000003,6.96,-0.023052280311457278,0.23333333333333334,0.03333333333333333,0
6.291333333333332,0.2377356141225421,5.68,6.62,0.9400000000000004,6.335,0.00709232480533912,0.0,0.1,0
6.8100000000000005,0.14111461063027217,6.32,7.03,0.71,6.83,0.005543937708564948,0.06666666666666667,0.0,0
7.025333333333334,0.1392775007753306,6.68,7.29,0.6100000000000003,7.0,0.007038932146829559,0.5,0.0,0
6.968666666666667,0.14317200222886536,6.68,7.19,0.5100000000000007,6.98,-0.0009477196885430797,0.4666666666666667,0.0,0
7.295,0.08413283148291945,7.12,7.49,0.3700000000000001,7.295,-0.0017686318131258964,1.0,0.0,0
7.057333333333333,0.10369613729010783,6.84,7.23,0.39000000000000057,7.08,-0.007221357063403954,0.7333333333333333,0.0,0
6.928333333333333,0.10586416873627358,6.73,7.09,0.35999999999999943,6.96,0.005096774193548169,0.3333333333333333,0.0,0
7.4,0.5498424016631192,6.47,8.21,1.740000000000001,7.405,0.044351501668520504,0.7,0.0,0
7.2446666666666655,0.1076021478513429,7.09,7.44,0.35000000000000053,7.23,0.0008453837597327949,1.0,0.0,0
7.150333333333333,0.05770518944504818,7.07,7.3,0.22999999999999954,7.14,-0.005777530589544216,1.0,0.0,0
7.051,0.05249444415046849,6.91,7.1,0.1899999999999995,7.07,-0.0011457174638488596,0.8666666666666667,0.0,0
6.9093333333333335,0.09811331317523736,6.7,7.04,0.33999999999999986,6.9350000000000005,-0.0058731924360400185,0.23333333333333334,0.0,0
7.2156666666666665,0.09590562490745211,6.97,7.34,0.3700000000000001,7.24,0.006436040044493627,0.9666666666666667,0.0,0
7.1596666666666655,0.06332368347537042,7.09,7.3,0.20999999999999996,7.14,-0.004918798665183762,1.0,0.0,0
6.936000000000002,0.15825296205758674,6.66,7.12,0.45999999999999996,7.0,-0.014700778642936731,0.5,0.0,0
6.955666666666667,0.09386811078434583,6.81,7.16,0.35000000000000053,6.94,0.008202447163514913,0.4,0.0,0
7.069666666666666,0.16367617080347677,6.75,7.29,0.54,7.08,0.014320355951056673,0.5666666666666667,0.0,0
7.3130000000000015,0.09709617225548428,7.06,7.49,0.4300000000000006,7.3100000000000005,0.0028364849833145645,1.0,0.0,0
7.2093333333333325,0.07741375129063892,7.04,7.36,0.3200000000000003,7.23,-0.0034794215795328977,1.0,0.0,0
7.039666666666666,0.08986965870390048,6.88,7.23,0.35000000000000053,7.04,-0.0016351501668521496,0.6333333333333333,0.0,0
7.026333333333333,0.44945510219474527,6.4,7.98,1.58,7.02,0.02901668520578411,0.5333333333333333,0.0,0
6.888000000000002,0.3582680560697534,6.23,7.7,1.4699999999999998,6.87,-0.03620022246941065,0.3333333333333333,0.0,0
6.566666666666667,0.14385949935807354,6.25,6.83,0.5800000000000001,6.59,0.00496551724137907,0.0,0.0,0
7.069666666666666,0.09745027221899144,6.79,7.3,0.5099999999999998,7.095,0.00365517241379304,0.8,0.0,0
6.9126666666666665,0.15318688658701252,6.64,7.12,0.4800000000000004,6.945,-0.010794215795328237,0.4,0.0,0
6.948333333333333,0.18846897770072282,6.6,7.19,0.5900000000000007,6.99,0.003392658509454805,0.4666666666666667,0.0,0
6.926333333333334,0.22157742564520325,6.53,7.27,0.7399999999999993,6.92,-0.00764182424916603,0.4,0.0,0
6.893333333333333,0.3481985385124731,6.42,7.67,1.25,6.824999999999999,0.021890989988876418,0.26666666666666666,0.0,0
7.102999999999999,0.570439304396182,6.03,8.06,2.0300000000000002,7.095,-0.0396507230255842,0.5333333333333333,0.0,0
6.926999999999999,0.3651406121847674,6.5,7.75,1.25,6.82,0.001919911012235715,0.4,0.0,0
6.871666666666665,0.3267117315854384,6.44,7.57,1.13,6.720000000000001,0.030480533926584834,0.3,0.0,0
6.769333333333333,0.10739128870112742,6.51,6.97,0.45999999999999996,6.775,-0.0058687430478311445,0.0,0.0,0
6.6576666666666675,0.15901118059921301,6.42,7.1,0.6799999999999997,6.6,0.009426028921023235,0.03333333333333333,0.0,0
6.9300000000000015,0.0779315939355365,6.75,7.07,0.3200000000000003,6.93,-0.0017975528364852094,0.2,0.0,0
6.937000000000001,0.1662558269655533,6.53,7.23,0.7000000000000002,6.965,0.00026028921023339523,0.4,0.0,0
6.244666666666666,1.4360100587700941,2.28,7.51,5.23,6.845000000000001,-0.1321201334816465,0.3333333333333333,0.23333333333333334,0
5.457999999999999,1.2696913010649478,2.83,6.83,4.0,6.1,0.08767519466073409,0.0,0.4666666666666667,0
6.370666666666666,0.5085399580061422,4.98,6.86,1.88,6.635,-0.0015038932146832047,0.0,0.3,0
6.559999999999999,0.2903675831309917,5.5,6.9,1.4000000000000004,6.63,-0.017775305895439592,0.0,0.03333333333333333,0
6.727000000000001,0.16567337343902513,6.36,7.03,0.6699999999999999,6.75,-0.002525027808676373,0.03333333333333333,0.0,0
6.8163333333333345,0.33501724665389326,6.36,7.78,1.42,6.74,-0.023815350389321543,0.13333333333333333,0.0,0
6.613666666666666,0.13164303585411904,6.29,6.81,0.5199999999999996,6.645,-0.0023915461624027796,0.0,0.0,0
6.571666666666667,0.30983956421921904,5.59,6.93,1.3399999999999999,6.6899999999999995,-0.013959955506118064,0.0,0.03333333333333333,0
5.521999999999999,0.8846596332300161,4.22,7.07,2.8500000000000005,5.24,0.07215572858731917,0.03333333333333333,0.7,0
7.0183333333333335,0.2685402928591703,6.5,7.4,0.9000000000000004,6.975,0.027428253615127806,0.4666666666666667,0.0,0
6.895666666666666,0.08980287053071055,6.71,7.09,0.3799999999999999,6.91,-0.007441601779755333,0.13333333333333333,0.0,0
6.658333333333333,0.1958414891918689,6.44,7.07,0.6299999999999999,6.609999999999999,-0.007971078976640832,0.13333333333333333,0.0,0
6.421666666666667,0.21133044162059464,6.05,6.94,0.8900000000000006,6.4,0.002409343715239082,0.0,0.0,0
6.600666666666668,0.21637826960107517,6.29,7.19,0.9000000000000004,6.54,0.0029143492769743333,0.03333333333333333,0.0,0
7.059333333333332,0.04725345372445162,6.97,7.16,0.1900000000000004,7.06,-0.0023670745272526476,0.9,0.0,0
6.498333333333334,0.434243275390906,5.86,7.04,1.1799999999999997,6.625,-0.04721913236929945,0.2,0.13333333333333333,0
6.537666666666667,0.2911206317357501,5.86,6.96,1.0999999999999996,6.57,0.025897664071190107,0.0,0.03333333333333333,0
6.771333333333332,0.348508568362705,6.29,7.57,1.2800000000000002,6.67,-0.027902113459399403,0.2,0.0,0
6.8726666666666665,0.4212357481928089,5.97,7.83,1.8600000000000003,6.91,0.03461179087875395,0.3333333333333333,0.03333333333333333,0
7.0856666666666674,0.26409194526822577,6.71,7.65,0.9400000000000004,7.02,-0.022235817575083642,0.5333333333333333,0.0,0
6.938666666666666,0.31418395177913777,6.55,7.7,1.1500000000000004,6.8,0.016048943270300244,0.4,0.0,0
7.0793333333333335,0.43829923821770694,6.47,8.01,1.54,7.04,0.008720800889877516,0.5,0.0,0
6.698333333333333,0.21861813485822457,6.38,7.14,0.7599999999999998,6.6850000000000005,-0.00840266963292565,0.13333333333333333,0.0,0
6.770666666666667,0.4090715775454896,6.2,7.57,1.37,6.635,0.0304115684093436,0.26666666666666666,0.0,0
6.533000000000001,0.2341673190975491,6.14,7.04,0.9000000000000004,6.5,0.00560400444938803,0.03333333333333333,0.0,0
6.531999999999999,0.31850065410712536,6.12,7.14,1.0199999999999996,6.445,-0.012716351501668676,0.1,0.0,0
6.291666666666667,0.12005785642301346,6.1,6.5,0.40000000000000036,6.285,0.007241379310344713,0.0,0.0,0
6.258666666666667,0.10831230565155363,6.05,6.51,0.45999999999999996,6.26,-0.003163515016685409,0.0,0.0,0
6.272666666666665,0.0564466316286651,6.12,6.38,0.2599999999999998,6.27,-0.0011078976640713377,0.0,0.0,0
6.167666666666667,0.15391953164631902,5.86,6.4,0.54,6.175,-0.012567296996663122,0.0,0.2,0
6.488333333333334,0.33078778023916716,5.86,7.17,1.3099999999999996,6.495,0.010498331479421467,0.03333333333333333,0.13333333333333333,0
6.707666666666666,0.568938680546702,5.99,7.7,1.71,6.37,0.05981090100111226,0.3333333333333333,0.03333333333333333,0
6.980333333333334,0.20494687658567096,6.63,7.78,1.1500000000000004,6.95,-0.008669632925472836,0.43333333333333335,0.0,0
7.317333333333334,0.33409512949990094,6.7,7.97,1.2699999999999996,7.35,0.03612903225806433,0.7666666666666667,0.0,0
6.937,0.30440269381199636,6.18,7.57,1.3900000000000006,7.01,-0.007904338153504034,0.5,0.0,0
6.895666666666667,0.36742058854790505,6.47,7.7,1.2300000000000004,6.76,-0.030311457174638675,0.3333333333333333,0.0,0
6.704666666666666,0.29428708583437513,6.3,7.27,0.9699999999999998,6.63,0.0022647385984425933,0.2,0.0,0
7.1596666666666655,0.12322021839869558,6.93,7.36,0.4300000000000006,7.165,0.00532814238042252,0.9333333333333333,0.0,0
7.0233333333333325,0.48953946611983074,6.25,7.82,1.5700000000000003,6.95,0.01236929922135692,0.43333333333333335,0.0,0
6.543,0.41848257629997776,5.89,7.19,1.3000000000000007,6.385,0.04362847608453829,0.16666666666666666,0.1,0
7.0056666666666665,0.28982389288823107,6.29,7.38,1.0899999999999999,7.085,0.025078976640711806,0.6333333333333333,0.0,0
6.748666666666667,0.2954401612660149,6.1,7.21,1.1100000000000003,6.8,-0.019835372636262578,0.23333333333333334,0.0,0
6.577333333333332,0.3696478804965011,6.1,7.45,1.3500000000000005,6.46,0.024507230255839584,0.2,0.0,0
6.774333333333333,0.2674282873760532,6.36,7.53,1.17,6.71,-0.010440489432703265,0.13333333333333333,0.0,0
6.444333333333334,0.24385355350200574,6.01,6.84,0.8300000000000001,6.455,-0.012149054505005695,0.0,0.0,0
6.540666666666667,0.3585799151591673,6.03,7.25,1.2199999999999998,6.6850000000000005,0.000711902113459317,0.06666666666666667,0.0,0
6.5696666666666665,0.19617141030798094,6.22,7.09,0.8700000000000001,6.52,0.0027074527252500757,0.03333333333333333,0.0,0
6.643666666666666,0.16993103176158134,6.3,7.12,0.8200000000000003,6.625,0.0046651835372635815,0.06666666666666667,0.0,0
6.349666666666668,0.21974960498005192,5.92,6.83,0.9100000000000001,6.37,0.014987764182424831,0.0,0.1,0
6.717333333333332,0.3854342428424797,5.89,7.38,1.4900000000000002,6.8,-0.022104560622914427,0.26666666666666666,0.03333333333333333,0
6.535333333333335,0.3688335969271539,6.03,7.49,1.46,6.390000000000001,0.02034705228031135,0.13333333333333333,0.0,0
6.881666666666666,0.35239261563709806,6.2,7.53,1.33,6.8,0.0023604004449388183,0.3333333333333333,0.0,0
6.643666666666667,0.3540478624266625,6.17,7.55,1.38,6.66,0.026769744160177758,0.1,0.0,0
6.823333333333334,0.07277056792107342,6.63,6.93,0.2999999999999998,6.835,-0.001468298109010139,0.0,0.0,0
6.485333333333332,0.1984226689558316,6.12,6.86,0.7400000000000002,6.43,-0.014189098998887728,0.0,0.0,0
6.383,0.10494919405756935,6.22,6.57,0.35000000000000053,6.36,0.006013348164627172,0.0,0.0,0
6.686666666666667,0.44519159421035287,6.03,7.64,1.6099999999999994,6.49,0.03655617352613999,0.23333333333333334,0.0,0
6.733333333333333,0.3324889304757211,6.16,7.34,1.1799999999999997,6.74,-0.024747497219132584,0.23333333333333334,0.0,0
6.555333333333333,0.18878088415467872,6.3,6.93,0.6299999999999999,6.52,-0.0165339265850947,0.0,0.0,0
6.594333333333333,0.17213721916605434,6.18,6.88,0.7000000000000002,6.65,0.012015572858731756,0.0,0.0,0
6.809,0.12199316920767873,6.6,7.09,0.4900000000000002,6.8,0.005399332591768498,0.06666666666666667,0.0,0
7.256999999999999,0.38549664935854716,6.57,7.93,1.3599999999999994,7.35,0.02975528364849805,0.7,0.0,0
7.230999999999999,0.1587524278029578,7.01,7.62,0.6100000000000003,7.23,-0.011379310344827752,1.0,0.0,0
7.114000000000001,0.23929897617833643,6.77,7.82,1.0500000000000007,7.055,0.007951056729699497,0.7,0.0,0
7.225333333333334,0.29549656888400966,6.47,7.73,1.2600000000000007,7.305,0.0160444938820911,0.8333333333333334,0.0,0
6.992666666666667,0.17979494492955655,6.64,7.32,0.6800000000000006,6.95,-0.011359288097886762,0.43333333333333335,0.0,0
6.866,0.29721597085845386,6.38,7.25,0.8700000000000001,7.0,-0.018812013348164645,0.5,0.0,0
6.434333333333333,0.2921721334343088,5.99,7.03,1.04,6.4,0.01748387096774185,0.03333333333333333,0.03333333333333333,0
7.182666666666666,0.4265124721375555,6.33,7.78,1.4500000000000002,7.145,0.03733926585094534,0.6,0.0,0
6.7826666666666675,0.2096176413271449,6.33,7.34,1.0099999999999998,6.83,-0.007586206896551821,0.06666666666666667,0.0,0
6.787333333333333,0.21484774971024376,6.36,7.19,0.8300000000000001,6.775,0.010055617352614024,0.23333333333333334,0.0,0
6.900666666666667,0.294798612992365,6.4,7.25,0.8499999999999996,6.965,-0.022829810901001404,0.43333333333333335,0.0,0
6.538333333333332,0.3152468168840973,6.01,7.44,1.4300000000000006,6.5600000000000005,-0.012522803114571962,0.06666666666666667,0.0,0
6.254666666666667,0.06075817274701042,6.12,6.36,0.2400000000000002,6.25,0.00033815350389308725,0.0,0.0,0
6.436333333333333,0.2994159128852186,6.05,7.27,1.2199999999999998,6.33,0.022711902113459234,0.03333333333333333,0.0,0
6.470666666666667,0.4255422684319647,5.74,7.49,1.75,6.415,0.018184649610678467,0.13333333333333333,0.1,0
6.531666666666667,0.19320254196625417,6.27,7.06,0.79,6.5,-0.014845383759733259,0.03333333333333333,0.0,0
6.498999999999999,0.2119331655656252,6.17,7.19,1.0200000000000005,6.465,0.005897664071190073,0.03333333333333333,0.0,0
7.543,0.3217364345754663,6.96,7.98,1.0200000000000005,7.54,0.0016662958843157267,0.9,0.0,0
7.050666666666666,0.07797150476652068,6.84,7.19,0.35000000000000053,7.07,-0.0024516129032259005,0.8,0.0,0
6.981333333333334,0.1836615244289222,6.68,7.44,0.7600000000000007,6.97,-0.001134593993326156,0.43333333333333335,0.0,0
7.410333333333332,0.10521353947514968,7.16,7.55,0.3899999999999997,7.43,0.00636040044493866,1.0,0.0,0
7.130999999999999,0.3077591049289471,6.33,7.6,1.2699999999999996,7.23,0.016091212458286795,0.7333333333333333,0.0,0
6.1036666666666655,0.6255529997974237,5.31,7.45,2.1400000000000006,5.845000000000001,-0.06490100111234716,0.2,0.6,0
5.7523333333333335,0.27405210372401,5.28,6.33,1.0499999999999998,5.71,-0.000696329254727586,0.0,0.7666666666666667,0
6.3100000000000005,0.23947164063134213,5.89,6.83,0.9400000000000004,6.29,0.020573971078976558,0.0,0.06666666666666667,0
6.012333333333332,0.2865738221742445,5.57,6.55,0.9799999999999995,6.0,0.011085650723025477,0.0,0.5,0
6.021,0.22831776102616289,5.43,6.62,1.1900000000000004,5.95,-0.019370411568409532,0.0,0.5333333333333333,0
5.692333333333333,0.18810782959663203,5.18,5.97,0.79,5.7,-0.0041979977753060635,0.0,1.0,0
5.632333333333333,0.26639173327180327,5.16,6.07,0.9100000000000001,5.67,0.015348164627363652,0.0,0.9333333333333333,0
5.609,0.5282508873631923,4.61,6.78,2.17,5.6,0.019245828698553822,0.0,0.8333333333333334,0
5.6866666666666665,0.2520493778784008,5.25,6.36,1.1100000000000003,5.6899999999999995,0.007773081201334744,0.0,0.9,0
6.066999999999998,0.26678518199730156,5.57,6.66,1.0899999999999999,6.07,0.0097686318131256,0.0,0.43333333333333335,0
5.891,0.15256364792002938,5.59,6.32,0.7300000000000004,5.875,0.001283648498331365,0.0,0.7666666666666667,0
5.938999999999999,0.15952742710894574,5.61,6.23,0.6200000000000001,5.96,-0.0013503893214683153,0.0,0.6333333333333333,0
6.1913333333333345,0.2630935617270447,5.13,6.57,1.4400000000000004,6.22,-0.00486318131256963,0.0,0.1,0
6.0106666666666655,0.15377328188675116,5.71,6.29,0.5800000000000001,6.03,-0.009210233592881076,0.0,0.43333333333333335,0
6.216666666666668,0.3885299931222242,5.68,6.97,1.29,6.105,0.03564849833147929,0.0,0.36666666666666664,0
5.992,0.31304312801912776,5.57,6.83,1.2599999999999998,5.904999999999999,-0.02536151279199126,0.0,0.7,0
5.9286666666666665,0.23930083344796127,5.53,6.32,0.79,5.984999999999999,0.0069499443826471444,0.0,0.5,0
6.359333333333333,0.10773217821162917,6.12,6.51,0.3899999999999997,6.41,0.003368186874304673,0.0,0.0,0
6.395666666666666,0.10600890947882119,6.17,6.58,0.41000000000000014,6.45,-0.008625139043381792,0.0,0.0,0
6.125333333333334,0.11304079892774212,5.92,6.33,0.41000000000000014,6.12,-0.005552836484983464,0.0,0.16666666666666666,0
6.215333333333332,0.20367839573427737,5.9,6.7,0.7999999999999998,6.14,0.009624026696329129,0.0,0.1,0
6.505333333333332,0.2037602076515977,6.09,6.81,0.7199999999999998,6.57,-0.008418242491657534,0.0,0.0,0
6.512666666666665,0.13383904097418248,6.27,6.75,0.4800000000000004,6.51,0.006749721913236813,0.0,0.0,0
6.621666666666666,0.12715039214340718,6.35,6.86,0.5100000000000007,6.66,-0.0019421579532816213,0.0,0.0,0
6.512666666666666,0.1211867246121547,6.3,6.79,0.4900000000000002,6.49,-0.008912124582870004,0.0,0.0,0
6.402,0.08223543437391607,6.29,6.6,0.3099999999999996,6.38,-0.003483870967742002,0.0,0.0,0
6.627,0.26432492630598925,6.03,7.03,1.0,6.67,0.01714571746384861,0.03333333333333333,0.0,0
6.564666666666667,0.10651238842918172,6.38,6.9,0.5200000000000005,6.57,-0.0032925472747497445,0.0,0.0,0
6.487666666666667,0.11380343677684882,6.22,6.7,0.4800000000000004,6.52,-0.008571746384872231,0.0,0.0,0
6.443666666666669,0.15179994144340833,6.12,6.77,0.6499999999999995,6.45,0.0018932146829810119,0.0,0.0,0
6.438999999999999,0.18792463028210715,6.1,6.81,0.71,6.46,-0.017937708565072343,0.0,0.0,0
6.243666666666667,0.25065890945443947,5.71,6.71,1.0,6.335,0.0037975528364848805,0.0,0.2,0
6.117999999999999,0.18345571672749805,5.72,6.48,0.7600000000000007,6.12,0.001641824249165595,0.0,0.23333333333333334,0
5.293333333333333,0.6954630751441006,3.46,6.33,2.87,5.29,-0.009899888765294986,0.0,0.7666666666666667,0
4.088333333333333,0.29562457423037225,3.62,4.76,1.1399999999999997,4.130000000000001,-0.0054260289210234505,0.0,1.0,0
4.055,0.973422655718813,2.93,6.45,3.52,3.62,0.07028476084538368,0.0,0.9,0
5.875666666666667,0.5158790771316687,4.74,6.58,1.8399999999999999,6.119999999999999,0.031913236929921984,0.0,0.43333333333333335,0
4.221333333333334,1.1953876172838482,2.93,6.44,3.5100000000000002,3.795,0.09227586206896544,0.0,0.8333333333333334,0
4.267,1.2621176648791506,2.96,6.25,3.29,3.4400000000000004,-0.12400222469410468,0.0,0.8333333333333334,0
4.764666666666667,1.267150960049968,3.02,6.73,3.7100000000000004,4.46,0.09676529477196877,0.0,0.7333333333333333,0
4.407666666666667,0.9607798337230485,3.04,6.3,3.26,4.1899999999999995,0.03481868743047822,0.0,0.9,0
4.790333333333334,0.8296404174232486,3.28,6.05,2.77,4.755,0.08305895439377081,0.0,0.9666666666666667,0
6.487000000000001,0.5473886492551097,4.02,6.97,2.95,6.58,0.022551724137930957,0.0,0.1,0
6.394666666666667,0.2660668253570061,5.77,6.78,1.0100000000000007,6.415,-0.01224916573971087,0.0,0.06666666666666667,0
6.379666666666667,0.4954424509690528,5.55,7.16,1.6100000000000003,6.335,-0.043250278086763266,0.16666666666666666,0.3,0
6.227333333333334,0.12651569950888403,6.01,6.45,0.4400000000000004,6.234999999999999,-0.002567296996662999,0.0,0.0,0
6.409000000000001,0.4236771569642778,5.35,7.17,1.8200000000000003,6.42,0.0019911012235816162,0.1,0.13333333333333333,0
6.373333333333334,0.531183165730575,5.31,7.23,1.9200000000000008,6.325,-0.04195328142380451,0.16666666666666666,0.2,0
6.329999999999999,0.2659072520008935,5.9,6.79,0.8899999999999997,6.3100000000000005,0.01062068965517232,0.0,0.13333333333333333,0
6.508333333333334,0.39126362241105717,5.64,7.17,1.5300000000000002,6.49,-0.012500556173526363,0.1,0.13333333333333333,0
6.580333333333333,0.2094991381578666,6.18,6.94,0.7600000000000007,6.59,-0.0054571746384873545,0.0,0.0,0
6.425666666666668,0.3535598330630271,5.76,7.12,1.3600000000000003,6.455,0.007125695216907652,0.06666666666666667,0.16666666666666666,0
6.394333333333333,0.3338730630377692,5.71,6.83,1.12,6.5649999999999995,0.03303893214682982,0.0,0.16666666666666666,0
6.503666666666667,0.12934407171915102,6.27,6.75,0.4800000000000004,6.505,-0.0018264738598444458,0.0,0.0,0
6.764333333333332,0.20621482865098606,6.4,7.19,0.79,6.725,0.006048943270300392,0.13333333333333333,0.0,0
6.876333333333332,0.3665377045937961,6.14,7.38,1.2400000000000002,7.01,-0.005612903225806623,0.5,0.0,0
5.958333333333333,0.6342033497931787,3.98,6.78,2.8000000000000003,6.04,-0.0008253615127921899,0.0,0.43333333333333335,0
6.207999999999999,0.25053808759015733,5.72,6.81,1.0899999999999999,6.18,0.014447163515016532,0.0,0.2,0
6.177666666666668,0.19366092934703055,5.92,6.64,0.7199999999999998,6.140000000000001,-0.007899888765294814,0.0,0.3333333333333333,0
5.6033333333333335,0.23352848981560162,5.1,6.01,0.9100000000000001,5.609999999999999,-0.02267853170189116,0.0,0.9333333333333333,0
4.5520000000000005,0.4152220289596078,3.26,5.2,1.9400000000000004,4.6,-0.004551724137931055,0.0,1.0,0
5.632666666666666,1.2903976992471051,2.83,6.91,4.08,6.295,0.11983982202447156,0.0,0.36666666666666664,0
5.6949999999999985,1.0567931049484884,3.41,6.4,2.99,6.225,-0.09183314794215822,0.0,0.23333333333333334,0
5.308666666666666,1.4098811612646256,3.02,6.91,3.89,5.505000000000001,0.15072302558398212,0.0,0.5666666666666667,0
6.370666666666668,0.21662461130310712,6.03,7.04,1.0099999999999998,6.37,-0.013437152391546279,0.03333333333333333,0.0,0
6.195666666666665,0.8066997927082636,4.64,7.38,2.74,6.15,-0.06691657397107914,0.23333333333333334,0.26666666666666666,0
4.7283333333333335,0.4371962437573722,3.92,6.17,2.25,4.63,0.015997775305895353,0.0,0.9666666666666667,0
5.825000000000001,0.3220326070446905,5.42,6.48,1.0600000000000005,5.765,-0.020691879866518555,0.0,0.7,0
5.098666666666667,1.0379715260491922,3.28,6.71,3.43,4.91,-0.03315684093437168,0.0,0.7666666666666667,0
3.5699999999999994,0.44081742252320294,3.04,5.53,2.49,3.54,-0.018816462736373846,0.0,1.0,0
6.121999999999999,0.8179584341517606,3.62,6.84,3.2199999999999998,6.375,0.04344382647385973,0.0,0.2,0
4.39,1.2400483861527338,2.67,6.16,3.49,4.5600000000000005,0.05324582869855384,0.0,0.9333333333333333,0
4.058,1.0346348792367932,2.32,5.57,3.2500000000000004,3.87,-0.07552391546162426,0.0,1.0,0
3.592,0.6387508643177452,2.19,4.36,2.1700000000000004,3.8,0.03083870967741926,0.0,1.0,0
4.609666666666667,0.6573202331351811,3.69,6.1,2.4099999999999997,4.575,0.034351501668520454,0.0,0.9666666666666667,0
4.469,1.4888997055991828,2.06,6.5,4.4399999999999995,4.109999999999999,-0.11394215795328165,0.0,0.8,0
6.163666666666667,1.2192278521898834,2.96,6.96,4.0,6.74,0.0873170189098998,0.0,0.16666666666666666,0
5.930666666666666,1.0458869707361096,2.82,6.79,3.97,6.4,-0.06210011123470534,0.0,0.3,0
2.9316666666666666,0.10739594447132952,2.73,3.09,0.3599999999999999,2.955,0.008941045606229069,0.0,1.0,0
3.5316666666666663,0.6700501639595517,2.88,4.87,1.9900000000000002,3.24,-0.05451167964404906,0.0,1.0,0
2.989333333333333,0.053349997396646795,2.89,3.09,0.19999999999999973,2.98,0.003911012235817523,0.0,1.0,0
3.0623333333333327,0.040717181740499764,2.96,3.13,0.16999999999999993,3.08,-0.0014126807563960458,0.0,1.0,0
5.420000000000001,0.4428242691331781,4.28,5.97,1.6899999999999995,5.550000000000001,0.011995550611790747,0.0,1.0,0
4.211,0.436938973618361,3.54,4.98,1.4400000000000004,4.335,-0.04759288097886543,0.0,1.0,0
3.524,0.31403396843866005,3.13,4.05,0.9199999999999999,3.41,-0.03485650723025594,0.0,1.0,0
3.1373333333333338,0.039237170585499116,3.04,3.21,0.16999999999999993,3.1399999999999997,-0.0023982202447164554,0.0,1.0,0
3.0986666666666665,0.031382939455839504,3.0,3.16,0.16000000000000014,3.0999999999999996,-0.0012324805339266067,0.0,1.0,0
3.9396666666666667,0.44855682162043004,2.91,4.48,1.5700000000000003,3.965,0.04660956618464957,0.0,1.0,0
3.4710000000000005,0.3614171182073883,3.06,4.39,1.3299999999999996,3.35,-0.03790211345939941,0.0,1.0,0
3.7533333333333343,0.3457005769287765,3.15,4.33,1.1800000000000002,3.88,0.02858731924360391,0.0,1.0,0
3.4189999999999996,0.1953347553986916,3.15,3.89,0.7400000000000002,3.38,-0.019134593993326,0.0,1.0,0
3.2966666666666664,0.19121250540229376,3.15,3.87,0.7200000000000002,3.22,0.013027808676306955,0.0,1.0,0
3.8403333333333336,0.2375778235067874,3.55,4.54,0.9900000000000002,3.75,0.003214682981089918,0.0,1.0,0
3.9103333333333334,0.37434817423830924,3.09,4.53,1.4400000000000004,3.91,-0.019784204671857646,0.0,1.0,0
3.617666666666666,0.2510734730888329,3.19,4.16,0.9700000000000002,3.63,0.00913236929922121,0.0,1.0,0
3.649333333333333,0.34108584777963963,3.35,4.38,1.0299999999999998,3.57,-0.033859844271412844,0.0,1.0,0
3.6423333333333336,0.4770652179966825,3.24,4.51,1.2699999999999996,3.38,0.03787986651835361,0.0,1.0,0
3.3206666666666664,0.12271738082095605,3.16,3.59,0.4299999999999997,3.3,-0.012996662958843195,0.0,1.0,0
3.266,0.1073809418224047,3.15,3.42,0.27,3.24,0.010593993325917655,0.0,1.0,0
3.3939999999999997,0.013063945294843629,3.37,3.41,0.040000000000000036,3.39,0.00026696329254722467,0.0,1.0,0
3.4466666666666668,0.08956685895029604,3.26,3.74,0.4800000000000004,3.44,0.0014327030033369581,0.0,1.0,0
4.158333333333333,0.10592712379535067,3.8,4.33,0.5300000000000002,4.155,-0.003570634037819903,0.0,1.0,0
3.947666666666666,0.09439927024200037,3.77,4.07,0.30000000000000027,3.935,0.0037130144605115514,0.0,1.0,0
3.970333333333335,0.04102709132051908,3.9,4.03,0.13000000000000034,3.955,-0.004313681868743162,0.0,1.0,0
3.7663333333333338,0.07171626190915296,3.65,3.92,0.27,3.76,-0.007828698553948877,0.0,1.0,0
4.807666666666665,1.2324168216241704,3.47,6.36,2.89,4.61,0.12036707452725254,0.0,0.7,0
5.224,0.2911883697311187,4.64,5.61,0.9700000000000006,5.3100000000000005,-0.03255617352614034,0.0,1.0,0
4.641000000000001,0.3202119090019399,3.96,5.1,1.1399999999999997,4.6,-0.0023203559510568787,0.0,1.0,0
3.904666666666667,0.14479257193961606,3.65,4.07,0.4200000000000004,3.9699999999999998,-0.015056729699666371,0.0,1.0,0
3.3793333333333337,0.1632162845905872,3.13,3.62,0.4900000000000002,3.35,-0.01700111234705241,0.0,1.0,0
3.265666666666667,0.06666749999479171,3.16,3.39,0.22999999999999998,3.24,0.0055817575083425275,0.0,1.0,0
3.334333333333333,0.040305775709636865,3.16,3.37,0.20999999999999996,3.35,0.0015105672969965925,0.0,1.0,0
3.320666666666667,0.03315954697452239,3.22,3.37,0.1499999999999999,3.33,-0.0010723025583982335,0.0,1.0,0
3.7829999999999995,0.35179681635853377,3.19,4.31,1.1199999999999997,3.87,0.0149254727474971,0.0,1.0,0
3.714666666666666,0.11718172022783908,3.39,3.85,0.45999999999999996,3.775,0.008952169076751906,0.0,1.0,0
4.236999999999999,0.7367321991967863,3.09,5.33,2.24,4.4,0.05081868743047824,0.0,1.0,0
4.6196666666666655,0.5983002776384297,3.09,5.35,2.26,4.81,-0.03068075639599563,0.0,1.0,0
4.544666666666667,0.4657519606924794,3.02,5.0,1.98,4.65,0.026095661846495984,0.0,1.0,0
4.421666666666667,0.27718926546475225,3.85,4.72,0.8699999999999997,4.525,-0.016789766407119124,0.0,1.0,0
3.6310000000000002,0.287452604789033,3.08,3.98,0.8999999999999999,3.7649999999999997,-0.028914349276974494,0.0,1.0,0
3.1189999999999998,0.047070868556535764,2.96,3.17,0.20999999999999996,3.13,-0.0020889877641825276,0.0,1.0,0
3.1363333333333334,0.027866746411369162,3.08,3.19,0.10999999999999988,3.13,0.0016529477196884712,0.0,1.0,0
3.318333333333333,0.3574920356533213,3.08,4.15,1.0700000000000003,3.165,0.028909899888765227,0.0,1.0,0
3.376666666666666,0.4172795492499269,3.09,4.28,1.1900000000000004,3.165,-0.03420244716351506,0.0,1.0,0
3.4330000000000007,0.11281696089979852,3.24,3.62,0.3799999999999999,3.465,-0.005243604004449421,0.0,1.0,0
3.217999999999999,0.14237040891046618,3.02,3.46,0.43999999999999995,3.15,-0.013477196885428372,0.0,1.0,0
4.4076666666666675,0.3502445177618376,3.47,5.16,1.69,4.355,0.0036551724137929634,0.0,1.0,0
4.360333333333333,0.4828766808294731,3.42,5.05,1.63,4.385,-0.006618464961067945,0.0,1.0,0
5.561999999999999,0.7598657776212849,4.0,6.47,2.4699999999999998,5.445,0.010491657397107676,0.0,0.6333333333333333,0
4.623,0.6150617855142684,3.87,5.59,1.7199999999999998,4.23,-0.059753058954393944,0.0,1.0,0
4.100333333333333,0.20360882975832748,3.48,4.48,1.0000000000000004,4.13,0.005497219132369083,0.0,1.0,0
4.348333333333334,0.5595836746089801,3.55,5.18,1.63,4.23,0.04616017797552828,0.0,1.0,0
4.352333333333333,0.5989640130165491,3.65,5.42,1.77,4.01,-0.06559065628476103,0.0,1.0,0
3.5153333333333334,0.07209869778451074,3.29,3.69,0.3999999999999999,3.5,-0.006122358175750921,0.0,1.0,0
5.1819999999999995,0.477642823317452,4.15,5.89,1.7399999999999993,5.3,0.027021134593993235,0.0,1.0,0
5.023999999999999,0.13504567128691444,4.7,5.2,0.5,5.0600000000000005,-0.01396218020022254,0.0,1.0,0
4.627333333333334,0.15103936205138338,4.36,4.96,0.5999999999999996,4.6,0.009797552836484855,0.0,1.0,0
4.856333333333334,0.3477018198910606,3.87,5.23,1.3600000000000003,4.95,-0.010026696329254884,0.0,1.0,0
4.856666666666667,0.2507101026196502,4.56,5.22,0.6600000000000001,4.755,-0.02665183537263634,0.0,1.0,0
4.65,0.3481283288290876,4.29,5.53,1.2400000000000002,4.57,0.019991101223581633,0.0,1.0,0
5.116333333333333,0.23591641646048198,4.59,5.44,0.8500000000000005,5.18,0.017546162402669506,0.0,1.0,0
5.090333333333333,0.11127992731046431,4.85,5.31,0.45999999999999996,5.08,-0.00496774193548391,0.0,1.0,0
4.986333333333333,0.08031120027050334,4.85,5.2,0.35000000000000053,4.97,-0.004860956618465001,0.0,1.0,0
4.6000000000000005,0.23227856839005465,4.28,4.98,0.7000000000000002,4.654999999999999,-0.02549944382647396,0.0,1.0,0
3.344,0.3625336765966255,2.85,4.26,1.4099999999999997,3.33,-0.03185761957730818,0.0,1.0,0
2.847,0.12930970574554726,2.69,3.47,0.7800000000000002,2.83,0.006289210233592778,0.0,1.0,0
4.622333333333333,0.2558343648187675,3.93,4.85,0.9199999999999995,4.72,0.021159065628475957,0.0,1.0,0
4.492999999999999,0.1390479533590241,4.31,4.77,0.45999999999999996,4.46,-0.013283648498331581,0.0,1.0,0
4.41,0.37932396004822416,3.77,5.48,1.7100000000000004,4.3100000000000005,0.02205116796440481,0.0,1.0,0
5.141000000000001,0.5721092553000694,3.85,5.88,2.03,5.175000000000001,0.05739043381535035,0.0,1.0,0
4.983666666666667,0.3431956034424425,4.53,5.83,1.2999999999999998,4.91,0.00229810901001103,0.0,1.0,0
5.595666666666668,0.14965924257755975,5.28,6.03,0.75,5.6,-0.00163959955506135,0.0,0.9666666666666667,0
5.947000000000001,0.3237092316673509,5.18,6.47,1.29,5.95,-0.023931034482758795,0.0,0.6,0
6.101333333333333,0.504953683244535,5.16,6.7,1.54,6.355,0.05103448275862054,0.0,0.36666666666666664,0
6.169666666666666,0.16809686361010895,5.92,6.71,0.79,6.16,-0.010293659621802204,0.0,0.2,0
6.216666666666665,0.2281276445813226,5.81,6.63,0.8200000000000003,6.14,0.016689655172413623,0.0,0.13333333333333333,0
6.351666666666665,0.2000013888840665,6.03,6.79,0.7599999999999998,6.3100000000000005,-0.004144605116796561,0.0,0.0,0
6.515666666666666,0.2202677663410806,6.14,7.03,0.8900000000000006,6.5,-0.006743047830923406,0.03333333333333333,0.0,0
5.985333333333333,0.6879425040574896,4.22,6.75,2.5300000000000002,6.29,-0.05553726362625154,0.0,0.3,0
4.100666666666667,1.468890586652238,1.15,5.53,4.380000000000001,4.75,0.12170856507230252,0.0,1.0,0
5.462666666666666,1.2049866758138401,2.96,6.63,3.67,6.154999999999999,0.10059176863181303,0.0,0.4666666666666667,0
5.772,0.5444348751993514,4.66,6.58,1.92,5.965,0.058598442714126744,0.0,0.5333333333333333,0
6.195666666666666,0.20682816270732793,5.86,6.63,0.7699999999999996,6.21,-0.007708565072302596,0.0,0.3,0
6.169999999999999,0.19224983745116664,5.61,6.38,0.7699999999999996,6.225,-0.010932146829810934,0.0,0.13333333333333333,0
5.704,0.3248343167421406,5.0,6.47,1.4699999999999998,5.77,0.0016462736373747762,0.0,0.9333333333333333,0
5.894666666666667,0.5541524058315445,3.96,6.55,2.59,5.9,-0.05230255839822046,0.0,0.5666666666666667,0
4.846333333333333,0.7676782456790662,3.47,6.1,2.6299999999999994,4.785,-0.051196885428253715,0.0,0.9666666666666667,0
4.657333333333333,1.3494342847611693,2.37,6.44,4.07,4.4399999999999995,0.10547719688542818,0.0,0.7,0
5.300333333333333,1.0653590422429844,3.02,6.55,3.53,5.58,0.023325917686317928,0.0,0.6666666666666666,0
5.438666666666666,0.5345635810848156,4.72,6.3,1.58,5.109999999999999,-0.009205784204671951,0.0,0.7333333333333333,0
4.893666666666666,0.43212253920489835,3.67,5.29,1.62,5.01,-0.00494549499443835,0.0,1.0,0
4.884333333333332,0.3934944585237368,3.95,5.28,1.33,5.03,-0.03192658509454957,0.0,1.0,0
6.204,0.24837605896435888,5.66,6.63,0.9699999999999998,6.234999999999999,-0.009223581757508465,0.0,0.2,0
5.951666666666666,0.3502578415332846,5.35,6.62,1.2700000000000005,5.965,0.0004071190211344168,0.0,0.5666666666666667,0
5.297666666666667,0.9535606372375534,3.22,6.53,3.31,5.4399999999999995,-0.054631813125695455,0.0,0.6,0
5.9206666666666665,0.5414790444288271,3.76,6.48,2.7200000000000006,6.15,0.03806896551724132,0.0,0.43333333333333335,0
6.181,0.17688696955965982,5.83,6.47,0.6399999999999997,6.175,0.015130144605116708,0.0,0.16666666666666666,0
6.369666666666669,0.22515895619662912,6.1,6.84,0.7400000000000002,6.295,0.01445383759733019,0.0,0.0,0
6.549,0.4922760065925077,4.87,7.14,2.2699999999999996,6.66,-0.03387541713014479,0.13333333333333333,0.1,0
5.717333333333334,0.39291163835594833,5.2,6.5,1.2999999999999998,5.61,0.027728587319243506,0.0,0.7,0
6.219999999999999,0.13326664999166155,6.05,6.58,0.5300000000000002,6.17,-0.012066740823136898,0.0,0.0,0
6.1,0.09241212041718339,5.92,6.29,0.3700000000000001,6.1,0.007021134593993218,0.0,0.16666666666666666,0
6.5393333333333326,0.15974841331154294,6.1,6.78,0.6800000000000006,6.57,0.007822024471635046,0.0,0.0,0
6.306,0.1711451625570138,6.05,6.64,0.5899999999999999,6.32,-0.010340378197997935,0.0,0.0,0
6.0953333333333335,0.06946142014736585,5.9,6.29,0.3899999999999997,6.09,-0.0003648498331481362,0.0,0.06666666666666667,0
6.207999999999998,0.06150338744058476,6.1,6.4,0.3000000000000007,6.2,-0.0034527252502782714,0.0,0.0,0
6.311999999999999,0.10681448091590086,6.1,6.53,0.4300000000000006,6.32,0.005241379310344657,0.0,0.0,0
6.545666666666666,0.07055415571664705,6.35,6.68,0.33000000000000007,6.53,0.0013236929922134583,0.0,0.0,0
6.515333333333333,0.03879289740260307,6.44,6.57,0.1299999999999999,6.51,9.788654060048901e-05,0.0,0.0,0
6.574666666666667,0.08365537772446086,6.47,6.75,0.28000000000000025,6.55,0.006941045606228955,0.0,0.0,0
6.507,0.08202235467643351,6.36,6.7,0.33999999999999986,6.49,-0.007975528364849936,0.0,0.0,0
6.441666666666666,0.022961320132392583,6.4,6.48,0.08000000000000007,6.45,-0.0001668520578422795,0.0,0.0,0
6.447666666666666,0.04602052682107062,6.32,6.55,0.22999999999999954,6.44,0.0009988876529475306,0.0,0.0,0
6.421999999999999,0.05479659356809199,6.33,6.58,0.25,6.42,-0.001499443826474062,0.0,0.0,0
6.447999999999999,0.04840110191583102,6.33,6.55,0.21999999999999975,6.45,0.0026918798665181913,0.0,0.0,0
6.462000000000001,0.04826316746063534,6.36,6.58,0.21999999999999975,6.45,-0.0032747497219134036,0.0,0.0,0
6.400000000000001,0.04953113498935125,6.27,6.51,0.2400000000000002,6.4,-0.0010322580645163323,0.0,0.0,0
6.417333333333334,0.0894029579426144,6.33,6.81,0.47999999999999954,6.4,0.0004983314794213836,0.0,0.0,0
6.367666666666667,0.0871276203176824,6.23,6.62,0.3899999999999997,6.35,0.0010700778642935085,0.0,0.0,0
6.419666666666666,0.0786758469219676,6.32,6.66,0.33999999999999986,6.4,0.002298109010010934,0.0,0.0,0
6.6640000000000015,0.11934822998268557,6.48,6.96,0.47999999999999954,6.635,0.010269187986651574,0.0,0.0,0
6.728333333333334,0.12409897483684372,6.53,6.94,0.41000000000000014,6.74,-0.00269410456062307,0.0,0.0,0
6.597666666666667,0.07260318327884953,6.45,6.81,0.35999999999999943,6.6,-0.0033437152391548484,0.0,0.0,0
6.596000000000001,0.08191865884318823,6.44,6.78,0.33999999999999986,6.62,0.002892102335928658,0.0,0.0,0
6.550999999999999,0.06294706771036535,6.45,6.7,0.25,6.53,-0.005332591768631932,0.0,0.0,0
6.4853333333333305,0.03323986896618102,6.44,6.57,0.1299999999999999,6.48,-0.0009966629588433818,0.0,0.0,0
6.482666666666665,0.02421202639644646,6.42,6.53,0.11000000000000032,6.48,-0.0002580645161292847,0.0,0.0,0
6.5200000000000005,0.028166173565703473,6.48,6.58,0.09999999999999964,6.51,0.001655172413792985,0.0,0.0,0
6.546333333333335,0.04118926505238423,6.42,6.62,0.20000000000000018,6.55,0.00034037819799758183,0.0,0.0,0
6.55,0.05977736472389304,6.44,6.71,0.2699999999999996,6.54,0.002829810901000927,0.0,0.0,0
6.567000000000001,0.13895203009192295,6.38,6.9,0.5200000000000005,6.55,0.005092324805339141,0.0,0.0,0
6.396333333333333,0.6138701455157723,3.62,6.84,3.2199999999999998,6.51,-0.03136151279199123,0.0,0.06666666666666667,0
6.054666666666665,0.8446329906467595,2.89,6.73,3.8400000000000003,6.41,0.05688097886540599,0.0,0.23333333333333334,0
6.535,0.20372775952235872,6.1,6.84,0.7400000000000002,6.59,0.011357063403781769,0.0,0.0,0
6.375000000000001,0.285116935075184,5.76,6.71,0.9500000000000002,6.475,-0.021697441601779933,0.0,0.16666666666666666,0
6.070666666666666,0.34146677079264315,5.48,6.63,1.1499999999999995,6.085,0.03416240266963279,0.0,0.4,0
6.606666666666666,0.15173075568988054,6.07,6.81,0.7399999999999993,6.66,-0.0065183537263627305,0.0,0.0,0
6.494333333333333,0.12616611624714819,6.3,6.9,0.6000000000000005,6.48,-0.004816462736373746,0.0,0.0,0
6.488333333333333,0.09747079334629195,6.33,6.79,0.45999999999999996,6.475,-0.006218020022247165,0.0,0.0,0
6.442333333333335,0.11960165364891728,6.29,6.86,0.5700000000000003,6.42,0.003846496106785106,0.0,0.0,0
6.692333333333334,0.14437643698178582,6.38,6.96,0.5800000000000001,6.6899999999999995,0.0017018909899887925,0.0,0.0,0
6.731999999999999,0.1338257573613291,6.44,6.94,0.5,6.76,-0.00887652947719694,0.0,0.0,0
6.775666666666667,0.19348873065088024,6.33,7.03,0.7000000000000002,6.79,0.016460511679643804,0.1,0.0,0
6.553666666666666,0.20344505127647838,6.25,7.03,0.7800000000000002,6.51,-0.015085650723025588,0.03333333333333333,0.0,0
6.563333333333334,0.126077577528899,6.4,6.81,0.40999999999999925,6.5649999999999995,0.0007119021134592402,0.0,0.0,0
6.490333333333334,0.10888781178605596,6.33,6.7,0.3700000000000001,6.49,-0.003085650723025717,0.0,0.0,0
6.567333333333335,0.1399746008706182,6.36,6.84,0.47999999999999954,6.55,0.0034972191323692386,0.0,0.0,0
6.52,0.11334313683089353,6.36,6.78,0.41999999999999993,6.5,0.0007030033370409545,0.0,0.0,0
6.5189999999999975,0.11880937112310071,6.35,6.73,0.3800000000000008,6.49,-0.003975528364849979,0.0,0.0,0
6.481,0.07777531742140302,6.35,6.64,0.29000000000000004,6.48,0.0007897664071188554,0.0,0.0,0
6.491,0.09603298044595578,6.35,6.75,0.40000000000000036,6.48,0.0027741935483869876,0.0,0.0,0
6.525333333333335,0.14598477850637562,6.35,6.75,0.40000000000000036,6.515000000000001,-0.002180200222469571,0.0,0.0,0
6.484333333333333,0.09404549726358798,6.35,6.68,0.33000000000000007,6.47,-0.0006429365962182179,0.0,0.0,0
6.45,0.10102804891052118,6.29,6.64,0.34999999999999964,6.43,-0.0010856507230257387,0.0,0.0,0
6.441666666666666,0.11401997875616156,6.25,6.68,0.4299999999999997,6.44,0.0011635150166850851,0.0,0.0,0
6.423333333333333,0.09126274644612051,6.32,6.64,0.3199999999999994,6.38,-0.0011790878754172386,0.0,0.0,0
6.391999999999998,0.06068497892120146,6.3,6.51,0.20999999999999996,6.41,-6.229143492776897e-05,0.0,0.0,0
6.346333333333333,0.13315362889868565,6.16,6.68,0.5199999999999996,6.335,-0.00661846496106806,0.0,0.0,0
6.282666666666667,0.10359965679908842,6.09,6.45,0.3600000000000003,6.3,-0.008667408231368494,0.0,0.0,0
6.257999999999999,0.18179475606665155,6.03,6.64,0.6099999999999994,6.2,0.005766407119021051,0.0,0.0,0
6.4159999999999995,0.30381573362813197,5.72,6.91,1.1900000000000004,6.49,0.019715239154616104,0.0,0.13333333333333333,0
6.737666666666666,0.046667857127672865,6.63,6.81,0.17999999999999972,6.75,-0.001897664071190385,0.0,0.0,0
6.782666666666667,0.05072365216433933,6.7,6.88,0.17999999999999972,6.775,0.0043692992213569285,0.0,0.0,0
6.638999999999999,0.22150018811128203,6.18,6.88,0.7000000000000002,6.73,-0.01913459399332596,0.0,0.0,0
6.355999999999999,0.1625751108462383,5.92,6.68,0.7599999999999998,6.34,0.004827586206896488,0.0,0.03333333333333333,0
6.427666666666666,0.0898028705307106,6.22,6.58,0.3600000000000003,6.445,-0.0009766407119022776,0.0,0.0,0
6.5776666666666666,0.15123234515877287,6.27,6.83,0.5600000000000005,6.59,0.001528364849832914,0.0,0.0,0
6.417666666666666,0.10572553565193646,6.29,6.63,0.33999999999999986,6.38,0.0026229143492767846,0.0,0.0,0
6.553,0.08836100195599109,6.35,6.71,0.3600000000000003,6.57,0.002658509454949774,0.0,0.0,0
6.535666666666667,0.10458436254473653,6.36,6.73,0.3700000000000001,6.52,-0.007098998887652987,0.0,0.0,0
6.536666666666665,0.19018120014577908,6.18,6.84,0.6600000000000001,6.529999999999999,-0.011710789766407355,0.0,0.0,0
6.088666666666668,0.4358037274839315,5.46,7.06,1.5999999999999996,5.965,0.01957730812013331,0.03333333333333333,0.5333333333333333,0
6.058666666666666,0.4447601101217999,5.13,6.84,1.71,6.07,0.00324360400444925,0.0,0.3333333333333333,0
6.620333333333333,0.24064473584287868,6.25,7.1,0.8499999999999996,6.550000000000001,-0.01355506117908814,0.03333333333333333,0.0,0
6.441999999999999,0.819147524360946,3.82,7.21,3.39,6.7,-0.015470522803114636,0.23333333333333334,0.16666666666666666,0
7.292,0.24741867350707378,6.84,7.65,0.8100000000000005,7.38,0.026015572858731875,0.8,0.0,0
7.245333333333333,0.13642417511407415,7.01,7.64,0.6299999999999999,7.23,-0.002131256952169231,1.0,0.0,0
7.206999999999999,0.10896941466913242,6.78,7.34,0.5599999999999996,7.23,-0.0022491657397109006,0.9666666666666667,0.0,0
6.897000000000001,0.08258934555982388,6.71,7.09,0.3799999999999999,6.9,0.0016573971078974027,0.06666666666666667,0.0,0
7.079666666666667,0.1432825491429046,6.83,7.3,0.46999999999999975,7.095,0.01272747497219115,0.6666666666666666,0.0,0
6.435333333333332,1.245262310608581,2.54,7.32,4.78,6.78,-0.08323025583982223,0.23333333333333334,0.13333333333333333,0
4.042333333333334,1.8871789940425778,2.15,6.48,4.33,2.5,0.190222469410456,0.0,0.6333333333333333,0
5.304999999999999,1.5401055158657149,2.45,6.83,4.38,5.5649999999999995,0.11100111234705219,0.0,0.5666666666666667,0
5.855999999999999,1.174409355094438,2.8,6.71,3.91,6.37,-0.04274082313681883,0.0,0.23333333333333334,0
4.201,1.094663875351699,3.09,6.6,3.51,3.9050000000000002,-0.11081868743047853,0.0,0.8666666666666667,0
4.039333333333333,1.3732441718629487,2.27,6.03,3.7600000000000002,3.665,0.09579087875417129,0.0,0.9666666666666667,0
2.5469999999999993,0.30522286939218696,2.12,3.02,0.8999999999999999,2.49,0.02676529477196877,0.0,1.0,0
5.436666666666666,1.5233544856299501,2.89,6.5,3.61,6.41,0.14224249165739705,0.0,0.3,0
6.322333333333333,0.06611521929345941,6.17,6.44,0.27000000000000046,6.325,-0.0062091212458288796,0.0,0.0,0
6.102333333333334,0.10980841902554139,5.88,6.33,0.4500000000000002,6.109999999999999,-0.010173526140155924,0.0,0.2,0
5.693666666666667,0.19152864595726202,5.27,6.03,0.7600000000000007,5.74,-0.01897886540600683,0.0,0.9666666666666667,0
3.7229999999999994,0.46822466117595024,3.09,4.98,1.8900000000000006,3.59,-0.04314349276974426,0.0,1.0,0
3.324333333333333,0.31473463249043454,2.82,4.11,1.2900000000000005,3.3200000000000003,-0.013012235817575176,0.0,1.0,0
3.096999999999999,0.45227683262945645,2.19,4.41,2.22,2.98,0.010022246941045511,0.0,1.0,0
5.357000000000001,0.4046327553061747,4.54,5.96,1.42,5.35,0.043454949944382565,0.0,1.0,0
5.737666666666668,0.08566147844211475,5.57,5.86,0.29000000000000004,5.74,-0.0024271412680757494,0.0,1.0,0
5.557,0.5406301878363804,3.13,5.86,2.7300000000000004,5.71,-0.02734371523915486,0.0,1.0,0
3.0959999999999996,1.3112604623033517,2.04,5.57,3.5300000000000002,2.285,0.11196440489432698,0.0,1.0,0
5.810333333333333,0.08927423418259546,5.64,6.01,0.3700000000000001,5.82,0.006391546162402602,0.0,0.9666666666666667,0
6.094333333333334,0.09762797868552946,5.92,6.27,0.34999999999999964,6.1,0.0007630700778641137,0.0,0.2,0
3.3716666666666657,1.155834715211863,2.55,6.03,3.4800000000000004,2.79,-0.10814015572858747,0.0,0.9333333333333333,0
2.3603333333333336,0.14295648133455005,2.08,2.67,0.5899999999999999,2.3600000000000003,-0.0019822024471635707,0.0,1.0,0
2.3583333333333334,0.01845414738088862,2.32,2.41,0.0900000000000003,2.35,0.0006518353726362154,0.0,1.0,0
2.4853333333333327,0.20211767749396767,2.11,2.83,0.7200000000000002,2.45,0.01806006674082304,0.0,1.0,0
2.837333333333333,0.16909431950508835,2.61,3.19,0.5800000000000001,2.8,0.014656284760845333,0.0,1.0,0
2.9709999999999996,0.15992394025494328,2.72,3.28,0.5599999999999996,2.955,-0.006769744160178013,0.0,1.0,0
3.3720000000000003,1.1588511552395329,2.42,6.16,3.74,2.82,0.10578420467185755,0.0,0.9,0
6.387,0.08892506208413162,6.22,6.55,0.33000000000000007,6.37,-0.00506562847608463,0.0,0.0,0
6.327666666666667,0.06888073428438148,6.2,6.5,0.2999999999999998,6.3100000000000005,-0.0036863181312571554,0.0,0.0,0
6.182666666666667,0.13160378245155252,5.97,6.42,0.4500000000000002,6.18,-0.013748609566184816,0.0,0.06666666666666667,0
6.030666666666667,0.053599336645977984,5.92,6.14,0.21999999999999975,6.03,0.002291434927697335,0.0,0.26666666666666666,0
6.106,0.05357860269423482,5.97,6.25,0.28000000000000025,6.1,0.0011879866518352553,0.0,0.03333333333333333,0
6.144666666666666,0.04917542294909344,6.07,6.25,0.17999999999999972,6.14,-0.0006852057842048442,0.0,0.0,0
6.138666666666666,0.041931160516043786,6.05,6.22,0.16999999999999993,6.14,0.0007296996662958115,0.0,0.0,0
6.212666666666666,0.05638754787677465,6.09,6.33,0.2400000000000002,6.22,-0.0015661846496107816,0.0,0.0,0
5.998333333333333,0.0802530719384345,5.86,6.16,0.2999999999999998,6.0,-0.0035350389321469524,0.0,0.5,0
6.1596666666666655,0.04757333520179367,6.05,6.25,0.20000000000000018,6.17,0.001003337041156712,0.0,0.0,0
6.226666666666666,0.06378784279852148,6.12,6.38,0.2599999999999998,6.22,0.0006318131256950536,0.0,0.0,0
6.242666666666665,0.048712307365684174,6.14,6.32,0.1800000000000006,6.23,-0.0045339265850946366,0.0,0.0,0
6.192333333333332,0.030515933907095515,6.14,6.27,0.1299999999999999,6.18,0.0004694104560619937,0.0,0.0,0
6.146333333333333,0.054983836008614534,6.03,6.27,0.23999999999999932,6.15,-0.003014460511679778,0.0,0.0,0
6.106,0.053640780506377106,5.99,6.22,0.22999999999999954,6.1,0.0008898776418241462,0.0,0.06666666666666667,0
6.2153333333333345,0.057661849509783175,6.09,6.3,0.20999999999999996,6.22,0.004952169076751795,0.0,0.0,0
6.2746666666666675,0.05103811212112856,6.2,6.4,0.20000000000000018,6.279999999999999,0.003083426028920954,0.0,0.0,0
6.295333333333335,0.03232474112640187,6.23,6.4,0.16999999999999993,6.29,0.0014994438264737161,0.0,0.0,0
6.276333333333333,0.025097587312108025,6.23,6.33,0.09999999999999964,6.27,-0.0013192436040046613,0.0,0.0,0
6.016666666666665,0.14855601263122573,5.89,6.44,0.5500000000000007,5.96,-0.014028921023359392,0.0,0.7333333333333333,0
5.9043333333333345,0.034898264840660664,5.86,6.03,0.16999999999999993,5.9,0.0017285873192434574,0.0,0.9666666666666667,0
6.061333333333334,0.05560175856531473,5.96,6.18,0.21999999999999975,6.04,0.002611790878754043,0.0,0.1,0
6.078999999999999,0.024542480178933207,6.03,6.12,0.08999999999999986,6.08,-0.0011279199110123652,0.0,0.0,0
6.117666666666665,0.04348818485775453,6.05,6.23,0.1800000000000006,6.109999999999999,0.002965517241379015,0.0,0.0,0
6.128333333333332,0.04336537277085897,6.03,6.23,0.20000000000000018,6.12,-0.0025606229143494766,0.0,0.0,0
6.183000000000001,0.07244078041177268,6.05,6.33,0.28000000000000025,6.175,0.003503893214682761,0.0,0.0,0
5.9946666666666655,0.1052531340256537,5.88,6.27,0.3899999999999997,5.96,-0.007657397107897837,0.0,0.6666666666666666,0
6.025333333333333,0.08421137426473668,5.92,6.25,0.33000000000000007,6.0,0.004698553948831999,0.0,0.5,0
5.973666666666667,0.04490607481795259,5.89,6.07,0.1800000000000006,5.97,0.0009499443826471902,0.0,0.7,0
5.9940000000000015,0.11344896062400336,5.86,6.33,0.46999999999999975,5.96,-0.009935483870967859,0.0,0.7,0
5.879,0.04791311581046122,5.81,5.97,0.16000000000000014,5.87,-0.0013147942157954032,0.0,1.0,0
6.129666666666668,0.1951492306472721,5.89,6.64,0.75,6.07,0.01644716351501657,0.0,0.13333333333333333,0
6.332,0.15287031540928195,6.12,6.75,0.6299999999999999,6.34,0.0013481646273635901,0.0,0.0,0
6.226,0.2591859049665574,5.86,6.83,0.9699999999999998,6.295,0.021459399332591486,0.0,0.26666666666666666,0
6.845999999999999,0.24631416253773686,6.38,7.09,0.71,6.98,-0.021904338153504,0.43333333333333335,0.0,0
6.439666666666667,0.1775290273604729,6.05,6.81,0.7599999999999998,6.42,-0.00855394883203566,0.0,0.0,0
6.416,0.06317172363222863,6.27,6.51,0.2400000000000002,6.41,0.0006807563959954325,0.0,0.0,0
6.460666666666666,0.04170797951897878,6.35,6.55,0.20000000000000018,6.47,0.0024115684093435766,0.0,0.0,0
6.479333333333331,0.0334597602435456,6.44,6.58,0.13999999999999968,6.47,0.0005339265850943341,0.0,0.0,0
6.471333333333332,0.04326147888775363,6.38,6.58,0.20000000000000018,6.475,-0.001784204671857781,0.0,0.0,0
6.484666666666667,0.05426683046658324,6.42,6.63,0.20999999999999996,6.48,0.002878754171301229,0.0,0.0,0
6.560000000000002,0.0338624669312008,6.5,6.62,0.1200000000000001,6.5600000000000005,0.0017352614015570947,0.0,0.0,0
6.400333333333332,0.06720532386318478,6.29,6.55,0.2599999999999998,6.38,-0.002017797552836665,0.0,0.0,0
6.375333333333335,0.05518051185780082,6.25,6.48,0.23000000000000043,6.38,-0.0008053392658510088,0.0,0.0,0
6.423999999999999,0.036660605559646696,6.36,6.5,0.13999999999999968,6.42,0.003279199110122124,0.0,0.0,0
6.385333333333332,0.08261288573151823,6.23,6.53,0.2999999999999998,6.390000000000001,-0.0054816462736374475,0.0,0.0,0
6.356666666666667,0.04628414655389275,6.25,6.47,0.21999999999999975,6.36,-0.0010233592880980467,0.0,0.0,0
6.317666666666667,0.09725167807749592,6.14,6.55,0.41000000000000014,6.3,-0.0042202447163516045,0.0,0.0,0
6.3309999999999995,0.06690042351634759,6.2,6.44,0.2400000000000002,6.35,-0.0034416017797554528,0.0,0.0,0
6.267666666666668,0.04379370832538494,6.18,6.33,0.15000000000000036,6.29,0.0009054505005559924,0.0,0.0,0
6.311000000000001,0.030913858812297617,6.25,6.36,0.11000000000000032,6.32,1.5572858731654164e-05,0.0,0.0,0
6.346333333333333,0.039368628232247224,6.29,6.45,0.16000000000000014,6.35,0.0012703003337039367,0.0,0.0,0
6.390666666666667,0.04829998849781328,6.3,6.53,0.23000000000000043,6.390000000000001,0.0012191323692991014,0.0,0.0,0
6.285666666666666,0.10892454064881604,6.1,6.51,0.41000000000000014,6.26,-0.00954171301446068,0.0,0.0,0
6.266333333333333,0.08300535457962278,6.12,6.44,0.3200000000000003,6.279999999999999,0.001955506117908589,0.0,0.0,0
6.302666666666666,0.04774469138611695,6.17,6.36,0.1900000000000004,6.32,-0.00023581757508353224,0.0,0.0,0
6.3163333333333345,0.039705862987165504,6.23,6.4,0.16999999999999993,6.32,-3.7819799777675535e-05,0.0,0.0,0
6.333333333333333,0.05467073155618921,6.22,6.48,0.2600000000000007,6.34,0.0025895439377084826,0.0,0.0,0
6.328666666666667,0.033539363274947484,6.25,6.4,0.15000000000000036,6.33,-0.001988876529477275,0.0,0.0,0
6.302666666666666,0.022647050335284098,6.25,6.35,0.09999999999999964,6.3,-0.0007786429365963824,0.0,0.0,0
6.276,0.05187163643713849,6.18,6.4,0.22000000000000064,6.27,-0.0020600667408232913,0.0,0.0,0
6.569333333333334,0.22491381065248572,6.03,6.84,0.8099999999999996,6.64,0.01631145717463825,0.0,0.0,0
6.936000000000001,0.2325023297374316,6.6,7.38,0.7800000000000002,6.915,0.010927697441601523,0.3333333333333333,0.0,0
6.706333333333333,0.06421232142059828,6.57,6.86,0.29000000000000004,6.71,-0.00040266963292561966,0.0,0.0,0
6.709666666666668,0.07227186328179325,6.5,6.83,0.33000000000000007,6.71,0.005968854282536013,0.0,0.0,0
6.6883333333333335,0.08873493612376628,6.48,6.83,0.34999999999999964,6.6899999999999995,-0.0001802002224695159,0.0,0.0,0
6.651333333333333,0.19934448129361954,6.22,7.04,0.8200000000000003,6.6899999999999995,-0.015528364849833302,0.03333333333333333,0.0,0
6.485333333333332,0.2161439849318556,6.16,6.94,0.7800000000000002,6.43,0.015074527252502539,0.0,0.0,0
6.533333333333332,0.23923953593742736,6.14,6.93,0.79,6.575,-0.01621357063403803,0.0,0.0,0
6.871333333333333,0.34955908735942703,6.23,7.49,1.2599999999999998,6.87,0.03163959955506104,0.4,0.0,0
6.8883333333333345,0.2698898952453677,6.51,7.38,0.8700000000000001,6.8100000000000005,-0.015939933259177093,0.3333333333333333,0.0,0
6.934,0.23021149696167073,6.38,7.19,0.8100000000000005,7.03,-0.006723025583982417,0.5666666666666667,0.0,0
7.063999999999999,0.17925029056229375,6.64,7.23,0.5900000000000007,7.14,0.014113459399332492,0.7333333333333333,0.0,0
7.186000000000001,0.05992217174524528,7.07,7.3,0.22999999999999954,7.19,-8.453837597336783e-05,1.0,0.0,0
7.064333333333334,0.15698584508023503,6.62,7.23,0.6100000000000003,7.12,-0.00705895439377101,0.8,0.0,0
6.829999999999999,0.21271263870928467,6.53,7.23,0.7000000000000002,6.81,0.007310344827586119,0.26666666666666666,0.0,0
6.472,0.18517379224213493,6.2,6.94,0.7400000000000002,6.455,-0.012289210233593001,0.0,0.0,0
6.283333333333334,0.12705204532876374,6.03,6.5,0.46999999999999975,6.3,-0.009499443826473976,0.0,0.0,0
6.594666666666666,0.4979272593015525,5.92,7.55,1.63,6.460000000000001,-0.018206896551724295,0.23333333333333334,0.06666666666666667,0
6.104,0.21369136622708937,5.84,6.53,0.6900000000000004,6.0,0.018883203559510373,0.0,0.5,0
6.333666666666668,0.11276770617315734,6.14,6.6,0.45999999999999996,6.3,-0.007254727474972448,0.0,0.0,0
6.548999999999999,0.19334511458356876,6.07,6.88,0.8099999999999996,6.575,0.01159733036707452,0.0,0.0,0
6.657333333333333,0.08816398861717231,6.4,6.84,0.4399999999999995,6.67,0.0010767519466071843,0.0,0.0,0
6.4156666666666675,0.11188337181587309,6.27,6.66,0.39000000000000057,6.390000000000001,-0.00781979977753082,0.0,0.0,0
6.4383333333333335,0.04926684709033264,6.3,6.51,0.20999999999999996,6.44,0.0033348164627362556,0.0,0.0,0
6.480666666666666,0.15586176211274178,6.18,6.99,0.8100000000000005,6.46,0.003986651835372452,0.0,0.0,0
6.461666666666665,0.08120276404709928,6.32,6.62,0.2999999999999998,6.47,-0.005804226918798765,0.0,0.0,0
6.615333333333334,0.14368329370142133,6.35,6.83,0.4800000000000004,6.63,0.01239599555061166,0.0,0.0,0
6.559666666666666,0.11145950933959026,6.38,6.75,0.3700000000000001,6.575,-0.01073414905450523,0.0,0.0,0
6.510999999999999,0.07363649457526696,6.38,6.71,0.33000000000000007,6.505,-0.0035172413793104966,0.0,0.0,0
6.728666666666666,0.28491792190422544,6.27,7.25,0.9800000000000004,6.715,0.028280311457174603,0.26666666666666666,0.0,0
6.633999999999999,0.31496666490281167,6.27,7.32,1.0500000000000007,6.49,-0.024631813125695293,0.2,0.0,0
6.377,0.10119782606360676,6.14,6.51,0.3700000000000001,6.390000000000001,-0.0033081201334818596,0.0,0.0,0
6.554999999999999,0.0616306200953172,6.4,6.63,0.22999999999999954,6.575,-0.0010077864293661237,0.0,0.0,0
7.005333333333332,0.2675286069854131,6.47,7.29,0.8200000000000003,7.12,0.020805339265850754,0.7333333333333333,0.0,0
6.904000000000001,0.12758265294832727,6.71,7.19,0.4800000000000004,6.904999999999999,-0.008235817575083484,0.2,0.0,0
6.924333333333333,0.13652065370810706,6.44,7.23,0.79,6.905,-0.003406006674082502,0.26666666666666666,0.0,0
6.769000000000002,0.06230837289910038,6.55,6.9,0.35000000000000053,6.78,0.0024671857619575927,0.0,0.0,0
6.787,0.060561263747272234,6.62,6.9,0.28000000000000025,6.79,-0.00200444938820939,0.0,0.0,0
6.953666666666667,0.13425059486729374,6.75,7.23,0.4800000000000004,6.94,0.0014927697441601171,0.3333333333333333,0.0,0
6.860000000000001,0.08205689083394113,6.66,7.04,0.3799999999999999,6.86,-0.0007341490545052232,0.06666666666666667,0.0,0
6.825666666666668,0.09861316116804876,6.7,7.12,0.41999999999999993,6.81,-0.004438264738598642,0.1,0.0,0
6.932,0.1075298408194984,6.71,7.3,0.5899999999999999,6.91,0.00751056729699647,0.2,0.0,0
6.875333333333334,0.08143436348099957,6.71,7.09,0.3799999999999999,6.890000000000001,-0.005953281423804474,0.06666666666666667,0.0,0
6.669999999999999,0.09804760748398371,6.45,6.84,0.3899999999999997,6.6899999999999995,-0.007065628476084724,0.0,0.0,0
6.786333333333332,0.1208989477024327,6.57,7.16,0.5899999999999999,6.78,0.002627363737485966,0.06666666666666667,0.0,0
6.817333333333334,0.044191502451137586,6.75,6.96,0.20999999999999996,6.81,0.00033815350389312563,0.0,0.0,0
6.893666666666667,0.12142167113914325,6.75,7.16,0.41000000000000014,6.85,0.005750834260288936,0.23333333333333334,0.0,0
6.838333333333334,0.2127922826503713,6.5,7.3,0.7999999999999998,6.835,0.01748832035595084,0.2,0.0,0
6.9543333333333335,0.2734432705740301,6.44,7.57,1.13,6.96,-0.025959955506118088,0.43333333333333335,0.0,0
7.818666666666668,0.24385423697136965,7.09,8.08,0.9900000000000002,7.895,0.011434927697441383,1.0,0.0,0
6.751666666666666,0.1394054837116851,6.5,6.97,0.46999999999999975,6.77,-0.010476084538376253,0.0,0.0,0
6.891999999999999,0.5974133130979478,6.3,7.95,1.6500000000000004,6.59,0.058215795328142306,0.36666666666666664,0.0,0
7.6096666666666675,0.4596918049688895,6.84,7.98,1.1400000000000006,7.905,-0.04350389321468321,0.7,0.0,0
6.872333333333334,0.07107195102304584,6.71,6.97,0.2599999999999998,6.890000000000001,-0.005261401557286069,0.0,0.0,0
6.788333333333335,0.08963196354475836,6.5,6.93,0.4299999999999997,6.79,-0.0028142380422693882,0.0,0.0,0
6.892,0.0583894967723934,6.78,6.99,0.20999999999999996,6.890000000000001,-0.002020022246941121,0.0,0.0,0
6.901999999999999,0.0663023378170031,6.79,7.07,0.28000000000000025,6.9,0.003110122358175619,0.13333333333333333,0.0,0
6.795333333333333,0.130018802059121,6.53,7.07,0.54,6.785,-0.007964404894327155,0.03333333333333333,0.0,0
6.702666666666667,0.06642957841872016,6.57,6.83,0.2599999999999998,6.705,-0.0014593993325919302,0.0,0.0,0
6.735,0.07392563831310482,6.57,6.86,0.29000000000000004,6.76,0.002929922135706295,0.0,0.0,0
6.703666666666667,0.08439918377699047,6.5,6.81,0.3099999999999996,6.715,0.002751946607341389,0.0,0.0,0
6.75,0.13203534880225576,6.5,7.04,0.54,6.775,-0.0010589543937709587,0.06666666666666667,0.0,0
6.707666666666667,0.17568311118475666,6.45,7.14,0.6899999999999995,6.6899999999999995,-0.0013592880978866393,0.1,0.0,0
6.687666666666666,0.33040059860048004,6.3,7.67,1.37,6.65,0.02855839822024455,0.16666666666666666,0.0,0
7.257000000000001,0.3191880323571045,6.78,7.84,1.0599999999999996,7.119999999999999,-0.016149054505005728,0.7,0.0,0
7.155666666666667,0.3842714607612118,6.71,7.86,1.1500000000000004,6.99,-0.031499443826474044,0.4666666666666667,0.0,0
6.841333333333336,0.09301373853122752,6.63,7.01,0.3799999999999999,6.835,-0.005668520578420601,0.03333333333333333,0.0,0
6.7426666666666675,0.10201089266456906,6.51,6.86,0.35000000000000053,6.779999999999999,-0.004048943270300374,0.0,0.0,0
7.133666666666667,0.21401687368574981,6.48,7.64,1.1599999999999993,7.07,-0.0054883203559512005,0.8333333333333334,0.0,0
6.988,0.18700089126347322,6.71,7.25,0.54,7.035,-0.011234705228031223,0.5333333333333333,0.0,0
7.075333333333333,0.3009953857158316,6.51,7.95,1.4400000000000004,7.095,0.017165739710789638,0.6666666666666666,0.0,0
7.465666666666666,0.2834629115461531,7.07,8.11,1.0399999999999991,7.455,-0.02288987764182437,1.0,0.0,0
6.949000000000001,0.09488062675453471,6.78,7.1,0.3199999999999994,6.96,-0.00270745272525046,0.3,0.0,0
6.9286666666666665,0.11345287812812661,6.63,7.16,0.5300000000000002,6.95,8.898776418228019e-05,0.2,0.0,0
6.938666666666666,0.10154582982848467,6.66,7.07,0.41000000000000014,6.97,0.002335928809788494,0.3,0.0,0
6.808333333333334,0.06419155361537501,6.7,6.91,0.20999999999999996,6.8,0.0028542825361511357,0.0,0.0,0
6.684999999999999,0.1486326567974436,6.4,6.91,0.5099999999999998,6.695,-0.007401557285873316,0.0,0.0,0
6.752333333333334,0.12898794086614795,6.48,6.97,0.4899999999999993,6.720000000000001,0.0011590656284759422,0.0,0.0,0
6.648666666666667,0.11265680430207295,6.45,7.07,0.6200000000000001,6.64,-0.0008498331479422833,0.03333333333333333,0.0,0
6.816,0.17383133587858468,6.5,7.17,0.6699999999999999,6.8100000000000005,0.006972191323692763,0.16666666666666666,0.0,0
7.123333333333333,0.4554289797054591,6.3,7.84,1.54,6.9350000000000005,0.03972413793103429,0.4666666666666667,0.0,0
7.105999999999999,0.34198050626704823,6.7,7.68,0.9799999999999995,6.955,-0.02925472747497244,0.4,0.0,0
6.760666666666666,0.2677801751852109,6.16,7.49,1.33,6.82,-0.0035817575083429134,0.13333333333333333,0.0,0
7.078666666666668,0.34922517409577203,6.5,7.83,1.33,7.074999999999999,0.012907675194660588,0.5666666666666667,0.0,0
7.007333333333333,0.13316489360521738,6.83,7.3,0.46999999999999975,7.02,0.0006985539488318501,0.5666666666666667,0.0,0
6.977666666666667,0.12115233752961135,6.75,7.17,0.41999999999999993,6.965,-0.005670745272525172,0.43333333333333335,0.0,0
6.841333333333334,0.14472349114393596,6.35,7.01,0.6600000000000001,6.88,-0.005401557285873222,0.03333333333333333,0.0,0
6.751333333333334,0.3702317592475766,6.23,7.29,1.0599999999999996,6.695,0.02692769744160154,0.3333333333333333,0.0,0
7.328,0.3455083211733114,6.78,8.08,1.2999999999999998,7.220000000000001,0.027977753058954176,0.9,0.0,0
7.574333333333333,0.13435483698855893,7.3,7.98,0.6800000000000006,7.575,-0.003837597330367281,1.0,0.0,0
6.9673333333333325,0.5367055886506948,6.14,7.8,1.6600000000000001,7.04,-0.058020022246941284,0.5333333333333333,0.0,0
6.400333333333333,0.21553782859525053,6.1,6.94,0.8400000000000007,6.325,-0.012473859844271584,0.0,0.0,0
6.287666666666666,0.17013099528174042,6.01,6.57,0.5600000000000005,6.27,0.012318131256952122,0.0,0.0,0
6.318666666666667,0.22794346277579933,5.97,6.81,0.8399999999999999,6.27,-0.015675194660734245,0.0,0.03333333333333333,0
6.3679999999999986,0.20426127059887458,6.09,6.88,0.79,6.32,-0.007501668520578646,0.0,0.0,0
6.155333333333333,0.1768753484488127,5.83,6.4,0.5700000000000003,6.16,-0.010665183537263633,0.0,0.23333333333333334,0
6.416666666666667,0.17876116903722572,6.01,6.75,0.7400000000000002,6.44,0.007310344827586042,0.0,0.0,0
6.4766666666666675,0.1735767521556066,6.23,6.9,0.6699999999999999,6.44,0.006180200222469106,0.0,0.0,0
6.568333333333332,0.22693733839004004,6.16,6.97,0.8099999999999996,6.5649999999999995,-0.0034638487208011283,0.0,0.0,0
6.539666666666665,0.2710778895856728,6.05,7.21,1.1600000000000001,6.545,0.005047830923247943,0.03333333333333333,0.0,0
6.9959999999999996,0.19085072700935676,6.51,7.25,0.7400000000000002,7.035,0.008756395995550352,0.6,0.0,0
7.1770000000000005,0.3353321736229118,6.6,7.71,1.1100000000000003,7.08,-0.032816462736373946,0.6333333333333333,0.0,0
6.545666666666666,0.22301992935360931,6.12,7.03,0.9100000000000001,6.550000000000001,0.0023692992213569116,0.03333333333333333,0.0,0
6.589,0.21994469001698283,6.16,6.83,0.6699999999999999,6.6899999999999995,0.01861401557285867,0.0,0.0,0
6.759333333333333,0.10009773002199183,6.62,6.94,0.3200000000000003,6.74,0.0003292547274748016,0.0,0.0,0
6.781000000000001,0.09108055043019156,6.63,7.03,0.40000000000000036,6.78,0.00037597330367068597,0.03333333333333333,0.0,0
6.756333333333333,0.15164615245879326,6.35,7.03,0.6800000000000006,6.75,-0.0038464961067854516,0.03333333333333333,0.0,0
6.7940000000000005,0.5519637669267793,5.9,7.68,1.7799999999999994,6.460000000000001,0.055092324805339106,0.4,0.03333333333333333,0
7.435666666666666,0.14813694865075197,7.19,7.65,0.45999999999999996,7.46,-0.016242491657397114,1.0,0.0,0
7.287333333333334,0.05421766829692654,7.14,7.38,0.2400000000000002,7.295,0.0020200222469407753,1.0,0.0,0
6.838666666666668,0.07050925865129744,6.66,6.96,0.2999999999999998,6.84,-0.0003692992213571638,0.0,0.0,0
6.762333333333332,0.05541860898851774,6.64,6.88,0.2400000000000002,6.775,-0.0011368186874306124,0.0,0.0,0
6.803999999999999,0.08538540078178868,6.58,6.94,0.3600000000000003,6.82,0.003270300333703992,0.0,0.0,0
6.819666666666667,0.061670270164984935,6.68,6.93,0.25,6.82,9.121245828689001e-05,0.0,0.0,0
6.477,0.181110463529858,6.1,6.83,0.7300000000000004,6.51,-0.008901001112347148,0.0,0.0,0
6.594,0.25635392201667856,6.22,7.25,1.0300000000000002,6.575,-0.009014460511679867,0.13333333333333333,0.0,0
6.4466666666666645,0.14374359889129742,6.17,6.68,0.5099999999999998,6.49,-0.004765294771968988,0.0,0.0,0
6.207,0.1427153343781483,6.01,6.55,0.54,6.175,0.0004338153503892737,0.0,0.0,0
6.809333333333332,0.49675569671843955,6.03,7.47,1.4399999999999995,6.845000000000001,0.05387764182424903,0.4666666666666667,0.0,0
6.191333333333332,0.22523666565538467,5.96,7.34,1.38,6.17,-0.009708565072302689,0.03333333333333333,0.03333333333333333,0
6.870666666666666,0.36043430592673736,6.07,7.27,1.1999999999999993,6.96,0.009432703003336911,0.43333333333333335,0.0,0
6.3726666666666665,0.25665714268044226,6.03,7.01,0.9799999999999995,6.32,0.008912124582869697,0.03333333333333333,0.0,0
6.431,0.2593498280958237,6.03,7.12,1.0899999999999999,6.38,0.020558398220244654,0.03333333333333333,0.0,0
6.5473333333333334,0.5137764321397219,6.01,7.49,1.4800000000000004,6.36,-0.05304115684093452,0.3,0.0,0
6.083333333333334,0.15790996027976062,5.9,6.44,0.54,6.05,-0.004436040044493956,0.0,0.36666666666666664,0
6.445333333333334,0.43534456340798483,5.77,7.32,1.5500000000000007,6.3149999999999995,0.04010233592880962,0.13333333333333333,0.1,0
6.539999999999997,0.40479624504187295,5.96,7.29,1.33,6.49,0.016720800889877506,0.23333333333333334,0.06666666666666667,0
6.354,0.17225175374046753,6.18,7.21,1.0300000000000002,6.33,-0.0046140155728589,0.03333333333333333,0.0,0
6.259666666666665,0.08223881214014594,6.05,6.38,0.33000000000000007,6.27,0.0009543937708563714,0.0,0.0,0
6.378333333333332,0.04698108366377083,6.27,6.45,0.1800000000000006,6.38,0.002182424916573797,0.0,0.0,0
6.408,0.24975187686982459,5.97,7.12,1.1500000000000004,6.38,0.017143492769744077,0.06666666666666667,0.03333333333333333,0
6.242000000000001,0.37287531428079274,5.83,7.12,1.29,6.09,-0.032800889877641945,0.06666666666666667,0.3,0
6.2233333333333345,0.10903618155864088,6.05,6.38,0.33000000000000007,6.27,0.010206896551724073,0.0,0.0,0
6.268999999999999,0.1138522434268791,5.92,6.36,0.4400000000000004,6.3,-0.007259176863181438,0.0,0.1,0
6.11,0.08767363723871989,5.94,6.27,0.3299999999999992,6.12,0.0030611790878753166,0.0,0.2,0
6.354333333333334,0.329723958621282,5.76,6.91,1.1500000000000004,6.305,0.03626028921023341,0.0,0.13333333333333333,0
6.963,0.18663958136829745,6.33,7.27,0.9399999999999995,6.96,-0.003744160177975743,0.43333333333333335,0.0,0
6.124333333333333,0.14382126252941718,5.89,6.51,0.6200000000000001,6.08,-0.004771968854282741,0.0,0.1,0
6.255666666666667,0.4830920087197561,5.71,7.53,1.8200000000000003,6.09,0.03772413793103443,0.13333333333333333,0.3333333333333333,0
5.266666666666666,0.886763152644994,4.09,7.55,3.46,5.01,-0.07662291434927698,0.1,0.8666666666666667,0
4.398,0.2008382433701311,4.05,4.94,0.8900000000000006,4.395,0.0031679644048941873,0.0,1.0,0
5.230333333333333,0.15632196120684888,4.81,5.42,0.6100000000000003,5.275,0.0015328142380421337,0.0,1.0,0
4.503666666666666,0.38201643361975357,4.02,5.1,1.08,4.355,-0.04182647385984436,0.0,1.0,0
3.9956666666666667,0.2764016803293512,3.82,5.09,1.27,3.93,0.009915461624026659,0.0,1.0,0
5.950999999999999,0.1660391520093981,5.29,6.1,0.8099999999999996,5.99,0.013506117908787493,0.0,0.5333333333333333,0
5.683333333333334,0.18011724576570176,5.44,6.03,0.5899999999999999,5.6,-0.019230255839822206,0.0,0.9333333333333333,0
5.320333333333333,0.4047508149741298,4.51,5.79,1.2800000000000002,5.505,-0.03294104560622917,0.0,1.0,0
4.434333333333332,0.05457003654835587,4.35,4.54,0.1900000000000004,4.42,-0.003935483870967789,0.0,1.0,0
4.3839999999999995,0.03017725412735014,4.31,4.44,0.13000000000000078,4.39,-0.00033370411568413647,0.0,1.0,0
4.449333333333333,0.3740314900587323,4.11,5.5,1.3899999999999997,4.29,0.02682536151279189,0.0,1.0,0
4.651333333333333,0.4527083927749616,4.28,5.68,1.3999999999999995,4.42,-0.043350389321468404,0.0,1.0,0
4.398333333333334,0.1308455408317592,4.24,4.61,0.3700000000000001,4.355,0.010845383759732955,0.0,1.0,0
4.575333333333334,0.1788059158852288,4.33,5.22,0.8899999999999997,4.51,0.01210678531701878,0.0,1.0,0
5.602333333333333,0.279507702139951,5.25,6.09,0.8399999999999999,5.550000000000001,-0.017368186874304962,0.0,0.9333333333333333,0
5.250333333333333,0.13085573056699587,4.98,5.43,0.4499999999999993,5.279999999999999,-0.010017797552836655,0.0,1.0,0
4.841,0.19100349036950431,4.67,5.33,0.6600000000000001,4.76,0.009808676307007635,0.0,1.0,0
5.230666666666666,0.12277169416803235,5.05,5.51,0.45999999999999996,5.25,-0.013014460511679805,0.0,1.0,0
5.3853333333333335,0.36781094177428825,4.96,5.92,0.96,5.33,0.03814015572858726,0.0,1.0,0
5.410666666666667,0.13450980963814085,5.18,5.63,0.4500000000000002,5.36,-0.015190211345939945,0.0,1.0,0
5.429999999999999,0.5189219594505516,4.87,6.29,1.42,5.16,0.04898331479421565,0.0,0.7333333333333333,0
6.009,0.1558278965183492,5.77,6.27,0.5,6.01,-0.017795328142380468,0.0,0.4666666666666667,0
5.651999999999999,0.21033940825881065,5.16,6.07,0.9100000000000001,5.75,-0.003888765294772078,0.0,0.9666666666666667,0
6.168999999999999,0.12544188561507938,5.89,6.42,0.5300000000000002,6.165,-0.002097886540600813,0.0,0.03333333333333333,0
6.098999999999999,0.2540780719910057,5.7,6.58,0.8799999999999999,6.115,0.020140155728587246,0.0,0.36666666666666664,0
6.274666666666667,0.11191465001906094,6.1,6.51,0.41000000000000014,6.23,0.00890322580645145,0.0,0.0,0
6.364,0.11726323663734799,6.2,6.66,0.45999999999999996,6.37,0.007964404894326848,0.0,0.0,0
6.442333333333334,0.12518475235515794,6.22,6.71,0.4900000000000002,6.465,-0.00218687430478317,0.0,0.0,0
6.460666666666666,0.14207822571464718,6.23,6.73,0.5,6.465,-0.00793770856507249,0.0,0.0,0
6.439000000000001,0.11461093606923668,6.25,6.77,0.5199999999999996,6.41,0.0007675194660732565,0.0,0.0,0
6.348999999999998,0.12340583454602144,6.09,6.62,0.5300000000000002,6.37,0.004055617352613819,0.0,0.0,0
5.411999999999998,0.471525184905324,5.05,6.58,1.5300000000000002,5.145,-0.04549499443826483,0.0,0.8,0
5.911333333333333,0.45053844329744935,5.09,6.44,1.3500000000000005,6.050000000000001,0.027737486095661675,0.0,0.4,0
5.984,0.21446988910645098,5.74,6.45,0.71,5.88,0.010109010011123373,0.0,0.7,0
5.678,0.4562265519088808,4.42,6.09,1.67,5.83,-0.040529477196885585,0.0,0.8333333333333334,0
5.856000000000001,0.3027606315226602,4.76,6.38,1.62,5.83,0.007977753058954238,0.0,0.7333333333333333,0
6.5,0.6526305744191477,5.74,7.45,1.71,6.26,0.07035372636262495,0.4,0.4,0
6.862666666666666,0.3701975448624993,6.48,7.53,1.0499999999999998,6.6899999999999995,-0.034211345939933344,0.3,0.0,0
6.820333333333333,0.07859106536722577,6.58,6.96,0.3799999999999999,6.83,-0.0026095661846498174,0.0,0.0,0
6.416333333333332,0.2935470812133701,5.88,6.84,0.96,6.51,-0.03273192436040054,0.0,0.13333333333333333,0
5.689333333333334,0.13527584986077726,5.44,5.94,0.5,5.65,-0.014500556173526247,0.0,1.0,0
5.502666666666666,0.18484107287673435,5.07,5.92,0.8499999999999996,5.49,0.009979977753058807,0.0,1.0,0
6.334999999999998,0.18512608316135976,5.97,6.51,0.54,6.43,0.019210233592880776,0.0,0.06666666666666667,0
6.477999999999998,0.026507860469427984,6.4,6.51,0.10999999999999943,6.48,-0.000849833147942245,0.0,0.0,0
6.442333333333332,0.024722908854384874,6.38,6.48,0.10000000000000053,6.45,-0.0003537263626252407,0.0,0.0,0
6.443333333333333,0.1197590172898151,6.14,6.6,0.45999999999999996,6.47,0.0036929922135705237,0.0,0.0,0
6.5443333333333324,0.027650597743187344,6.48,6.58,0.09999999999999964,6.55,-0.0019911012235818465,0.0,0.0,0
6.5443333333333324,0.031377628265303166,6.48,6.6,0.11999999999999922,6.55,0.002142380422691742,0.0,0.0,0
6.545666666666666,0.1993436452182233,5.97,6.73,0.7600000000000007,6.58,0.008447163515016539,0.0,0.03333333333333333,0
6.444666666666666,0.10531645434382768,6.23,6.77,0.5399999999999991,6.44,-0.0028120133481646247,0.0,0.0,0
6.527666666666668,0.03955446315595194,6.44,6.58,0.13999999999999968,6.53,0.003001112347052119,0.0,0.0,0
6.578666666666667,0.021249836600678872,6.53,6.62,0.08999999999999986,6.58,0.0008809788654057837,0.0,0.0,0
6.5536666666666665,0.02880779215575002,6.47,6.6,0.1299999999999999,6.5600000000000005,-0.001136818687430766,0.0,0.0,0
6.66333333333333,0.08564785785736584,6.5,6.77,0.2699999999999996,6.66,0.0008898776418241847,0.0,0.0,0
6.596666666666666,0.04592264026478528,6.48,6.66,0.17999999999999972,6.609999999999999,-0.002669632925472746,0.0,0.0,0
6.470333333333332,0.06814119328440195,6.29,6.57,0.28000000000000025,6.48,-0.006351501668520797,0.0,0.0,0
6.383333333333331,0.08327998292240202,6.18,6.47,0.29000000000000004,6.42,0.006727474972191137,0.0,0.0,0
6.257,0.32813767435839086,5.12,6.51,1.3899999999999997,6.38,-0.01585984427141275,0.0,0.13333333333333333,0
6.428333333333332,0.04967114073808073,6.3,6.51,0.20999999999999996,6.43,0.00423804226918783,0.0,0.0,0
5.748000000000001,1.1195010793503803,4.13,6.93,2.8,6.4,-0.1060378197997777,0.0,0.4,0
4.499666666666667,0.2363258108816911,4.11,4.83,0.7199999999999998,4.495,0.026854282536151224,0.0,1.0,0
5.0873333333333335,0.2547931623014157,4.83,6.14,1.3099999999999996,5.03,0.02254060066740808,0.0,0.9666666666666667,0
5.167666666666666,0.8100233878653683,4.28,6.48,2.2,4.789999999999999,-0.08507897664071204,0.0,0.7,0
3.9443333333333332,0.5475258492122135,2.78,4.56,1.7799999999999998,3.9899999999999998,-0.03744827586206907,0.0,1.0,0
6.177333333333335,0.3273319755572655,4.72,6.44,1.7200000000000006,6.295,0.025045606229143272,0.0,0.26666666666666666,0
6.734333333333334,0.32371472351782554,6.07,7.23,1.1600000000000001,6.890000000000001,0.028945494994438017,0.1,0.0,0
6.913333333333332,0.12474863615375609,6.7,7.21,0.5099999999999998,6.88,0.0028209121245827183,0.23333333333333334,0.0,0
7.148333333333335,0.25517423241559656,6.86,7.68,0.8199999999999994,6.99,0.01792880978865383,0.5,0.0,0
6.9593333333333325,0.05131168374638358,6.88,7.06,0.17999999999999972,6.96,-0.0006629588431592069,0.26666666666666666,0.0,0
7.550333333333334,0.3988523814924793,6.51,7.95,1.4400000000000004,7.725,0.03925917686318117,0.8333333333333334,0.0,0
7.511333333333334,0.3612730577032036,6.93,7.98,1.0500000000000007,7.465,-0.03319688542825385,0.9333333333333333,0.0,0
7.099333333333334,0.2029931580675127,6.53,7.42,0.8899999999999997,7.1,0.00259399332591751,0.6333333333333333,0.0,0
7.104333333333333,0.10118245346347793,6.91,7.3,0.3899999999999997,7.08,0.0013859844271410353,0.8666666666666667,0.0,0
7.007000000000001,0.053860932037980966,6.88,7.09,0.20999999999999996,7.03,-0.004522803114571933,0.6666666666666666,0.0,0
7.007666666666667,0.25766494177947885,6.55,7.47,0.9199999999999999,6.955,0.005119021134593844,0.43333333333333335,0.0,0
6.628333333333332,0.2843950694993771,6.14,7.07,0.9300000000000006,6.54,-0.008709677419354928,0.2,0.0,0
7.404333333333332,0.5543084780958062,6.1,7.97,1.87,7.61,0.058342602892102295,0.7333333333333333,0.0,0
7.823666666666668,0.28343703984404633,7.23,8.11,0.879999999999999,7.91,-0.018965517241379574,1.0,0.0,0
7.467666666666667,0.24388089078254757,7.09,7.84,0.75,7.5,-0.011597330367074788,1.0,0.0,0
7.359333333333334,0.1975505561172183,6.96,7.68,0.7199999999999998,7.32,0.011817575083425976,0.9666666666666667,0.0,0
7.409333333333334,0.3403325171390801,6.51,7.77,1.2599999999999998,7.535,-0.0019621802002227256,0.8666666666666667,0.0,0
7.510666666666667,0.3014734187656056,6.6,7.97,1.37,7.545,0.005526140155728453,0.9333333333333333,0.0,0
7.501,0.33974843634665935,6.97,7.95,0.9800000000000004,7.54,-0.02517241379310365,0.9666666666666667,0.0,0
7.1016666666666675,0.17500634909117502,6.91,7.52,0.6099999999999994,7.035,0.0038375973303670123,0.6666666666666666,0.0,0
6.973333333333334,0.36457585706620177,6.48,7.75,1.2699999999999996,6.895,-0.03349944382647391,0.36666666666666664,0.0,0
6.783333333333333,0.13695092389449418,6.57,7.04,0.46999999999999975,6.76,0.011550611790878598,0.1,0.0,0
7.038666666666668,0.06960523607379614,6.88,7.23,0.35000000000000053,7.03,-0.0008943270300334811,0.7333333333333333,0.0,0
6.971000000000001,0.077732447107584,6.79,7.23,0.4400000000000004,6.97,-0.0019822024471635225,0.3333333333333333,0.0,0
6.842,0.12253978945632311,6.57,7.04,0.46999999999999975,6.86,-0.009984427141268199,0.06666666666666667,0.0,0
6.601,0.12440123257695908,6.45,6.93,0.47999999999999954,6.55,-0.008794215795328296,0.0,0.0,0
6.593666666666666,0.08927423418259542,6.5,6.91,0.41000000000000014,6.58,-0.002186874304783247,0.0,0.0,0
6.714000000000001,0.14693762849136596,6.5,7.01,0.5099999999999998,6.77,0.01026028921023344,0.03333333333333333,0.0,0
6.942333333333334,0.2818236249067057,6.51,7.78,1.2700000000000005,6.86,0.016856507230255634,0.3,0.0,0
7.573666666666667,0.2037233963545234,7.01,7.78,0.7700000000000005,7.675,0.0026763070077861916,1.0,0.0,0
7.1756666666666655,0.11548977828746966,6.9,7.38,0.47999999999999954,7.14,0.003005561735261262,0.9333333333333333,0.0,0
6.932666666666667,0.1357923250981276,6.64,7.21,0.5700000000000003,6.96,0.0014505005561733755,0.23333333333333334,0.0,0
6.952,0.06446704584514483,6.79,7.06,0.2699999999999996,6.96,-0.0002669632925473399,0.2,0.0,0
7.063999999999998,0.04484045792213391,6.97,7.14,0.16999999999999993,7.06,0.00197552836484977,0.9333333333333333,0.0,0
7.075999999999999,0.18946591602009416,6.6,7.36,0.7600000000000007,7.095,-0.006304783092324874,0.6666666666666666,0.0,0
7.052999999999999,0.07253275122315433,6.91,7.21,0.2999999999999998,7.06,0.0005850945494993612,0.7666666666666667,0.0,0
7.019333333333333,0.05650565360111228,6.93,7.12,0.1900000000000004,7.01,-0.0036173526140157487,0.6666666666666666,0.0,0
6.979333333333332,0.11781152556331463,6.53,7.14,0.6099999999999994,7.01,-0.0012191323692992936,0.6,0.0,0
7.080333333333333,0.033214789209359996,6.99,7.14,0.14999999999999947,7.09,0.002484983314793972,0.9666666666666667,0.0,0
7.154999999999999,0.04232808366400106,7.03,7.23,0.20000000000000018,7.16,-0.0019065628476085939,1.0,0.0,0
6.926666666666667,0.3488011213029886,6.27,7.36,1.0900000000000007,6.905,0.026954393770856323,0.4666666666666667,0.0,0
7.1896666666666675,0.3823827343847464,6.53,7.75,1.2199999999999998,7.24,0.04077641824249146,0.6666666666666666,0.0,0
7.461333333333334,0.45313525084190437,6.57,7.9,1.33,7.74,-0.03573748609566199,0.8,0.0,0
7.763999999999999,0.3130559055504304,7.09,8.08,0.9900000000000002,7.895,0.03252057842046698,1.0,0.0,0
7.752,0.44892761109114215,6.53,8.08,1.5499999999999998,8.01,-0.039835372636262745,0.9,0.0,0
7.236999999999999,0.352232404339332,6.48,7.78,1.2999999999999998,7.19,-0.008291434927697655,0.7333333333333333,0.0,0
7.248,0.15503547981026797,6.93,7.6,0.6699999999999999,7.23,-0.004840934371524032,0.9333333333333333,0.0,0
6.8676666666666675,0.47986583773198754,5.86,7.73,1.87,6.905,-0.03980200222469421,0.26666666666666666,0.03333333333333333,0
6.217333333333333,0.5927558987943988,4.54,6.94,2.4000000000000004,6.41,0.024133481646273526,0.0,0.2,0
7.089333333333332,0.29820500033068226,6.45,7.65,1.2000000000000002,7.105,0.020493882091212296,0.7333333333333333,0.0,0
6.9113333333333316,0.19458902561267144,6.57,7.21,0.6399999999999997,6.965,-0.003586206896551864,0.4,0.0,0
7.022666666666666,0.23555513626797075,6.51,7.45,0.9400000000000004,7.08,0.016560622914349135,0.7333333333333333,0.0,0
7.014666666666666,0.24143644206199608,6.55,7.49,0.9400000000000004,7.0649999999999995,-0.011532814238042411,0.7,0.0,0
6.765666666666667,0.23198682912805396,6.48,7.23,0.75,6.635,-0.008562847608454022,0.26666666666666666,0.0,0
7.034,0.16322989922192563,6.68,7.29,0.6100000000000003,7.0649999999999995,-0.006331479421579654,0.7,0.0,0
6.689666666666666,0.19156345046891257,6.36,7.1,0.7399999999999993,6.6899999999999995,0.010222469410455997,0.06666666666666667,0.0,0
6.1423333333333305,0.3922472292940881,5.5,6.9,1.4000000000000004,6.0,-0.006854282536151362,0.0,0.5,0
5.643999999999999,0.16189708665280747,5.38,6.05,0.6699999999999999,5.59,-0.007968854282536375,0.0,0.9333333333333333,0
5.736333333333334,0.20090600344992735,5.4,6.03,0.6299999999999999,5.775,-0.0007052280311458332,0.0,0.9333333333333333,0
5.501000000000001,0.08316048741239247,5.31,5.63,0.3200000000000003,5.51,-0.005065628476084668,0.0,1.0,0
5.685,0.3201640204645112,5.15,6.18,1.0299999999999994,5.765,0.02244493882091197,0.0,0.8333333333333334,0
5.963666666666667,0.1939670647873557,5.64,6.38,0.7400000000000002,5.9,0.0056395995550611346,0.0,0.6,0
5.5939999999999985,0.3936377353184864,5.07,6.32,1.25,5.38,-0.03149276974416026,0.0,0.8,0
5.668333333333334,0.28471135480615367,5.1,6.18,1.08,5.635,-0.025038932146829847,0.0,0.8333333333333334,0
5.159333333333333,0.11445328984155746,4.97,5.4,0.4300000000000006,5.140000000000001,0.0009655172413791516,0.0,1.0,0
6.179999999999999,0.6061462969723839,4.98,6.75,1.7699999999999996,6.425000000000001,0.05208008898776407,0.0,0.26666666666666666,0
6.109,0.11936917525056456,5.83,6.32,0.4900000000000002,6.12,-0.0035216907675196777,0.0,0.13333333333333333,0
6.212999999999999,0.11567627241573789,5.96,6.38,0.41999999999999993,6.23,-0.0003448275862069935,0.0,0.03333333333333333,0
6.051333333333334,0.11993702051030317,5.84,6.3,0.45999999999999996,6.04,-0.003283648498331612,0.0,0.36666666666666664,0
6.258333333333332,0.10542243067245656,6.05,6.57,0.5200000000000005,6.27,-0.007259176863181399,0.0,0.0,0
5.117999999999999,0.27534705373401025,4.87,5.96,1.0899999999999999,5.0,-0.005428253615127964,0.0,1.0,0
6.118,0.2902229028407878,5.57,6.47,0.8999999999999995,6.26,0.030843159065628286,0.0,0.36666666666666664,0
6.188666666666668,0.29353856456842076,5.71,6.78,1.0700000000000003,6.199999999999999,-0.019488320355951164,0.0,0.3,0
5.942666666666667,0.10285696649014868,5.77,6.16,0.39000000000000057,5.92,-0.0063804226918799944,0.0,0.7333333333333333,0
6.428999999999999,0.20159943782990394,5.9,6.81,0.9099999999999993,6.45,0.013096774193548313,0.0,0.03333333333333333,0
6.808666666666669,0.1347771823747955,6.53,7.06,0.5299999999999994,6.8100000000000005,0.0032035595105671185,0.06666666666666667,0.0,0
6.305666666666665,0.24915434752154914,5.76,6.73,0.9700000000000006,6.325,-0.010832035595105797,0.0,0.13333333333333333,0
6.309,0.15164322163112567,5.77,6.57,0.8000000000000007,6.32,-0.011948832035595304,0.0,0.03333333333333333,0
6.157,0.13986064492915792,5.86,6.4,0.54,6.16,0.006880978865405873,0.0,0.13333333333333333,0
6.1,0.13846780612594878,5.89,6.42,0.5300000000000002,6.07,0.007457174638486987,0.0,0.23333333333333334,0
6.733666666666666,0.5317861934608266,6.05,7.52,1.4699999999999998,6.545,0.022947719688542728,0.36666666666666664,0.0,0
6.319999999999999,0.4278239513320091,5.4,6.91,1.5099999999999998,6.49,-0.043755283648498594,0.0,0.2,0
5.355666666666667,0.1022964102769768,5.18,5.55,0.3700000000000001,5.355,-0.0073837597330368415,0.0,1.0,0
4.996666666666668,0.17451520150277908,4.64,5.23,0.5900000000000007,4.96,-0.018447163515016855,0.0,1.0,0
4.881333333333333,0.09576823876189625,4.7,5.1,0.39999999999999947,4.885,0.0017041156840933063,0.0,1.0,0
4.890666666666666,0.11281055900146152,4.69,5.15,0.45999999999999996,4.89,-0.006936596218020196,0.0,1.0,0
5.084999999999999,0.21478283606160598,4.76,5.66,0.9000000000000004,5.025,0.013937708565072272,0.0,1.0,0
5.776000000000001,0.2864565121154228,5.13,6.18,1.0499999999999998,5.83,0.022834260289210068,0.0,0.7333333333333333,0
5.848333333333334,0.042196629670573915,5.77,5.97,0.20000000000000018,5.84,0.0034416017797551644,0.0,1.0,0
6.107000000000002,0.3983227334712394,5.74,6.97,1.2299999999999995,5.91,0.03606896551724125,0.0,0.6,0
6.371666666666667,0.19529607153129205,5.92,7.09,1.17,6.365,-0.009715239154616365,0.03333333333333333,0.03333333333333333,0
6.160000000000001,0.19045559412454477,5.79,6.47,0.6799999999999997,6.25,-0.01837152391546185,0.0,0.3,0
6.092666666666668,0.08944023454550837,5.9,6.33,0.4299999999999997,6.08,0.001143492769744096,0.0,0.16666666666666666,0
5.955333333333333,0.34038931958698243,5.53,6.64,1.1099999999999994,5.835,0.018482758620689554,0.0,0.6666666666666666,0
6.258333333333334,0.18448276041107173,5.86,6.66,0.7999999999999998,6.27,-0.0013014460511681283,0.0,0.06666666666666667,0
6.432999999999999,0.4355773945772057,5.72,6.99,1.2700000000000005,6.63,0.039592880978865284,0.0,0.3,0
6.520666666666665,0.16130578277159055,6.29,7.03,0.7400000000000002,6.49,-0.006042269187986792,0.03333333333333333,0.0,0
6.371333333333333,0.12328107000761389,6.16,6.63,0.46999999999999975,6.355,-0.006304783092324989,0.0,0.0,0
6.188333333333333,0.1594591553414925,5.96,6.48,0.5200000000000005,6.16,0.009835372636262376,0.0,0.06666666666666667,0
6.285666666666667,0.13742108846736575,6.01,6.55,0.54,6.295,-4.2269187986741535e-05,0.0,0.0,0
6.3020000000000005,0.11007270324653619,6.1,6.5,0.40000000000000036,6.32,0.005708565072302349,0.0,0.0,0
6.619666666666666,0.2881027980117899,6.18,7.38,1.2000000000000002,6.53,0.016954393770856353,0.1,0.0,0
7.747666666666666,0.1344292461565646,7.27,7.88,0.6100000000000003,7.78,0.010894327030033105,1.0,0.0,0
6.723666666666667,0.6665207340277486,6.12,7.82,1.7000000000000002,6.3100000000000005,-0.06780645161290348,0.26666666666666666,0.0,0
6.304666666666664,0.08444853791247997,6.1,6.48,0.3800000000000008,6.3100000000000005,0.0035016685205781894,0.0,0.0,0
6.377999999999999,0.13702554506368514,6.1,6.63,0.5300000000000002,6.4,-0.004186874304783187,0.0,0.0,0
7.023999999999998,0.48567890627450566,6.29,7.71,1.42,6.92,0.043670745272524784,0.5,0.0,0
7.601333333333334,0.3198930376790899,6.47,7.8,1.33,7.73,-0.02098331479421597,0.9333333333333333,0.0,0
6.691333333333333,0.2869115233346723,6.2,7.23,1.0300000000000002,6.575,-0.02806674082313692,0.2,0.0,0
6.655,0.1678838884467476,6.4,6.99,0.5899999999999999,6.640000000000001,0.008714126807563725,0.0,0.0,0
6.546333333333332,0.12009672028087283,6.35,6.83,0.4800000000000004,6.51,-0.006231368186874363,0.0,0.0,0
6.554333333333334,0.08179989133380443,6.33,6.68,0.34999999999999964,6.55,0.004869855394883037,0.0,0.0,0
6.603,0.06089061230326608,6.47,6.7,0.23000000000000043,6.62,0.004220244716351374,0.0,0.0,0
6.477666666666666,0.1226834227686129,6.32,6.88,0.5599999999999996,6.44,-0.008843159065628598,0.0,0.0,0
6.137333333333333,0.2377804776586077,5.76,6.48,0.7200000000000006,6.05,-0.025526140155728815,0.0,0.36666666666666664,0
5.969666666666667,0.1072530755839767,5.71,6.14,0.4299999999999997,6.0,-0.007143492769744301,0.0,0.5,0
5.831666666666667,0.1864597066988529,5.51,6.16,0.6500000000000004,5.89,-0.017639599555061218,0.0,0.7333333333333333,0
5.424333333333335,0.16361913770162165,5.0,5.79,0.79,5.42,-0.008028921023359342,0.0,1.0,0
5.354333333333335,0.10607177863231217,5.05,5.55,0.5,5.36,-0.005706340378198123,0.0,1.0,0
5.550666666666668,0.5151759138607144,4.98,6.45,1.4699999999999998,5.21,0.04958398220244705,0.0,0.6666666666666666,0
6.576333333333333,0.35224502204510366,5.88,7.17,1.29,6.550000000000001,0.024469410456062195,0.2,0.03333333333333333,0
6.992666666666666,0.18948937231998586,6.01,7.1,1.0899999999999999,7.035,-0.00795105672969988,0.7666666666666667,0.0,0
6.224666666666665,0.11212294838950482,5.99,6.55,0.5599999999999996,6.22,-0.0028476084538376907,0.0,0.03333333333333333,0
6.157,0.057570246945217576,6.01,6.3,0.29000000000000004,6.16,-0.0003003337041158726,0.0,0.0,0
6.414333333333334,0.2778690738859262,6.03,7.03,1.0,6.355,0.008100111234705167,0.03333333333333333,0.0,0
6.466999999999998,0.08474078120952151,6.29,6.63,0.33999999999999986,6.48,9.121245828685159e-05,0.0,0.0,0
6.261666666666667,0.08877249323723856,6.03,6.4,0.3700000000000001,6.27,-0.003904338153504001,0.0,0.0,0
6.364666666666665,0.10065562853390547,6.12,6.51,0.3899999999999997,6.38,0.004066740823136677,0.0,0.0,0
6.417999999999998,0.06680319353643716,6.22,6.53,0.3100000000000005,6.43,-0.0021668520578422197,0.0,0.0,0
6.377333333333332,0.0874426796377045,6.2,6.55,0.34999999999999964,6.390000000000001,-0.0015572858731925728,0.0,0.0,0
6.320333333333334,0.09867398621498764,6.12,6.48,0.3600000000000003,6.32,0.003459399332591486,0.0,0.0,0
6.315333333333333,0.07074523933727915,6.2,6.44,0.2400000000000002,6.29,-0.0058286985539489355,0.0,0.0,0
6.495666666666668,0.26128762355347446,6.17,6.96,0.79,6.37,0.026769744160177838,0.0,0.0,0
6.769000000000001,0.17076982559378964,6.47,7.14,0.6699999999999999,6.76,-0.013078976640712088,0.06666666666666667,0.0,0
6.776000000000001,0.28646814831670203,6.4,7.51,1.1099999999999994,6.76,0.02266963292547257,0.16666666666666666,0.0,0
6.549999999999998,0.28066587489991257,6.17,6.94,0.7700000000000005,6.535,-0.029917686318131496,0.0,0.0,0
6.1916666666666655,0.08326997591502525,5.97,6.38,0.41000000000000014,6.18,-0.0029610678531704097,0.0,0.03333333333333333,0
6.454999999999999,0.468769666254121,5.99,7.6,1.6099999999999994,6.32,0.044371523915461474,0.16666666666666666,0.1,0
7.623666666666666,0.32990385804891037,6.83,7.93,1.0999999999999996,7.8100000000000005,-0.023477196885428417,0.9333333333333333,0.0,0
7.166666666666667,0.27518882406247697,6.79,7.65,0.8600000000000003,7.07,-0.022100111234705438,0.5666666666666667,0.0,0
6.941333333333334,0.3251331351239914,6.25,7.45,1.2000000000000002,6.995,-0.015363737486095824,0.5,0.0,0
6.304333333333332,0.08114527438831891,6.2,6.48,0.28000000000000025,6.29,-0.002533926585094658,0.0,0.0,0
6.377666666666666,0.09145794419051605,6.22,6.63,0.41000000000000014,6.37,-4.226918798666471e-05,0.0,0.0,0
6.195666666666666,0.07526324172898462,6.03,6.36,0.33000000000000007,6.2,-0.00574193548387115,0.0,0.0,0
6.188666666666666,0.11887621947031937,6.03,6.47,0.4399999999999995,6.16,0.009308120133481526,0.0,0.0,0
6.044,0.17816845961056066,5.7,6.45,0.75,5.99,-0.015942157953281546,0.0,0.5333333333333333,0
6.445666666666667,0.5466301817093121,5.84,7.32,1.4800000000000004,6.2,-0.0048743047830923725,0.26666666666666666,0.26666666666666666,0
5.807333333333334,0.030324174441451086,5.74,5.84,0.09999999999999964,5.81,0.002295884315906497,0.0,1.0,0
6.134000000000001,0.14595889832415143,5.79,6.38,0.5899999999999999,6.15,0.0034215795328140794,0.0,0.13333333333333333,0
6.4656666666666665,0.19670084448782169,6.12,6.81,0.6899999999999995,6.43,0.009248053392658367,0.0,0.0,0
6.181333333333334,0.17760880859036488,5.96,6.77,0.8099999999999996,6.109999999999999,-0.010380422691879913,0.0,0.06666666666666667,0
6.097666666666667,0.08098079333328909,5.92,6.29,0.3700000000000001,6.09,0.0015194660734147436,0.0,0.06666666666666667,0
6.264,0.1314432703995656,5.9,6.47,0.5699999999999994,6.3,0.007341490545049888,0.0,0.03333333333333333,0
6.253333333333333,0.05198290317231446,6.12,6.32,0.20000000000000018,6.26,-0.0013392658509456888,0.0,0.0,0
6.364666666666666,0.11528900882371902,6.14,6.63,0.4900000000000002,6.34,-0.0033236929922137825,0.0,0.0,0
6.336333333333333,0.09112201831732125,6.2,6.66,0.45999999999999996,6.32,-0.0024938820912125265,0.0,0.0,0
6.1836666666666655,0.11235311398542637,5.94,6.36,0.41999999999999993,6.1899999999999995,-0.008954393770856632,0.0,0.06666666666666667,0
6.034333333333333,0.0904685335105834,5.79,6.25,0.45999999999999996,6.03,0.0031790878754169097,0.0,0.36666666666666664,0
6.132999999999999,0.12928392527044236,5.71,6.35,0.6399999999999997,6.17,0.0002869855394882137,0.0,0.13333333333333333,0
6.6416666666666675,0.5927005052207133,5.7,7.36,1.6600000000000001,6.555,0.057550611790878566,0.4666666666666667,0.16666666666666666,0
7.265,0.12205872903374564,6.86,7.38,0.5199999999999996,7.3100000000000005,-0.011392658509455103,0.9666666666666667,0.0,0
5.95,0.21132912719263283,5.71,6.64,0.9299999999999997,5.965,0.008071190211345777,0.0,0.6,0
5.848333333333332,0.09674996411139167,5.59,6.05,0.45999999999999996,5.85,-0.009555061179087993,0.0,0.9333333333333333,0
6.325999999999998,0.19603741139554634,6.03,6.91,0.8799999999999999,6.335,-0.010674082313682033,0.0,0.0,0
6.195999999999999,0.050305731946436005,6.09,6.29,0.20000000000000018,6.2,0.002767519466073235,0.0,0.0,0
6.234333333333333,0.13378299177731412,5.96,6.5,0.54,6.25,-0.0046073414905453015,0.0,0.03333333333333333,0
6.285666666666668,0.12205690840296139,6.03,6.53,0.5,6.29,-0.004682981090100345,0.0,0.0,0
6.389333333333334,0.6116367840111936,5.7,7.7,2.0,6.095,0.05438487208008889,0.2,0.3333333333333333,0
7.201666666666666,0.1544686232072894,6.83,7.36,0.5300000000000002,7.29,0.015512791991101109,0.8,0.0,0
7.133333333333332,0.29803057263009486,6.25,7.49,1.2400000000000002,7.26,0.00283426028921007,0.7666666666666667,0.0,0
6.776666666666666,0.3549585265288827,6.2,7.55,1.3499999999999996,6.645,-0.026972191323693086,0.26666666666666666,0.0,0
6.405666666666667,0.08040245988497831,6.29,6.6,0.3099999999999996,6.38,-0.006137931034482825,0.0,0.0,0
6.232999999999999,0.05739628327107368,6.09,6.35,0.2599999999999998,6.23,-0.0008253615127921132,0.0,0.0,0
6.198333333333334,0.08485608732174472,5.89,6.32,0.4300000000000006,6.21,0.001341490545049876,0.0,0.03333333333333333,0
6.201999999999999,0.07147960081962781,6.05,6.35,0.2999999999999998,6.21,-0.003403781979977854,0.0,0.0,0
6.372666666666666,0.15246711849517658,6.03,6.63,0.5999999999999996,6.37,0.008814238042269017,0.0,0.0,0
6.179333333333333,0.079537552277036,5.96,6.36,0.40000000000000036,6.165,-0.0009610678531703545,0.0,0.03333333333333333,0
6.255333333333334,0.10401068321197698,6.07,6.44,0.3700000000000001,6.26,0.007897664071189898,0.0,0.0,0
6.213666666666666,0.05480166258629594,6.1,6.32,0.22000000000000064,6.22,-0.0034905450500557545,0.0,0.0,0
6.445333333333333,0.21040806913128482,6.16,6.86,0.7000000000000002,6.355,0.019991101223581654,0.0,0.0,0
6.580666666666667,0.07597952940686642,6.38,6.77,0.3899999999999997,6.58,-0.002918798665183745,0.0,0.0,0
6.6676666666666655,0.12189294027501711,6.38,6.84,0.45999999999999996,6.68,0.00626251390433794,0.0,0.0,0
6.5329999999999995,0.10939683115459356,6.23,6.73,0.5,6.55,0.005176863181312393,0.0,0.0,0
6.389666666666667,0.07569602954507516,6.23,6.51,0.27999999999999936,6.38,-0.004104560622914583,0.0,0.0,0
6.409,0.1045099676266974,6.23,6.58,0.34999999999999964,6.41,-0.004211345939933434,0.0,0.0,0
6.451,0.08923190759662895,6.2,6.63,0.4299999999999997,6.445,-0.0007452725250280033,0.0,0.0,0
6.621666666666667,0.11399074036468436,6.35,6.88,0.5300000000000002,6.62,-0.005501668520578667,0.0,0.0,0
6.814333333333332,0.07392263222826659,6.64,6.97,0.33000000000000007,6.83,0.0029432703003335696,0.0,0.0,0
6.759333333333333,0.07465178423111453,6.63,6.96,0.33000000000000007,6.75,0.002914349276974141,0.0,0.0,0
6.872666666666668,0.2613418365963543,6.5,7.51,1.0099999999999998,6.83,-0.01819354838709698,0.2,0.0,0
6.479666666666665,0.16271618098872515,6.22,6.79,0.5700000000000003,6.46,-0.0140756395995552,0.0,0.0,0
6.448666666666667,0.11491252711906087,6.27,6.7,0.4300000000000006,6.44,-0.0037864293659622926,0.0,0.0,0
6.495666666666666,0.11551863726496928,6.33,6.71,0.3799999999999999,6.46,0.001047830923247948,0.0,0.0,0
6.725666666666667,0.34367313281986744,6.12,7.42,1.2999999999999998,6.675,-0.005145717463848816,0.23333333333333334,0.0,0
5.738666666666668,0.24907473220345377,5.38,6.16,0.7800000000000002,5.73,-0.01814015572858748,0.0,0.8333333333333334,0
5.526333333333333,0.13538792002571315,5.25,5.71,0.45999999999999996,5.5600000000000005,0.004718576195772969,0.0,1.0,0
5.496,0.18705792329293788,5.15,5.97,0.8199999999999994,5.4350000000000005,-0.01113681868743064,0.0,1.0,0
5.757000000000001,0.5175979778425208,5.05,6.7,1.6500000000000004,5.605,0.03960177975528351,0.0,0.7,0
5.771,0.521110033166381,5.16,6.73,1.5700000000000003,5.58,-0.04062068965517257,0.0,0.7333333333333333,0
5.406999999999999,0.13748090776540578,5.09,5.81,0.7199999999999998,5.390000000000001,-0.004073414905450583,0.0,1.0,0
5.576,0.23890862967530765,5.09,5.96,0.8700000000000001,5.66,0.022371523915461478,0.0,1.0,0
5.935000000000001,0.12357858498407673,5.66,6.16,0.5,5.96,0.0017552836484982374,0.0,0.7666666666666667,0
6.417666666666666,0.128573800683585,6.1,6.66,0.5600000000000005,6.445,0.003810901001112194,0.0,0.0,0
6.176999999999999,0.2103512934751452,5.92,6.55,0.6299999999999999,6.109999999999999,-0.018262513904338196,0.0,0.26666666666666666,0
6.497666666666666,0.11680991206038788,6.22,6.73,0.5100000000000007,6.46,-0.008153503893214804,0.0,0.0,0
6.426666666666666,0.02270584848790189,6.38,6.48,0.10000000000000053,6.42,-0.00019577308120143894,0.0,0.0,0
6.339,0.15906707180725158,6.07,6.58,0.5099999999999998,6.34,-0.0008431590656285692,0.0,0.0,0
6.259666666666666,0.10768730452358609,6.09,6.51,0.41999999999999993,6.24,0.006903225806451433,0.0,0.0,0
6.699666666666666,0.3394356427300404,6.22,7.23,1.0100000000000007,6.575,0.035779755283648386,0.3,0.0,0
7.188999999999998,0.17609372504436385,6.91,7.71,0.7999999999999998,7.16,0.006751946607341384,0.9,0.0,0
6.985333333333333,0.2407035982743553,6.36,7.23,0.8700000000000001,7.0649999999999995,-0.015555061179088274,0.6333333333333333,0.0,0
8.104333333333333,0.20865734803473587,7.38,8.31,0.9300000000000006,8.18,0.0176351501668519,1.0,0.0,0
6.966666666666668,0.8916401865226927,6.05,8.26,2.21,6.484999999999999,-0.08600222469410483,0.36666666666666664,0.0,0
7.332333333333333,0.44307774587411736,6.48,7.86,1.38,7.415,0.0027741935483868723,0.7,0.0,0
6.705999999999999,0.2863750454677688,6.22,7.6,1.38,6.64,0.005041156840934306,0.13333333333333333,0.0,0
7.014666666666667,0.21436313945162205,6.58,7.36,0.7800000000000002,6.945,-0.018362625139043524,0.43333333333333335,0.0,0
7.012666666666666,0.21783684006358728,6.75,7.6,0.8499999999999996,6.96,0.018785317018909904,0.3,0.0,0
7.020333333333332,0.0885995986948523,6.9,7.3,0.39999999999999947,7.01,-0.003241379310344986,0.5333333333333333,0.0,0
7.097333333333333,0.14149047867455805,6.84,7.29,0.4500000000000002,7.15,0.014318131256951947,0.6666666666666666,0.0,0
7.209666666666666,0.0858868765036636,6.99,7.42,0.4299999999999997,7.21,-0.0007408231368188222,0.9666666666666667,0.0,0
7.328666666666666,0.09017513823419153,7.16,7.52,0.35999999999999943,7.32,-0.004351501668520818,1.0,0.0,0
7.146000000000001,0.32277546375150645,6.7,7.98,1.2800000000000002,7.03,-0.005308120133481915,0.5333333333333333,0.0,0
7.182333333333333,0.4650927028262454,6.55,7.93,1.38,6.95,0.022427141268075514,0.43333333333333335,0.0,0
6.748333333333333,0.21619564185143875,6.2,6.97,0.7699999999999996,6.84,-0.014164627363737558,0.0,0.0,0
6.894666666666668,0.1828247491147981,6.4,7.14,0.7399999999999993,6.94,0.002616240266963032,0.4,0.0,0
6.942666666666667,0.14852459579327448,6.7,7.4,0.7000000000000002,6.93,0.0035995550611789473,0.16666666666666666,0.0,0
7.131000000000001,0.31227498565633893,6.77,7.8,1.0300000000000002,6.96,-0.022751946607341672,0.4666666666666667,0.0,0
6.880333333333334,0.12419026621366995,6.73,7.17,0.4399999999999995,6.835,-0.00879866518353744,0.2,0.0,0
6.699333333333333,0.04538232646698004,6.63,6.78,0.15000000000000036,6.7,-0.00023581757508368587,0.0,0.0,0
6.748666666666667,0.07931932649459128,6.64,7.03,0.39000000000000057,6.73,0.0030923248053391244,0.03333333333333333,0.0,0
6.801333333333334,0.1486098546156643,6.44,7.12,0.6799999999999997,6.83,0.007176863181312257,0.1,0.0,0
7.153666666666666,0.24826710526277052,6.7,7.64,0.9399999999999995,7.095,0.0012124582869854257,0.7333333333333333,0.0,0
6.721333333333333,0.2902497009281645,6.1,7.25,1.1500000000000004,6.64,-0.010322580645161556,0.2,0.0,0
6.347999999999999,0.6180690360577314,5.43,7.47,2.04,6.205,-0.06720800889877672,0.23333333333333334,0.36666666666666664,0
5.605333333333333,0.2740040551200332,5.05,6.29,1.2400000000000002,5.57,-0.015902113459399434,0.0,0.9,0
5.591333333333332,0.2115298770596932,5.2,6.03,0.8300000000000001,5.59,-0.007083426028921141,0.0,0.9666666666666667,0
5.573666666666668,0.21102106266647624,5.35,6.23,0.8800000000000008,5.48,-0.004896551724138124,0.0,0.9666666666666667,0
5.332666666666667,0.17526995052077693,4.77,5.76,0.9900000000000002,5.32,-0.011323692992213658,0.0,1.0,0
6.584666666666666,0.3502164410126337,5.57,7.23,1.6600000000000001,6.63,0.03321468298109006,0.1,0.03333333333333333,0
6.452999999999999,0.259398663579184,6.17,7.07,0.9000000000000004,6.35,0.02064293659621779,0.06666666666666667,0.0,0
6.448333333333334,0.2134804180455175,6.09,6.9,0.8100000000000005,6.42,-0.0035083426028922494,0.0,0.0,0
6.8196666666666665,0.11634670410267564,6.47,7.09,0.6200000000000001,6.83,0.004358175750834148,0.03333333333333333,0.0,0
6.491666666666666,0.5675742731621611,5.07,7.09,2.0199999999999996,6.720000000000001,-0.04467408231368209,0.16666666666666666,0.13333333333333333,0
4.985666666666668,0.7367617585684595,3.85,6.09,2.2399999999999998,5.225,0.06099443826473849,0.0,0.9333333333333333,0
6.518333333333333,0.2980948767683798,5.79,7.06,1.2699999999999996,6.46,0.020598442714126614,0.1,0.03333333333333333,0
7.040666666666667,0.33987187128223617,6.27,7.67,1.4000000000000004,7.04,0.030002224694104327,0.5666666666666667,0.0,0
7.051666666666666,0.31281606238952775,6.66,7.73,1.0700000000000003,6.94,-0.03181090100111254,0.4,0.0,0
6.576333333333333,0.0866980712331915,6.38,6.71,0.33000000000000007,6.58,-0.004567296996663131,0.0,0.0,0
6.263999999999999,0.2439754085968502,5.76,6.79,1.0300000000000002,6.27,-0.021325917686318124,0.0,0.16666666666666666,0
6.749666666666667,0.21254777240788844,6.03,6.97,0.9399999999999995,6.83,0.01775528364849818,0.0,0.0,0
6.537666666666666,0.2525692424311048,5.99,6.79,0.7999999999999998,6.635,-0.024273637374861066,0.0,0.03333333333333333,0
4.675000000000001,0.6065901966456981,4.08,6.03,1.9500000000000002,4.32,-0.06163070077864307,0.0,0.9666666666666667,0
3.9249999999999994,0.27078589328102,3.33,4.22,0.8899999999999997,3.99,-0.021314794215795418,0.0,1.0,0
4.179333333333333,0.5569615985166502,3.31,5.0,1.69,4.13,0.03152391546162391,0.0,1.0,0
3.792,0.33866797900008205,3.13,4.38,1.25,3.785,-0.015030033370411687,0.0,1.0,0
3.6,0.3279634125935392,3.09,4.28,1.1900000000000004,3.535,0.018416017797552836,0.0,1.0,0
4.557333333333333,0.596316098129917,3.31,5.35,2.0399999999999996,4.705,0.06079199110122355,0.0,1.0,0
5.446,1.109926724308111,3.39,6.71,3.32,5.82,-0.03830478309232486,0.0,0.6666666666666666,0
4.606666666666666,1.0581094251331264,3.37,6.1,2.7299999999999995,4.119999999999999,-0.11272969966629609,0.0,0.9666666666666667,0
4.405,0.7111575071670129,3.42,5.43,2.01,4.6899999999999995,0.07398220244716341,0.0,1.0,0
5.390666666666666,0.4746502806160435,4.07,5.86,1.79,5.57,-0.04767074527252526,0.0,1.0,0
4.9893333333333345,0.5326470584626267,4.08,5.64,1.5599999999999996,5.23,-0.050060066740823334,0.0,1.0,0
3.8666666666666667,0.1607344255458536,3.57,4.16,0.5900000000000003,3.9050000000000002,-0.016596218020022334,0.0,1.0,0
5.4,0.8924946311696594,3.59,6.29,2.7,5.96,0.06444048943270295,0.0,0.6,0
4.524,0.7303223032789473,3.42,5.55,2.13,4.44,-0.01212013348164638,0.0,1.0,0
3.5746666666666673,0.07144850515503375,3.44,3.76,0.31999999999999984,3.61,0.002478309232480469,0.0,1.0,0
4.769333333333334,0.7763544436803477,3.59,5.68,2.09,5.234999999999999,-0.01207119021134604,0.0,1.0,0
4.894333333333333,0.6180975291615034,3.7,6.1,2.3999999999999995,4.95,0.03656284760845376,0.0,0.9666666666666667,0
5.3536666666666655,0.20572608541996373,5.05,5.88,0.8300000000000001,5.31,0.012086763070077734,0.0,1.0,0
6.223333333333334,0.5135778638358766,5.2,6.81,1.6099999999999994,6.390000000000001,0.05359288097886527,0.0,0.36666666666666664,0
6.845666666666667,0.11990783497707268,6.62,7.01,0.3899999999999997,6.9,0.01088097886540583,0.03333333333333333,0.0,0
6.713666666666667,0.19589935057461413,6.17,6.97,0.7999999999999998,6.76,-0.011508342602892279,0.0,0.0,0
6.501,0.2549816986896641,5.92,6.97,1.0499999999999998,6.495,-0.014961067853170319,0.0,0.03333333333333333,0
6.1770000000000005,0.136897772078292,5.92,6.45,0.5300000000000002,6.165,-0.005105672969966877,0.0,0.06666666666666667,0
6.067333333333333,0.07047142841054253,5.96,6.29,0.33000000000000007,6.05,-0.003924360400445067,0.0,0.16666666666666666,0
5.882,0.1483554290659203,5.61,6.1,0.4899999999999993,5.885,-0.013744160177975712,0.0,0.7333333333333333,0
5.973333333333332,0.29579647657731745,5.46,6.42,0.96,6.07,0.0304382647385984,0.0,0.43333333333333335,0
5.776,0.3995964631141439,5.05,6.5,1.4500000000000002,5.66,-0.04223804226918823,0.0,0.6666666666666666,0
5.3696666666666655,0.8480034722151136,4.13,6.27,2.1399999999999997,5.755,-0.08605784204671872,0.0,0.6,0
5.5649999999999995,0.9338299274136236,3.96,6.45,2.49,6.115,0.08150611790878744,0.0,0.43333333333333335,0
5.364333333333334,0.597866670383586,4.15,6.29,2.1399999999999997,5.5600000000000005,-0.02637374860956628,0.0,0.9666666666666667,0
4.288333333333333,0.32222231800764867,3.87,5.16,1.29,4.25,-0.024180200222469507,0.0,1.0,0
4.565666666666667,0.21617405538644607,4.07,4.9,0.8300000000000001,4.6,0.011913236929921989,0.0,1.0,0
4.409666666666666,0.2853709087408098,4.02,4.87,0.8500000000000005,4.23,-0.027548387096774353,0.0,1.0,0
4.046333333333333,0.09924660643512649,3.9,4.2,0.30000000000000027,4.03,-0.006516129032258217,0.0,1.0,0
4.035333333333334,0.11386346599717098,3.76,4.16,0.40000000000000036,4.08,-0.006384872080089061,0.0,1.0,0
3.877333333333333,0.16639177330091243,3.62,4.13,0.5099999999999998,3.91,0.01208453837597324,0.0,1.0,0
5.581666666666666,0.758283514847111,3.93,6.45,2.52,5.865,-0.019641824249165864,0.0,0.5666666666666667,0
4.783666666666667,0.7094997455171416,3.98,5.86,1.8800000000000003,4.37,-0.06808676307007798,0.0,1.0,0
4.195,0.06114191143015841,4.08,4.33,0.25,4.21,-0.0025917686318131885,0.0,1.0,0
4.166666666666667,0.05008881001669813,4.0,4.22,0.21999999999999975,4.18,-0.000151279199110222,0.0,1.0,0
4.3933333333333335,0.2915742710795237,3.82,4.94,1.1200000000000006,4.345000000000001,0.007675194660734044,0.0,1.0,0
4.282666666666667,0.13713578024068784,4.0,4.66,0.6600000000000001,4.26,-0.012422691879866672,0.0,1.0,0
4.141,0.07951310164578752,3.98,4.26,0.2799999999999998,4.155,-0.00727252502780877,0.0,1.0,0
4.129333333333333,0.025289435651187492,4.09,4.2,0.11000000000000032,4.13,-0.0007830923248053908,0.0,1.0,0
4.1466666666666665,0.01374368541872558,4.11,4.16,0.04999999999999982,4.15,6.674082313673895e-05,0.0,1.0,0
4.360333333333333,0.31471133157581443,4.13,5.02,0.8899999999999997,4.2,0.028429365962180174,0.0,1.0,0
4.5666666666666655,0.5963742300118461,3.78,5.55,1.77,4.635,-0.05472747497219143,0.0,1.0,0
4.236666666666666,0.2791455215872578,3.72,4.59,0.8699999999999997,4.32,0.017125695216907603,0.0,1.0,0
4.294666666666667,0.1922105327209956,4.0,4.61,0.6100000000000003,4.295,0.017437152391546064,0.0,1.0,0
4.17,0.0747885909302571,4.07,4.36,0.29000000000000004,4.165,0.004596218020022156,0.0,1.0,0
5.363666666666665,0.4438128985156795,4.24,5.81,1.5699999999999994,5.49,0.03557953281423798,0.0,1.0,0
5.957333333333333,0.2864836625165366,5.0,6.29,1.29,6.01,0.018816462736373673,0.0,0.4666666666666667,0
4.406666666666667,1.0525503418944968,3.19,6.38,3.19,3.83,-0.09692992213570648,0.0,0.8333333333333334,0
5.186000000000001,0.6027083318930753,4.13,5.83,1.7000000000000002,5.42,0.06479199110122343,0.0,1.0,0
5.7686666666666655,0.30360866625019484,5.27,6.42,1.1500000000000004,5.66,0.02825361512791982,0.0,0.7666666666666667,0
6.347666666666666,0.2974971521805806,5.86,6.71,0.8499999999999996,6.45,0.027179087875416997,0.0,0.2,0
6.406333333333334,0.2803626619616496,5.68,6.7,1.0200000000000005,6.55,-0.022711902113459657,0.0,0.1,0
6.033333333333334,0.13196800959155044,5.86,6.36,0.5,5.965,-0.008195773081201584,0.0,0.6,0
6.257666666666666,0.2615553903520671,5.94,6.77,0.8299999999999992,6.2,0.02047385984427119,0.0,0.16666666666666666,0
6.385666666666666,0.19477651010552813,5.99,6.81,0.8199999999999994,6.36,-0.00595105672969971,0.0,0.03333333333333333,0
6.366666666666665,0.21204297258391333,5.97,6.68,0.71,6.38,0.005241379310344657,0.0,0.03333333333333333,0
5.385666666666666,1.243317292121721,3.83,6.73,2.9000000000000004,6.225,-0.12977753058954414,0.0,0.4666666666666667,0
3.7793333333333337,0.15624624439930995,3.44,3.98,0.54,3.85,-0.010086763070077909,0.0,1.0,0
4.234333333333333,0.5212976330487433,3.55,5.27,1.7199999999999998,4.005,-0.010747497219132448,0.0,1.0,0
5.664333333333333,0.32925859475831804,4.77,6.12,1.3500000000000005,5.74,0.024665183537263463,0.0,0.8333333333333334,0
5.879666666666666,0.20476789027796544,5.23,6.16,0.9299999999999997,5.895,0.003045606229143432,0.0,0.6333333333333333,0
5.154,0.8357535521910749,4.08,6.47,2.3899999999999997,4.6850000000000005,-0.05695216907675216,0.0,0.6666666666666666,0
3.948666666666667,0.2947963515528794,3.48,4.51,1.0299999999999998,3.935,-0.028364849833148006,0.0,1.0,0
3.6783333333333337,0.17529182018058406,3.39,4.39,0.9999999999999996,3.66,0.0013637374860955517,0.0,1.0,0
4.266,0.37223290200267534,3.72,4.9,1.1800000000000002,4.1,0.03632035595105663,0.0,1.0,0
3.8229999999999995,0.12646870495633827,3.39,4.13,0.7399999999999998,3.8,-0.004856507230255897,0.0,1.0,0
4.201,0.18758731300383832,3.93,4.53,0.6000000000000001,4.21,0.013555061179087833,0.0,1.0,0
4.135333333333333,0.1570081385010203,3.76,4.46,0.7000000000000002,4.085,-0.006540600667408311,0.0,1.0,0
4.053000000000001,0.13249276709818292,3.9,4.49,0.5900000000000003,4.02,-0.010600667408231446,0.0,1.0,0
4.276666666666667,0.2927038700727333,3.7,4.79,1.0899999999999999,4.305,0.030438264738598342,0.0,1.0,0
4.3036666666666665,0.21494934803860713,4.02,4.74,0.7200000000000006,4.22,-0.021973303670745407,0.0,1.0,0
4.127,0.30488413099624156,3.8,4.94,1.1400000000000006,4.01,0.028140155728587236,0.0,1.0,0
5.356333333333334,0.22459568611667996,4.87,5.72,0.8499999999999996,5.355,0.022600667408231297,0.0,1.0,0
5.804666666666666,0.1384613865146365,5.59,6.17,0.5800000000000001,5.79,0.008996662958843065,0.0,0.9333333333333333,0
6.278666666666669,0.06641954197038374,6.16,6.4,0.2400000000000002,6.29,0.004925472747497092,0.0,0.0,0
6.267666666666666,0.18260491657005176,5.72,6.5,0.7800000000000002,6.3,-0.010774193548387247,0.0,0.1,0
4.411333333333332,0.31884932003830413,4.22,5.79,1.5700000000000003,4.3,-0.022718576195773103,0.0,1.0,0
6.450333333333332,0.33534542721730315,4.97,6.73,1.7600000000000007,6.57,-0.014004449388209338,0.0,0.06666666666666667,0
6.4126666666666665,0.06303085664092539,6.3,6.55,0.25,6.390000000000001,0.0017975528364848254,0.0,0.0,0
5.994666666666666,0.6311509768316577,4.9,6.51,1.6099999999999994,6.41,-0.06406674082313703,0.0,0.3333333333333333,0
5.6066666666666665,0.5925162913840897,4.7,6.63,1.9299999999999997,5.48,0.05083426028921013,0.0,0.7,0
6.519333333333332,0.08070247139269572,6.4,6.66,0.2599999999999998,6.515000000000001,-0.002478309232480642,0.0,0.0,0
6.5343333333333335,0.08159588769594252,6.38,6.68,0.2999999999999998,6.52,0.007993325917686084,0.0,0.0,0
6.547333333333332,0.10960332517259172,6.4,6.73,0.33000000000000007,6.529999999999999,-0.011167964404894504,0.0,0.0,0
6.202333333333335,0.1704441909312905,5.86,6.45,0.5899999999999999,6.1850000000000005,-0.018542825361512888,0.0,0.16666666666666666,0
5.680666666666666,0.14667272714751334,5.43,5.94,0.5100000000000007,5.63,-0.01617352614015592,0.0,1.0,0
5.200333333333332,0.16402201749223247,5.02,5.79,0.7700000000000005,5.15,-0.0010611790878755302,0.0,1.0,0
6.274333333333332,0.1877175774638296,5.97,6.53,0.5600000000000005,6.38,0.01770634037819786,0.0,0.1,0
6.419,0.07399774771347206,6.29,6.63,0.33999999999999986,6.42,-0.0016262513904339792,0.0,0.0,0
6.842999999999998,0.30938810578301157,6.23,7.16,0.9299999999999997,6.995,0.03253170189098984,0.5,0.0,0
7.137666666666666,0.022163533613172484,7.09,7.16,0.07000000000000028,7.14,-0.0005672969966629821,1.0,0.0,0
7.065666666666666,0.12994058471299702,6.64,7.17,0.5300000000000002,7.1,-0.0009810901001114972,0.8333333333333334,0.0,0
7.050333333333334,0.20306785948434955,6.5,7.23,0.7300000000000004,7.14,-0.01683870967741941,0.7666666666666667,0.0,0
7.0859999999999985,0.1266122690210813,6.78,7.25,0.46999999999999975,7.095,0.012845383759732897,0.7333333333333333,0.0,0
6.917333333333333,0.4599197997718974,5.5,7.3,1.7999999999999998,7.23,-0.0447119021134595,0.5666666666666667,0.06666666666666667,0
6.381666666666665,0.22128538637294212,5.59,6.53,0.9400000000000004,6.475,0.01719466073414895,0.0,0.1,0
6.514666666666666,0.06211458944742538,6.36,6.66,0.2999999999999998,6.505,-0.000956618464961058,0.0,0.0,0
6.571666666666667,0.06393138683168237,6.48,6.71,0.22999999999999954,6.55,-0.0051590656284760915,0.0,0.0,0
6.553,0.02794637722496431,6.51,6.62,0.11000000000000032,6.55,0.00046941045606218576,0.0,0.0,0
6.504333333333334,0.10339836663227431,6.23,6.62,0.3899999999999997,6.54,-0.00912791991101247,0.0,0.0,0
6.272666666666666,0.27848319318926396,5.88,6.66,0.7800000000000002,6.4350000000000005,-0.02834705228031161,0.0,0.26666666666666666,0
4.651,0.5562814036079221,3.76,5.74,1.9800000000000004,4.64,-0.008638487208009027,0.0,1.0,0
4.864000000000001,0.4254456487026281,3.92,5.53,1.6100000000000003,4.965,0.028952169076751865,0.0,1.0,0
5.967999999999999,0.4250835212049509,5.09,6.48,1.3900000000000006,6.095000000000001,0.046767519466073375,0.0,0.4,0
6.596666666666667,0.08443274772793362,6.4,6.77,0.3699999999999992,6.59,0.006046718576195628,0.0,0.0,0
6.473333333333333,0.20083713689344296,6.07,6.81,0.7399999999999993,6.51,-0.009477196885428415,0.0,0.0,0
5.9766666666666675,0.4541536695387978,4.56,6.36,1.8000000000000007,6.15,0.011652947719688268,0.0,0.3333333333333333,0
4.5406666666666675,0.3047942839942303,4.24,5.38,1.1399999999999997,4.39,-0.02316351501668533,0.0,1.0,0
4.359333333333335,0.13401326634164082,4.13,4.54,0.41000000000000014,4.33,0.010901001112346934,0.0,1.0,0
4.799666666666666,0.7131315135061382,4.0,6.48,2.4800000000000004,4.535,0.048384872080088896,0.0,0.8666666666666667,0
6.362000000000001,0.26839523095614054,5.77,6.63,0.8600000000000003,6.460000000000001,-0.019154616240267142,0.0,0.16666666666666666,0
6.4656666666666665,0.1442147318719169,6.05,6.66,0.6100000000000003,6.51,0.011081201334816373,0.0,0.0,0
6.252666666666667,0.25534203640520214,5.83,6.62,0.79,6.225,-0.022949944382647608,0.0,0.2,0
5.819333333333334,0.24400728586572068,5.22,6.22,1.0,5.87,0.0075595105672968685,0.0,0.6666666666666666,0
5.719333333333335,0.4879544605345416,4.94,6.64,1.6999999999999993,5.68,0.012983314794215689,0.0,0.6333333333333333,0
5.511333333333332,0.2929474734866683,5.05,6.22,1.17,5.4350000000000005,0.002998887652947586,0.0,0.9333333333333333,0
5.655,0.3029713957895475,4.97,6.05,1.08,5.755,-0.0125139043381536,0.0,0.9333333333333333,0
5.025,0.5846181089680111,3.76,5.84,2.08,5.105,0.02034927697441594,0.0,1.0,0
4.809,1.1133653189018118,3.04,6.09,3.05,5.4,-0.10750389321468312,0.0,0.9333333333333333,0
4.415333333333334,0.975635633261152,3.09,5.59,2.5,4.895,-0.09322358175750856,0.0,1.0,0
3.981,0.3694712438066053,3.41,4.61,1.2000000000000002,3.93,0.033813125695216814,0.0,1.0,0
4.471666666666667,0.43959893337248007,3.33,4.89,1.5599999999999996,4.63,-0.02878086763070092,0.0,1.0,0
3.246,0.06380177635980572,3.13,3.46,0.33000000000000007,3.24,0.0008587319243603002,0.0,1.0,0
3.4570000000000003,0.21545533179756768,3.15,3.9,0.75,3.4450000000000003,0.010293659621801936,0.0,1.0,0
5.802666666666667,1.0482968197138738,3.29,6.68,3.3899999999999997,6.24,0.07548387096774188,0.0,0.2,0
6.007666666666666,0.045142982720339744,5.92,6.12,0.20000000000000018,6.01,-0.0008520578420468164,0.0,0.4,0
6.105666666666666,0.09304777745270912,5.94,6.29,0.34999999999999964,6.109999999999999,0.001862068965517089,0.0,0.1,0
6.630333333333335,0.2263254785087668,6.14,6.88,0.7400000000000002,6.715,0.022565072302558213,0.0,0.0,0
6.773000000000001,0.17680780525757347,6.38,7.01,0.6299999999999999,6.805,0.013230255839821792,0.03333333333333333,0.0,0
5.735666666666666,1.1108545759409234,4.15,6.9,2.75,6.165,-0.1182758620689656,0.0,0.5,0
4.158666666666667,0.12756000766523792,4.03,4.48,0.4500000000000002,4.11,-0.010567296996663048,0.0,1.0,0
4.072,0.5933655421969384,3.69,5.46,1.77,3.78,0.04131701890989986,0.0,1.0,0
5.475333333333333,0.4003476267223552,4.31,5.9,1.5900000000000007,5.63,-0.015893214682981265,0.0,1.0,0
3.2259999999999995,0.4490330351618537,2.8,4.26,1.46,3.0300000000000002,-0.030109010011123618,0.0,1.0,0
3.2013333333333325,0.14939284528457922,2.95,3.5,0.5499999999999998,3.215,-0.005828698553948859,0.0,1.0,0
3.134,0.1335065541462291,2.98,3.42,0.43999999999999995,3.11,-0.0029410456062291517,0.0,1.0,0
3.3779999999999997,0.406,2.93,4.28,1.35,3.215,0.012124582869855351,0.0,1.0,0
3.728333333333333,0.15661169248246512,3.46,4.05,0.5899999999999999,3.7300000000000004,-0.0007452725250278689,0.0,1.0,0
5.2139999999999995,0.9008610695699236,3.33,6.22,2.8899999999999997,5.46,0.0344694104560622,0.0,0.8,0
4.756666666666667,0.6074719929529445,4.05,5.74,1.6900000000000004,4.640000000000001,-0.03256952169076771,0.0,1.0,0
3.921666666666667,0.11567435132973759,3.62,4.15,0.5300000000000002,3.91,-0.003561735261401656,0.0,1.0,0
5.174666666666666,1.0259393527667975,3.85,6.38,2.53,5.91,0.10359955506117903,0.0,0.6,0
5.8340000000000005,0.15628179676469042,5.5,6.18,0.6799999999999997,5.824999999999999,-0.004000000000000168,0.0,0.8666666666666667,0
5.074666666666666,0.4747050546274907,3.67,5.88,2.21,5.140000000000001,-0.03175973303670756,0.0,1.0,0
3.456333333333333,0.5211300754663423,3.04,5.13,2.09,3.215,0.02872302558398215,0.0,1.0,0
5.152666666666667,0.27841136630692526,4.38,5.59,1.21,5.22,0.014740823136818576,0.0,1.0,0
5.216666666666667,0.11166417907676975,5.0,5.44,0.4400000000000004,5.22,-0.00536596218020033,0.0,1.0,0
5.300000000000001,0.19976653039652728,4.97,5.71,0.7400000000000002,5.279999999999999,-0.006278086763070248,0.0,1.0,0
5.044000000000001,0.09857653540946407,4.92,5.46,0.54,5.02,-0.001797552836485075,0.0,1.0,0
5.29,0.11346071273058941,5.09,5.51,0.41999999999999993,5.285,0.009637374860956558,0.0,1.0,0
5.457999999999999,0.10215674231297708,5.33,5.7,0.3700000000000001,5.45,0.004618464961067659,0.0,1.0,0
5.666666666666667,0.18472201336663208,5.4,6.1,0.6999999999999993,5.63,0.009294771968854193,0.0,0.9333333333333333,0
5.635,0.13030093373929943,5.43,5.97,0.54,5.63,0.00913236929922123,0.0,1.0,0
5.696333333333334,0.07626634615317261,5.61,5.89,0.27999999999999936,5.67,0.0013592880978863513,0.0,1.0,0
5.718,0.09498771850437658,5.63,5.94,0.3100000000000005,5.68,0.002941045606228979,0.0,1.0,0
5.894666666666669,0.0889469254980495,5.79,6.05,0.2599999999999998,5.86,-8.898776418439276e-06,0.0,0.7666666666666667,0
5.881666666666667,0.07581043610362784,5.81,6.03,0.22000000000000064,5.84,0.002155728587319113,0.0,0.8333333333333334,0
5.588333333333334,0.2026340434269512,5.2,6.03,0.8300000000000001,5.57,-0.018765294771968855,0.0,0.9666666666666667,0
5.783333333333333,0.2727188214178765,5.27,6.14,0.8700000000000001,5.855,0.024805339265850865,0.0,0.6666666666666666,0
6.079999999999999,0.5201474150020678,4.66,6.63,1.9699999999999998,6.215,-0.011755283648498514,0.0,0.3333333333333333,0
4.541666666666667,0.5989940641516317,3.78,5.64,1.8599999999999999,4.460000000000001,0.03137041156840927,0.0,1.0,0
4.604666666666668,0.1143600551863377,4.42,4.85,0.4299999999999997,4.59,0.005530589543937653,0.0,1.0,0
5.591000000000002,0.49817232627542307,4.44,6.09,1.6499999999999995,5.83,0.044411568409343606,0.0,0.9333333333333333,0
6.042,0.06968500556073734,5.84,6.14,0.2999999999999998,6.05,0.0048854282536149604,0.0,0.16666666666666666,0
5.870666666666666,0.22686168081503355,5.4,6.22,0.8199999999999994,5.865,-0.010700778642936698,0.0,0.6333333333333333,0
5.985333333333333,0.1723123778361716,5.51,6.25,0.7400000000000002,6.0,0.00934816462736364,0.0,0.5,0
6.373333333333334,0.11076501653901788,6.18,6.57,0.39000000000000057,6.355,0.011452725250278031,0.0,0.0,0
6.542333333333334,0.15422242235017428,6.03,6.66,0.6299999999999999,6.59,-0.008384872080089192,0.0,0.0,0
6.597666666666667,0.3043756816100057,5.71,6.86,1.1500000000000004,6.720000000000001,-0.0005183537263626415,0.0,0.06666666666666667,0
6.7826666666666675,0.1505309122923115,6.22,6.93,0.71,6.83,0.008195773081201122,0.0,0.0,0
6.807666666666666,0.2794480671291577,5.86,7.06,1.1999999999999993,6.905,-0.01287875417130166,0.2,0.03333333333333333,0
6.9526666666666666,0.09875671566475305,6.71,7.14,0.4299999999999997,6.96,0.010086763070077678,0.26666666666666666,0.0,0
6.840999999999999,0.2398798310265649,6.38,7.19,0.8100000000000005,6.92,-0.024647385984427294,0.36666666666666664,0.0,0
6.700333333333332,0.10647326216264613,6.45,6.9,0.4500000000000002,6.73,-0.004460511679644203,0.0,0.0,0
6.567333333333332,0.08831509245624751,6.4,6.73,0.33000000000000007,6.575,-0.0009076751946608711,0.0,0.0,0
6.583333333333332,0.09624043964063236,6.4,6.81,0.40999999999999925,6.585,0.0027096774193547625,0.0,0.0,0
6.679999999999999,0.07844318538492263,6.51,6.83,0.3200000000000003,6.68,0.001521690767519315,0.0,0.0,0
6.730333333333333,0.07769527370152932,6.55,6.83,0.28000000000000025,6.75,0.001768631813125589,0.0,0.0,0
6.676333333333333,0.11034743112349991,6.44,6.84,0.39999999999999947,6.71,-0.008647385984427351,0.0,0.0,0
6.262,0.12130952147296607,6.01,6.5,0.4900000000000002,6.23,0.004066740823136753,0.0,0.0,0
6.330000000000001,0.14144492449949092,5.97,6.55,0.5800000000000001,6.295,0.006513904338153281,0.0,0.03333333333333333,0
6.3020000000000005,0.10637668917577763,6.17,6.53,0.3600000000000003,6.279999999999999,-0.002807563959955597,0.0,0.0,0
6.265666666666667,0.05090404917314745,6.2,6.4,0.20000000000000018,6.26,-0.0008832035595107393,0.0,0.0,0
6.256,0.0537649204097492,6.16,6.36,0.20000000000000018,6.25,0.0005917686318129219,0.0,0.0,0
6.276999999999999,0.039085376634576056,6.22,6.38,0.16000000000000014,6.27,-0.001461624026696463,0.0,0.0,0
6.237999999999999,0.047916594202843645,6.16,6.35,0.1899999999999995,6.23,-0.00044048943270314156,0.0,0.0,0
6.2173333333333325,0.038204130085051746,6.14,6.33,0.1900000000000004,6.22,0.0014905450500555459,0.0,0.0,0
6.168000000000001,0.09672641831474996,5.89,6.33,0.4400000000000004,6.2,-0.0060378197997776875,0.0,0.06666666666666667,0
6.045000000000001,0.07060453243241534,5.94,6.25,0.3099999999999996,6.04,-0.0028587319243604708,0.0,0.3333333333333333,0
6.0053333333333345,0.05038077234642423,5.92,6.12,0.20000000000000018,5.99,-0.0008676307007787779,0.0,0.5333333333333333,0
6.0036666666666685,0.03790192020934505,5.96,6.1,0.13999999999999968,5.99,0.001590656284760683,0.0,0.5333333333333333,0
6.069,0.05804308744372576,5.96,6.18,0.21999999999999975,6.0600000000000005,0.0015061179087873151,0.0,0.1,0
6.068333333333333,0.05978201141554945,5.96,6.2,0.2400000000000002,6.07,0.0008431590656284156,0.0,0.13333333333333333,0
6.067666666666668,0.0588038169585009,5.99,6.22,0.22999999999999954,6.05,0.0017107897664068476,0.0,0.13333333333333333,0
6.304666666666666,0.15751684213300998,6.09,6.66,0.5700000000000003,6.295,0.01404671857619558,0.0,0.0,0
6.197,0.13574854204250833,6.03,6.64,0.6099999999999994,6.15,-0.01041379310344833,0.0,0.0,0
6.086,0.06626210581219602,5.99,6.25,0.2599999999999998,6.07,-0.002949944382647591,0.0,0.06666666666666667,0
6.059666666666667,0.04468283289536989,6.01,6.17,0.16000000000000014,6.04,-0.0003670745272526692,0.0,0.0,0
6.130666666666667,0.12121422725443129,5.96,6.4,0.4400000000000004,6.1,0.00035595105672946647,0.0,0.13333333333333333,0
6.001,0.05159780357082402,5.89,6.09,0.20000000000000018,5.99,0.0026095661846494717,0.0,0.5333333333333333,0
6.010666666666667,0.04711215931747929,5.92,6.1,0.17999999999999972,6.02,1.7797552836302394e-05,0.0,0.4,0
5.945666666666667,0.08192204967053882,5.79,6.14,0.34999999999999964,5.95,-0.003112347052280536,0.0,0.7,0
5.9449999999999985,0.06888396039717812,5.81,6.07,0.2600000000000007,5.93,0.002832035595105537,0.0,0.7,0
5.989000000000001,0.07691337118256264,5.83,6.14,0.3099999999999996,6.01,-0.0025873192436041033,0.0,0.4,0
5.981333333333334,0.06591577116964412,5.89,6.12,0.23000000000000043,5.97,0.0016017797552835015,0.0,0.5666666666666667,0
6.004999999999999,0.08147596782692013,5.88,6.14,0.2599999999999998,5.99,0.002743047830923103,0.0,0.5333333333333333,0
6.077999999999999,0.05804595880277393,5.96,6.16,0.20000000000000018,6.09,-0.0014771968854284247,0.0,0.1,0
6.1049999999999995,0.07894090616826399,5.96,6.25,0.29000000000000004,6.12,0.0022981090100109725,0.0,0.13333333333333333,0
6.101,0.07235790673220627,5.96,6.22,0.2599999999999998,6.12,-0.00042936596218043815,0.0,0.1,0
6.101333333333332,0.09304956862996312,5.92,6.29,0.3700000000000001,6.12,0.004008898776418089,0.0,0.2,0
6.2379999999999995,0.048607269689488426,6.16,6.35,0.1899999999999995,6.23,0.0017352614015569796,0.0,0.0,0
6.247000000000001,0.054842197865026095,6.16,6.33,0.16999999999999993,6.24,-0.001403781979977914,0.0,0.0,0
6.244999999999999,0.05451299539253616,6.17,6.36,0.1900000000000004,6.24,0.0008209121245827783,0.0,0.0,0
6.275999999999999,0.06258860386151245,6.14,6.4,0.2600000000000007,6.25,0.0016507230255837653,0.0,0.0,0
6.335666666666667,0.08585582229658174,6.16,6.45,0.29000000000000004,6.355,-0.0024271412680758452,0.0,0.0,0
6.251999999999999,0.07764878191789834,6.09,6.4,0.3100000000000005,6.25,-0.004720800889877828,0.0,0.0,0
6.185666666666664,0.03675897471668959,6.12,6.27,0.14999999999999947,6.18,-0.0002335928809789608,0.0,0.0,0
6.164999999999998,0.04856267428111158,6.07,6.27,0.1999999999999993,6.17,0.00015350389321458217,0.0,0.0,0
6.151333333333333,0.04030991055421598,6.07,6.25,0.17999999999999972,6.16,-0.0004271412680758283,0.0,0.0,0
6.177000000000001,0.07244078041177274,6.05,6.36,0.3100000000000005,6.16,0.003561735261401425,0.0,0.0,0
6.263333333333333,0.06543869056011299,6.12,6.42,0.2999999999999998,6.25,0.00016907675194642837,0.0,0.0,0
6.227333333333333,0.044567053102288784,6.17,6.36,0.1900000000000004,6.22,-0.0007119021134595858,0.0,0.0,0
6.232666666666666,0.059325842223735506,6.14,6.38,0.2400000000000002,6.22,-0.001463848720801073,0.0,0.0,0
6.2360000000000015,0.06458069887099917,6.16,6.38,0.21999999999999975,6.225,-0.001103448275862118,0.0,0.0,0
6.288,0.05192301994298875,6.17,6.4,0.23000000000000043,6.279999999999999,0.0018153503893212045,0.0,0.0,0
6.287333333333334,0.05887463139776093,6.18,6.47,0.29000000000000004,6.29,0.0002536151279197578,0.0,0.0,0
6.321333333333333,0.059145770958051035,6.18,6.44,0.2600000000000007,6.32,0.0009343715239152671,0.0,0.0,0
6.298666666666667,0.06064834888290213,6.18,6.4,0.22000000000000064,6.3,-0.001850945494994616,0.0,0.0,0
6.298333333333335,0.05627807941127898,6.22,6.42,0.20000000000000018,6.285,-7.786429365973043e-05,0.0,0.0,0
6.283333333333333,0.06837803415977656,6.14,6.44,0.3000000000000007,6.295,0.0006941045606228225,0.0,0.0,0
6.300333333333333,0.07516574278811394,6.14,6.44,0.3000000000000007,6.29,0.0002024471635149611,0.0,0.0,0
6.266333333333333,0.05901882938708818,6.18,6.38,0.20000000000000018,6.25,0.0008075639599553498,0.0,0.0,0
6.261666666666668,0.059502567638342774,6.14,6.4,0.2600000000000007,6.26,-0.0012436040044494637,0.0,0.0,0
6.2393333333333345,0.06557099629832962,6.09,6.35,0.2599999999999998,6.25,0.0009788654060065801,0.0,0.0,0
6.2413333333333325,0.04971474183333907,6.14,6.33,0.1900000000000004,6.25,0.0006674082313681577,0.0,0.0,0
6.245333333333333,0.0597624928827066,6.1,6.32,0.22000000000000064,6.27,-0.0007208008898777179,0.0,0.0,0
6.234333333333334,0.04506908277547061,6.14,6.33,0.1900000000000004,6.23,0.0006785317018908995,0.0,0.0,0
6.240666666666665,0.03974362282877028,6.16,6.29,0.1299999999999999,6.25,0.0011078976640709537,0.0,0.0,0
6.256333333333333,0.04556923913733422,6.14,6.3,0.16000000000000014,6.27,-0.00014015572858757622,0.0,0.0,0
6.2366666666666655,0.04197883064381645,6.14,6.3,0.16000000000000014,6.24,0.00023136818687408212,0.0,0.0,0
6.235333333333332,0.025263060428661884,6.17,6.29,0.1200000000000001,6.23,-7.119021134613143e-05,0.0,0.0,0
6.236999999999999,0.03446254004954749,6.16,6.3,0.13999999999999968,6.25,-0.0008120133481647616,0.0,0.0,0
6.245333333333332,0.04645667037382482,6.12,6.3,0.17999999999999972,6.26,0.002126807563959896,0.0,0.0,0
6.256333333333333,0.03103582159734484,6.17,6.3,0.1299999999999999,6.26,-7.786429365961519e-05,0.0,0.0,0
6.259333333333333,0.027194770739161402,6.2,6.3,0.09999999999999964,6.25,0.0006407119021133008,0.0,0.0,0
6.2556666666666665,0.023760377849595525,6.2,6.3,0.09999999999999964,6.25,0.0005850945494992076,0.0,0.0,0
6.251999999999999,0.030044411571316564,6.18,6.29,0.11000000000000032,6.25,0.0013882091212456067,0.0,0.0,0
6.259666666666667,0.029942537560393133,6.2,6.32,0.1200000000000001,6.27,-0.0009232480533927558,0.0,0.0,0
6.239,0.03069744831958078,6.17,6.29,0.1200000000000001,6.23,-0.0004160177975529713,0.0,0.0,0
6.205999999999999,0.03702251567177289,6.16,6.29,0.1299999999999999,6.2,-0.00012013348164643355,0.0,0.0,0
6.2330000000000005,0.030784195079076926,6.18,6.29,0.11000000000000032,6.23,0.0008743047830922232,0.0,0.0,0
6.278333333333334,0.03307399112427907,6.22,6.33,0.11000000000000032,6.29,0.0010789766407117557,0.0,0.0,0
6.2603333333333335,0.029266970385667734,6.2,6.3,0.09999999999999964,6.26,0.00045161290322569134,0.0,0.0,0
6.2890000000000015,0.040443376054264686,6.18,6.36,0.1800000000000006,6.3,0.001741935483870809,0.0,0.0,0
6.2686666666666655,0.07195986535717133,6.09,6.35,0.2599999999999998,6.29,-0.0053081201334818,0.0,0.0,0
6.245,0.05408326913195984,6.14,6.35,0.20999999999999996,6.23,0.0014705228031144414,0.0,0.0,0
6.326999999999998,0.10402403568406687,6.09,6.47,0.3799999999999999,6.355,0.010062291434927585,0.0,0.0,0
6.395,0.038100743649785496,6.32,6.45,0.1299999999999999,6.4,-0.000469410456062301,0.0,0.0,0
6.368333333333334,0.04824129167240682,6.29,6.47,0.17999999999999972,6.36,-0.0017508342602892866,0.0,0.0,0
6.352666666666666,0.03641733408999381,6.29,6.44,0.15000000000000036,6.355,0.0012547274749719751,0.0,0.0,0
6.3919999999999995,0.06784295591044567,6.25,6.5,0.25,6.4,0.005971078976640584,0.0,0.0,0
6.439333333333333,0.03355923452974187,6.38,6.5,0.1200000000000001,6.44,-0.001001112347052371,0.0,0.0,0
6.431333333333333,0.04120949189473497,6.35,6.5,0.15000000000000036,6.44,-0.0010545050055618928,0.0,0.0,0
6.388666666666668,0.05213657278937908,6.3,6.47,0.16999999999999993,6.38,-0.002033370411568588,0.0,0.0,0
6.400333333333333,0.04004025751942951,6.32,6.45,0.1299999999999999,6.41,0.0006340378197996249,0.0,0.0,0
6.437666666666667,0.0384433204716878,6.35,6.51,0.16000000000000014,6.445,0.0011857619577306457,0.0,0.0,0
6.4626666666666654,0.041627982041997726,6.38,6.55,0.16999999999999993,6.46,0.0026117908787540046,0.0,0.0,0
6.4816666666666665,0.041318545741860474,6.42,6.55,0.1299999999999999,6.48,0.002151279199109989,0.0,0.0,0
6.513333333333333,0.04437216344611655,6.45,6.6,0.14999999999999947,6.5,0.00022691879866501615,0.0,0.0,0
6.5346666666666655,0.040803049994931555,6.47,6.6,0.1299999999999999,6.53,-4.894327030049417e-05,0.0,0.0,0
6.556,0.038867295592395726,6.5,6.62,0.1200000000000001,6.55,0.0009655172413791516,0.0,0.0,0
6.578666666666667,0.04364503280888764,6.51,6.66,0.15000000000000036,6.575,0.0009032258064514594,0.0,0.0,0
6.577666666666667,0.035840696917827236,6.51,6.64,0.1299999999999999,6.57,-0.0002780867630701585,0.0,0.0,0
6.613333333333332,0.03726779962499648,6.55,6.71,0.16000000000000014,6.62,0.0020467185761956323,0.0,0.0,0
6.615333333333334,0.0379239004088743,6.55,6.71,0.16000000000000014,6.62,-0.0012502780867632549,0.0,0.0,0
6.641999999999999,0.03691431519975247,6.58,6.73,0.15000000000000036,6.635,-0.0007919911012236957,0.0,0.0,0
6.639333333333334,0.03957552554574894,6.58,6.71,0.1299999999999999,6.63,0.0011746384872077886,0.0,0.0,0
6.789333333333333,0.04388874824168743,6.71,6.93,0.21999999999999975,6.79,0.0034794215795325902,0.0,0.0,0
6.418333333333334,0.3206772347530908,5.72,6.88,1.1600000000000001,6.46,-0.019374860956618677,0.0,0.2,0
6.864333333333334,0.17211785368042315,6.48,7.16,0.6799999999999997,6.905,0.01840489432702996,0.16666666666666666,0.0,0
6.5906666666666665,0.38632398608191837,5.88,7.29,1.4100000000000001,6.49,-0.02722135706340393,0.23333333333333334,0.06666666666666667,0
6.936666666666666,0.13227076606550503,6.62,7.12,0.5,7.01,0.012307007786429265,0.5333333333333333,0.0,0
7.071333333333333,0.028370563774604292,7.03,7.12,0.08999999999999986,7.0649999999999995,-0.00031145717463861445,1.0,0.0,0
7.070666666666665,0.038551552786135854,7.01,7.17,0.16000000000000014,7.07,-0.0016818687430480723,1.0,0.0,0
7.023333333333334,0.04117712417781939,6.96,7.12,0.16000000000000014,7.03,-0.002184649610678791,0.6333333333333333,0.0,0
6.9556666666666676,0.045142982720339585,6.88,7.06,0.17999999999999972,6.96,-0.0030233592880980634,0.2,0.0,0
6.873333333333334,0.04982190504408905,6.79,6.97,0.17999999999999972,6.86,-0.0017619577308121053,0.0,0.0,0
6.808666666666668,0.046528366497104644,6.75,6.93,0.17999999999999972,6.785,-0.0015172413793104794,0.0,0.0,0
6.774666666666667,0.04780051138731552,6.71,6.84,0.1299999999999999,6.77,-0.0017441601779756876,0.0,0.0,0
6.739999999999999,0.05085928299402833,6.68,6.84,0.16000000000000014,6.71,4.4493882091120886e-05,0.0,0.0,0
6.699999999999998,0.046332134277050914,6.63,6.79,0.16000000000000014,6.68,-0.001975528364850039,0.0,0.0,0
6.778666666666669,0.07868643819334788,6.66,6.96,0.2999999999999998,6.775,0.004480533926584884,0.0,0.0,0
6.783999999999997,0.1759848478326093,6.42,7.1,0.6799999999999997,6.76,-0.01670300333704128,0.16666666666666666,0.0,0
6.5939999999999985,0.08901685233707156,6.45,6.81,0.35999999999999943,6.62,0.006358175750834127,0.0,0.0,0
6.622333333333333,0.07842972792393335,6.48,6.81,0.3299999999999992,6.625,0.005337041156840805,0.0,0.0,0
6.616,0.07269112738154504,6.51,6.84,0.33000000000000007,6.6,0.0039955506117907375,0.0,0.0,0
6.709999999999999,0.07611394966320795,6.64,6.9,0.2600000000000007,6.68,-0.0002669632925474551,0.0,0.0,0
6.644000000000001,0.0863944442658207,6.51,6.84,0.33000000000000007,6.625,-0.00047163515016702604,0.0,0.0,0
6.734,0.09127248581399917,6.62,6.94,0.3200000000000003,6.7,0.0022958843159065164,0.0,0.0,0
6.646999999999999,0.09395566330278701,6.48,6.9,0.41999999999999993,6.64,-0.005354838709677492,0.0,0.0,0
6.927333333333333,0.18244512112474323,6.51,7.23,0.7200000000000006,6.9399999999999995,0.015016685205784067,0.4666666666666667,0.0,0
6.753666666666665,0.05357134391527708,6.64,6.88,0.2400000000000002,6.76,-0.0031479421579533712,0.0,0.0,0
6.7603333333333335,0.09870776171214814,6.58,6.93,0.34999999999999964,6.765000000000001,-0.0013014460511681283,0.0,0.0,0
6.570666666666666,0.12979299758547155,6.29,6.79,0.5,6.57,0.0020734149054504507,0.0,0.0,0
6.976333333333332,0.15856614462810859,6.68,7.23,0.5500000000000007,6.98,0.01799110122358171,0.43333333333333335,0.0,0
7.289666666666667,0.034397997357727424,7.21,7.34,0.1299999999999999,7.295,0.0035706340378196724,1.0,0.0,0
7.284666666666668,0.03748184745832156,7.23,7.36,0.1299999999999999,7.29,-0.0034260289210234526,1.0,0.0,0
7.2026666666666666,0.12922676021457624,7.03,7.49,0.45999999999999996,7.175000000000001,-0.009855394883203788,1.0,0.0,0
7.095666666666667,0.017065234314893526,7.07,7.14,0.0699999999999994,7.09,0.0011501668520575799,1.0,0.0,0
7.104,0.014742229591664045,7.09,7.14,0.04999999999999982,7.1,-0.0008097886540601901,1.0,0.0,0
7.084999999999999,0.014999999999999928,7.06,7.1,0.040000000000000036,7.09,-0.0013503893214684688,1.0,0.0,0
6.999333333333334,0.0515062024312498,6.91,7.06,0.14999999999999947,7.03,-0.005530589543937903,0.6,0.0,0
6.8563333333333345,0.038599078860626905,6.73,6.91,0.17999999999999972,6.86,-0.002743047830923295,0.0,0.0,0
6.620333333333333,0.042070047407732805,6.53,6.7,0.16999999999999993,6.62,0.001492769744160002,0.0,0.0,0
6.853000000000002,0.09074322747915317,6.71,6.99,0.28000000000000025,6.86,0.010338153503893019,0.0,0.0,0
7.047333333333332,0.02365492666561358,6.99,7.09,0.09999999999999964,7.05,0.002478309232480258,0.9666666666666667,0.0,0
7.090333333333334,0.012775845264490996,7.07,7.12,0.04999999999999982,7.09,0.0004427141268075209,1.0,0.0,0
7.149666666666664,0.022133433734712174,7.09,7.19,0.10000000000000053,7.16,0.0021290322580645054,1.0,0.0,0
7.171999999999998,0.008717797887081467,7.16,7.19,0.03000000000000025,7.17,0.00010233592880951659,1.0,0.0,0
7.186333333333335,0.02024571285208036,7.16,7.23,0.07000000000000028,7.19,0.0015595105672969137,1.0,0.0,0
7.188333333333332,0.019677962857527365,7.16,7.23,0.07000000000000028,7.19,-0.0007764182424920031,1.0,0.0,0
7.187333333333332,0.018961950204437274,7.16,7.23,0.07000000000000028,7.19,-0.00035150166852082295,1.0,0.0,0
7.1743333333333315,0.018015425489162334,7.14,7.23,0.09000000000000075,7.17,-0.0012035595105674857,1.0,0.0,0
7.148333333333331,0.01392439904947045,7.12,7.19,0.07000000000000028,7.14,0.0006740823136815647,1.0,0.0,0
7.147666666666665,0.01520599297060946,7.12,7.17,0.04999999999999982,7.14,0.000487208008898565,1.0,0.0,0
7.049666666666667,0.07683242949576832,6.91,7.16,0.25,7.04,-0.00862958843159082,0.7,0.0,0
7.0056666666666665,0.026036299446904713,6.94,7.04,0.09999999999999964,7.01,0.0017508342602892482,0.6333333333333333,0.0,0
7.011666666666666,0.012133516482134232,6.99,7.04,0.04999999999999982,7.01,3.7819799777329844e-05,0.8666666666666667,0.0,0
6.893333333333333,0.029476921292578822,6.84,6.97,0.1299999999999999,6.9,-0.0020378197997775772,0.0,0.0,0
6.921,0.013747727084867357,6.88,6.94,0.0600000000000005,6.93,0.0002202447163513403,0.0,0.0,0
6.913333333333333,0.021029080394116544,6.86,6.96,0.09999999999999964,6.91,-0.0019799777530591814,0.0,0.0,0
6.825666666666666,0.032525203902341523,6.77,6.9,0.13000000000000078,6.83,-0.003330367074527343,0.0,0.0,0
6.7633333333333345,0.013498971154210913,6.73,6.78,0.04999999999999982,6.77,0.0002936596218018127,0.0,0.0,0
6.748999999999999,0.021962088546705335,6.73,6.81,0.07999999999999918,6.75,-0.0016707452725252152,0.0,0.0,0
6.64,0.06439461675223067,6.53,6.73,0.20000000000000018,6.62,-0.006976640711902136,0.0,0.0,0
6.338000000000002,0.07551600271907064,6.25,6.53,0.28000000000000025,6.3100000000000005,-0.006723025583982455,0.0,0.0,0
6.202999999999999,0.028065399813055714,6.16,6.25,0.08999999999999986,6.2,-0.0005583982202448885,0.0,0.0,0
5.911666666666666,0.20177682941529462,5.68,6.22,0.54,5.81,-0.019868743047830994,0.0,0.6666666666666666,0
5.709999999999999,0.08988882021697685,5.53,5.83,0.2999999999999998,5.74,-0.008947719688542955,0.0,1.0,0
5.191333333333334,0.1890455559441222,4.97,5.55,0.5800000000000001,5.095,-0.019733036707452887,0.0,1.0,0
5.0296666666666665,0.06665749936970504,4.85,5.12,0.27000000000000046,5.0600000000000005,-0.006186874304783185,0.0,1.0,0
4.620333333333334,0.12440480519479759,4.42,4.83,0.41000000000000014,4.625,-0.01407563959955518,0.0,1.0,0
4.128,0.16985091502059482,3.85,4.44,0.5900000000000003,4.11,-0.019368186874304905,0.0,1.0,0
3.7793333333333337,0.05488978856662579,3.65,3.89,0.2400000000000002,3.8,-0.005397107897664215,0.0,1.0,0
3.4956666666666667,0.08624319618896828,3.37,3.63,0.2599999999999998,3.5300000000000002,-0.009199110122358257,0.0,1.0,0
3.325666666666667,0.04409711504798881,3.28,3.44,0.16000000000000014,3.33,-0.0032992213570634393,0.0,1.0,0
3.255000000000001,0.03232645975048915,3.21,3.33,0.1200000000000001,3.26,0.0006829810901001191,0.0,1.0,0
3.2433333333333323,0.035808130671988736,3.19,3.31,0.1200000000000001,3.24,-0.0032169076751947584,0.0,1.0,0
3.1929999999999996,0.025709920264364885,3.15,3.26,0.10999999999999988,3.19,-0.00028698553948844417,0.0,1.0,0
3.1203333333333334,0.04110825815926634,3.04,3.21,0.16999999999999993,3.11,-0.0036907675194661443,0.0,1.0,0
3.022333333333334,0.04302583203404926,2.93,3.11,0.17999999999999972,3.02,-0.004202447163515091,0.0,1.0,0
2.997333333333334,0.057325580871215025,2.91,3.11,0.19999999999999973,2.98,0.003937708565072197,0.0,1.0,0
3.004,0.03799999999999995,2.93,3.09,0.1599999999999997,3.02,-0.0038042269187987484,0.0,1.0,0
2.8946666666666667,0.027896634603876945,2.83,2.95,0.1200000000000001,2.89,-0.002656284760845452,0.0,1.0,0
2.8226666666666653,0.010934146311237911,2.8,2.85,0.050000000000000266,2.82,-5.339265850958897e-05,0.0,1.0,0
2.821666666666666,0.018272626764887764,2.8,2.85,0.050000000000000266,2.82,0.00014905450500550657,0.0,1.0,0
2.827333333333333,0.016110727964792862,2.8,2.85,0.050000000000000266,2.83,0.0009788654060066376,0.0,1.0,0
2.8329999999999993,0.018645821694596082,2.8,2.87,0.07000000000000028,2.83,0.0002647385984426533,0.0,1.0,0
2.847,0.0193476958145753,2.8,2.89,0.0900000000000003,2.85,0.0005050055617351843,0.0,1.0,0
2.858333333333333,0.02339278141269699,2.83,2.91,0.08000000000000007,2.85,0.0010834260289209945,0.0,1.0,0
2.8503333333333334,0.021367160680716497,2.8,2.89,0.0900000000000003,2.85,0.0007586206896551149,0.0,1.0,0
2.8749999999999996,0.022323380867004295,2.83,2.93,0.10000000000000009,2.88,0.0010389321468297968,0.0,1.0,0
2.993333333333333,0.08692269873603528,2.85,3.13,0.2799999999999998,3.0,0.004525027808676236,0.0,1.0,0
3.8099999999999996,0.34115490127897424,2.83,4.07,1.2400000000000002,3.955,0.028725250278086704,0.0,1.0,0
4.415333333333335,0.11552008002459535,4.09,4.54,0.4500000000000002,4.46,0.011768631813125596,0.0,1.0,0
4.577666666666667,0.033234854528876076,4.51,4.66,0.15000000000000036,4.59,0.002689655172413735,0.0,1.0,0
4.6930000000000005,0.03652852766446155,4.63,4.76,0.1299999999999999,4.69,0.0034949944382645904,0.0,1.0,0
4.771999999999999,0.05127702539474504,4.64,4.85,0.20999999999999996,4.765,-0.0006006674082314763,0.0,1.0,0
4.718333333333333,0.05615949509111421,4.63,4.83,0.20000000000000018,4.705,-0.005497219132369409,0.0,1.0,0
4.669666666666666,0.017413277182145442,4.64,4.7,0.0600000000000005,4.67,-0.0002647385984428261,0.0,1.0,0
4.645666666666665,0.015205992970609442,4.61,4.67,0.05999999999999961,4.64,0.00042491657397096885,0.0,1.0,0
4.680999999999999,0.017578395831247033,4.64,4.72,0.08000000000000007,4.69,0.0011679644048943048,0.0,1.0,0
4.766333333333334,0.04764335094101675,4.67,4.87,0.20000000000000018,4.77,0.00504338153503882,0.0,1.0,0
5.448666666666667,0.49483150892220107,4.72,6.09,1.37,5.33,0.05149276974416008,0.0,0.8,0
6.056000000000001,0.08428523002282186,5.88,6.16,0.28000000000000025,6.09,-0.007390433815350383,0.0,0.3333333333333333,0
5.994666666666665,0.1943490559677498,5.68,6.18,0.5,6.119999999999999,0.019265850945494947,0.0,0.36666666666666664,0
6.1963333333333335,0.05262973388578827,6.1,6.29,0.1900000000000004,6.2,0.004429365962180127,0.0,0.0,0
6.261333333333332,0.08102400193084082,6.07,6.45,0.3799999999999999,6.27,0.0020111234705225667,0.0,0.0,0
6.2683333333333335,0.19533020475310237,5.88,6.78,0.9000000000000004,6.27,0.005648498331479228,0.0,0.06666666666666667,0
6.918666666666668,0.047309853331227156,6.79,6.96,0.16999999999999993,6.94,0.0042269187986650495,0.0,0.0,0
6.937333333333334,0.017876116903722535,6.9,6.97,0.0699999999999994,6.93,-0.0012947719688544141,0.0,0.0,0
6.927333333333333,0.01364632632697252,6.9,6.94,0.040000000000000036,6.93,0.0010901001112344206,0.0,0.0,0
6.950666666666667,0.010934146311237583,6.94,6.97,0.02999999999999936,6.95,0.0006140155728584439,0.0,0.0,0
6.952666666666667,0.012364824660660785,6.93,6.97,0.040000000000000036,6.96,3.559510567279684e-05,0.0,0.0,0
6.946666666666667,0.012995725793078502,6.91,6.97,0.05999999999999961,6.94,-0.0007252502780869375,0.0,0.0,0
6.912000000000001,0.013999999999999888,6.88,6.94,0.0600000000000005,6.91,0.0006051167964402735,0.0,0.0,0
6.9079999999999995,0.016613247725836104,6.88,6.94,0.0600000000000005,6.91,-0.0012591768631814253,0.0,0.0,0
6.892,0.013266499161421717,6.88,6.93,0.04999999999999982,6.890000000000001,0.0009521690767517231,0.0,0.0,0
6.901666666666667,0.012405196043952257,6.88,6.93,0.04999999999999982,6.9,-0.00010901001112357651,0.0,0.0,0
6.901,0.012206555615733698,6.88,6.93,0.04999999999999982,6.9,0.0007942157953279598,0.0,0.0,0
6.951666666666667,0.026468010041473672,6.91,7.01,0.09999999999999964,6.96,0.002573971078976521,0.06666666666666667,0.0,0
7.012333333333332,0.026917569644296625,6.96,7.07,0.11000000000000032,7.01,0.0027430478309230263,0.6333333333333333,0.0,0
7.054999999999999,0.021095023109728942,7.03,7.12,0.08999999999999986,7.06,0.001385984427141112,1.0,0.0,0
7.110333333333332,0.02228352655114438,7.07,7.16,0.08999999999999986,7.1,0.001559510567296837,1.0,0.0,0
7.139333333333331,0.021592179654268892,7.1,7.19,0.09000000000000075,7.14,0.001672969966629441,1.0,0.0,0
7.166666666666666,0.017950549357115056,7.12,7.21,0.08999999999999986,7.16,-0.00027141268075652115,1.0,0.0,0
7.175999999999998,0.01604161255402137,7.16,7.23,0.07000000000000028,7.17,0.00011568409343698345,1.0,0.0,0
7.190666666666666,0.02080598204576975,7.16,7.23,0.07000000000000028,7.19,0.0006763070077864049,1.0,0.0,0
7.202,0.013266499161421504,7.19,7.23,0.040000000000000036,7.2,-0.0001779755283650213,1.0,0.0,0
7.2139999999999995,0.012000000000000099,7.19,7.23,0.040000000000000036,7.21,8.898776418093582e-06,1.0,0.0,0
7.227333333333333,0.01236482466066097,7.19,7.25,0.05999999999999961,7.23,-0.00036484983314817457,1.0,0.0,0
7.227999999999998,0.00791622805802538,7.21,7.25,0.040000000000000036,7.23,0.00012903225806437348,1.0,0.0,0
7.224666666666666,0.01454494948618097,7.19,7.25,0.05999999999999961,7.23,-0.0007474972191325363,1.0,0.0,0
7.268000000000001,0.05878775382679621,7.17,7.38,0.20999999999999996,7.27,0.004556173526140043,1.0,0.0,0
7.278333333333333,0.032973052970906656,7.23,7.36,0.1299999999999999,7.29,-0.0016307007786430067,1.0,0.0,0
7.253666666666666,0.02575310121562478,7.23,7.32,0.08999999999999986,7.25,0.00022024471635145556,1.0,0.0,0
7.2620000000000005,0.022568414506414173,7.23,7.3,0.0699999999999994,7.25,0.0005606229143490373,1.0,0.0,0
7.258333333333334,0.024094720491334713,7.23,7.32,0.08999999999999986,7.26,0.000331479421579373,1.0,0.0,0
7.251666666666665,0.021921577396609597,7.23,7.3,0.0699999999999994,7.25,-0.0009721913236930195,1.0,0.0,0
7.2219999999999995,0.0132664991614217,7.19,7.25,0.05999999999999961,7.23,-0.0004360400444941524,1.0,0.0,0
7.2219999999999995,0.02399999999999991,7.17,7.27,0.09999999999999964,7.21,0.0010500556173524043,1.0,0.0,0
7.242,0.019043809142780723,7.21,7.29,0.08000000000000007,7.23,0.0007474972191321523,1.0,0.0,0
7.260333333333335,0.0176036612353476,7.23,7.3,0.0699999999999994,7.27,0.0007808676307007234,1.0,0.0,0
7.238666666666664,0.014313940369055728,7.23,7.29,0.05999999999999961,7.23,-0.0007697441601780584,1.0,0.0,0
7.251999999999999,0.018147543451754667,7.23,7.29,0.05999999999999961,7.25,-0.00035150166852070775,1.0,0.0,0
7.232666666666668,0.0204830553276495,7.19,7.27,0.07999999999999918,7.23,0.00035595105672958167,1.0,0.0,0
7.25,0.01154700538379227,7.23,7.27,0.03999999999999915,7.25,0.0003826473859843618,1.0,0.0,0
7.244000000000001,0.01724335620850305,7.23,7.27,0.03999999999999915,7.23,8.453837597309896e-05,1.0,0.0,0
7.243333333333333,0.013984117975601722,7.23,7.27,0.03999999999999915,7.25,-0.0002580645161290543,1.0,0.0,0
7.235333333333332,0.012578641509408657,7.21,7.27,0.05999999999999961,7.23,-0.00015127919911027963,1.0,0.0,0
7.258666666666667,0.013349989596333642,7.23,7.29,0.05999999999999961,7.25,-0.00038709677419377346,1.0,0.0,0
7.233999999999998,0.007999999999999828,7.23,7.25,0.019999999999999574,7.23,-0.000302558398220444,1.0,0.0,0
7.205,0.019790570145063247,7.16,7.23,0.07000000000000028,7.21,-0.0005806451612904873,1.0,0.0,0
7.203999999999999,0.018000000000000044,7.17,7.23,0.0600000000000005,7.21,-0.0005294771968855369,1.0,0.0,0
7.217333333333334,0.016719914938646035,7.17,7.25,0.08000000000000007,7.220000000000001,-0.000137931034482928,1.0,0.0,0
7.211333333333332,0.01454494948618103,7.17,7.23,0.0600000000000005,7.21,0.0002135706340377413,1.0,0.0,0
7.226666666666666,0.011642832797715379,7.19,7.25,0.05999999999999961,7.23,0.0004137931034480158,1.0,0.0,0
7.25,0.0831464571303752,7.07,7.38,0.3099999999999996,7.23,-0.0019399332591770115,1.0,0.0,0
7.2873333333333346,0.028276413413931344,7.21,7.32,0.11000000000000032,7.29,0.0020556173526138414,1.0,0.0,0
7.335000000000002,0.03314111243355205,7.27,7.38,0.11000000000000032,7.34,0.0033704115684092826,1.0,0.0,0
7.381333333333333,0.007180219742846084,7.36,7.4,0.040000000000000036,7.38,0.0003203559510565928,1.0,0.0,0
7.3839999999999995,0.008000000000000184,7.38,7.4,0.020000000000000462,7.38,-1.779755283672491e-05,1.0,0.0,0
7.387333333333332,0.014126413400278114,7.38,7.42,0.040000000000000036,7.38,0.0006273637374857956,1.0,0.0,0
7.385333333333333,0.011469767022723613,7.36,7.42,0.05999999999999961,7.38,-0.0002847608453840264,1.0,0.0,0
6.9846666666666675,0.33815906842129123,6.33,7.4,1.0700000000000003,6.98,-0.019319243604004582,0.43333333333333335,0.0,0
7.072666666666666,0.11342937107390763,6.79,7.21,0.41999999999999993,7.09,-0.003915461624026858,0.8,0.0,0
7.295000000000001,0.06489735485107745,7.16,7.38,0.21999999999999975,7.32,0.006832035595105571,1.0,0.0,0
7.356000000000001,0.02847220867208348,7.3,7.4,0.10000000000000053,7.36,0.0010322580645159098,1.0,0.0,0
7.379333333333334,0.012092238098144747,7.34,7.4,0.0600000000000005,7.38,9.343715239134619e-05,1.0,0.0,0
7.374666666666669,0.01995550606279433,7.34,7.42,0.08000000000000007,7.38,-0.00041824249165765793,1.0,0.0,0
7.354000000000001,0.02640706976045123,7.3,7.4,0.10000000000000053,7.36,-0.0010545050055619696,1.0,0.0,0
7.338666666666668,0.0316999824745833,7.29,7.38,0.08999999999999986,7.34,-6.229143492792262e-05,1.0,0.0,0
7.331,0.028089143810376308,7.29,7.38,0.08999999999999986,7.32,-0.0010433815350391893,1.0,0.0,0
7.318666666666667,0.03323986896618119,7.27,7.38,0.11000000000000032,7.3100000000000005,0.0004137931034480158,1.0,0.0,0
7.304333333333334,0.023478122203920586,7.27,7.36,0.09000000000000075,7.295,-0.0006518353726365035,1.0,0.0,0
7.309333333333334,0.02080598204576971,7.27,7.36,0.09000000000000075,7.3,0.00039154616240249374,1.0,0.0,0
7.340000000000002,0.02250925735484558,7.3,7.38,0.08000000000000007,7.34,0.0013704115684091507,1.0,0.0,0
7.368666666666665,0.01521694961401772,7.34,7.38,0.040000000000000036,7.38,0.0013392658509453813,1.0,0.0,0
7.382666666666665,0.04545571715661535,7.23,7.42,0.1899999999999995,7.4,-0.001348164627363859,1.0,0.0,0
7.215,0.18771876127157172,6.3,7.38,1.08,7.26,-0.010391546162402808,0.9666666666666667,0.0,0
6.906,0.27297863164235636,5.99,7.14,1.1499999999999995,7.0,0.0252547274749721,0.5,0.03333333333333333,0
7.150666666666666,0.020645150089602812,7.1,7.19,0.09000000000000075,7.16,0.0009477196885426572,1.0,0.0,0
7.195999999999999,0.027760883751542825,7.16,7.25,0.08999999999999986,7.19,0.002803114571746262,1.0,0.0,0
7.236333333333332,0.021676920650518666,7.21,7.34,0.1299999999999999,7.23,0.0005761957730810372,1.0,0.0,0
7.277666666666668,0.05270568175148555,7.21,7.38,0.16999999999999993,7.26,0.0009988876529474923,1.0,0.0,0
7.350666666666666,0.061478090044792114,7.25,7.45,0.20000000000000018,7.35,0.0035372636262512936,1.0,0.0,0
7.406000000000001,0.034890304288345435,7.32,7.47,0.14999999999999947,7.4,0.0009833147942156077,1.0,0.0,0
7.099,0.4103522876748709,6.16,7.42,1.2599999999999998,7.3,-0.03755506117908811,0.7666666666666667,0.0,0
6.259666666666666,0.1017016333311429,6.12,6.5,0.3799999999999999,6.25,0.01132591768631796,0.0,0.0,0
6.593333333333333,0.10267532431028499,6.44,6.77,0.3299999999999992,6.63,0.009624026696329053,0.0,0.0,0
6.737666666666667,0.03963864556493095,6.7,6.86,0.16000000000000014,6.73,0.002218020022246747,0.0,0.0,0
6.757666666666666,0.0407989651284876,6.7,6.86,0.16000000000000014,6.75,-0.002658509454950004,0.0,0.0,0
6.729666666666668,0.03391001163209603,6.68,6.83,0.15000000000000036,6.71,-0.000642936596218141,0.0,0.0,0
6.777666666666668,0.06417077908899721,6.7,6.93,0.22999999999999954,6.75,-0.0010433815350389972,0.0,0.0,0
6.730999999999999,0.0659974746991631,6.64,6.91,0.27000000000000046,6.7,0.00010011123470509883,0.0,0.0,0
6.695999999999999,0.0507017422448841,6.63,6.84,0.20999999999999996,6.68,-0.0023181312569523073,0.0,0.0,0
6.716333333333334,0.07190193939588069,6.62,6.86,0.2400000000000002,6.7,0.0034371523915459642,0.0,0.0,0
6.735666666666666,0.06375386698511354,6.6,6.93,0.33000000000000007,6.73,-0.0042914349276976975,0.0,0.0,0
6.611666666666666,0.08873493612376637,6.53,6.94,0.41000000000000014,6.58,0.0031123470522801517,0.0,0.0,0
6.423333333333334,0.4916932196219735,5.22,6.97,1.75,6.66,-0.049606229143492934,0.0,0.3,0
4.314666666666667,1.308046210532674,2.37,5.89,3.5199999999999996,4.9350000000000005,-0.13845606229143495,0.0,1.0,0
2.084,0.2591730438658053,1.61,2.55,0.9399999999999997,2.035,-0.023363737486095718,0.0,1.0,0
2.7133333333333334,0.910879916466612,1.96,4.28,2.3200000000000003,2.075,0.08246051167964402,0.0,1.0,0
3.648,0.12416118556135007,3.42,3.85,0.43000000000000016,3.67,-0.008662958843159102,0.0,1.0,0
3.457,0.09791663120566729,3.31,3.63,0.31999999999999984,3.42,0.008892102335928747,0.0,1.0,0
3.7143333333333337,0.0847617576242704,3.55,3.89,0.3400000000000003,3.71,0.006796440489432658,0.0,1.0,0
3.8826666666666667,0.08094991592885621,3.72,4.0,0.2799999999999998,3.895,0.0009432703003336296,0.0,1.0,0
3.978666666666667,0.11280464923436843,3.76,4.16,0.40000000000000036,4.01,0.011190211345939872,0.0,1.0,0
4.146,0.05462600113499066,4.02,4.22,0.20000000000000018,4.16,0.0016284760845383392,0.0,1.0,0
4.2056666666666676,0.04079896512848758,4.11,4.29,0.17999999999999972,4.22,0.002177975528364731,0.0,1.0,0
4.313999999999999,0.06253532335142015,4.18,4.41,0.23000000000000043,4.33,0.00421802002224686,0.0,1.0,0
4.420666666666666,0.04154783053568777,4.36,4.53,0.16999999999999993,4.415,0.0024649610678531557,0.0,1.0,0
4.518666666666666,0.04055722979801359,4.39,4.59,0.20000000000000018,4.53,0.0022024471635149205,0.0,1.0,0
4.630999999999999,0.04482186966202995,4.54,4.72,0.17999999999999972,4.63,0.003917686318131238,0.0,1.0,0
4.716,0.05089859199100366,4.61,4.83,0.21999999999999975,4.72,0.0031368186874303986,0.0,1.0,0
4.766666666666667,0.04315347288715262,4.66,4.83,0.16999999999999993,4.77,-0.0008008898776418852,0.0,1.0,0
4.777666666666667,0.046020526821070606,4.67,4.85,0.17999999999999972,4.79,0.0005850945494993229,0.0,1.0,0
4.863333333333333,0.04085203653294288,4.76,4.92,0.16000000000000014,4.87,0.0002447163515014914,0.0,1.0,0
4.901333333333333,0.037835902996433954,4.83,4.97,0.13999999999999968,4.9,0.0022914349276973926,0.0,1.0,0
4.962666666666666,0.02657484190399291,4.9,5.02,0.11999999999999922,4.97,-8.898776418251065e-05,0.0,1.0,0
4.968666666666667,0.018571184369578685,4.94,5.02,0.07999999999999918,4.97,3.5595105672873664e-05,0.0,1.0,0
4.995,0.027416540019970796,4.9,5.03,0.1299999999999999,5.0,0.0006829810900999847,0.0,1.0,0
5.024666666666667,0.022910453703252696,4.97,5.05,0.08000000000000007,5.03,0.0004894327030032516,0.0,1.0,0
5.021000000000001,0.01795364401266028,4.98,5.05,0.0699999999999994,5.03,-1.1123470522876248e-05,0.0,1.0,0
5.070333333333333,0.029831005495773815,5.0,5.12,0.1200000000000001,5.07,-0.000522803114571842,0.0,1.0,0
5.117333333333334,0.034344658326376835,5.02,5.18,0.16000000000000014,5.12,0.002505005561735115,0.0,1.0,0
5.077,0.030566866593311953,5.0,5.13,0.1299999999999999,5.09,-0.001368186874304848,0.0,1.0,0
5.082333333333333,0.01706523431489339,5.03,5.1,0.0699999999999994,5.09,0.0005583982202445236,0.0,1.0,0
5.082000000000002,0.02372059583287624,5.02,5.12,0.10000000000000053,5.09,-0.0017575083426029433,0.0,1.0,0
5.087,0.015947831618540832,5.05,5.12,0.07000000000000028,5.09,0.0008031145717462454,0.0,1.0,0
5.093,0.024650895859312304,5.03,5.13,0.09999999999999964,5.1,0.001319243604004354,0.0,1.0,0
5.112333333333334,0.020278614899006855,5.05,5.13,0.08000000000000007,5.12,-0.0008298109010011791,0.0,1.0,0
5.112333333333334,0.016868774571840012,5.07,5.13,0.05999999999999961,5.12,0.0007141268075639268,0.0,1.0,0
5.124333333333333,0.01626516386500782,5.07,5.16,0.08999999999999986,5.13,-3.781979977769474e-05,0.0,1.0,0
5.126333333333333,0.017978382080215814,5.09,5.16,0.07000000000000028,5.125,-0.00033147942157960345,0.0,1.0,0
5.1273333333333335,0.012631530214331041,5.1,5.16,0.0600000000000005,5.13,0.00012013348164618388,0.0,1.0,0
5.125,0.020124611797498252,5.07,5.15,0.08000000000000007,5.125,-1.5572858732019066e-05,0.0,1.0,0
5.107666666666668,0.015638272140986665,5.07,5.15,0.08000000000000007,5.1,0.0005539488320355152,0.0,1.0,0
5.140666666666666,0.02815828277592392,5.05,5.2,0.15000000000000036,5.15,-0.0002803114571746531,0.0,1.0,0
5.085999999999999,0.021228911104120726,5.03,5.12,0.08999999999999986,5.09,-0.0010500556173527306,0.0,1.0,0
5.062333333333333,0.030624971655315705,4.97,5.12,0.15000000000000036,5.07,0.0009899888765294562,0.0,1.0,0
5.018999999999999,0.0390170902725117,4.96,5.09,0.1299999999999999,5.0,-0.0034994438264739827,0.0,1.0,0
5.0196666666666685,0.030820267501903434,4.96,5.09,0.1299999999999999,5.03,0.0025383759733035513,0.0,1.0,0
5.059,0.024269322199023207,5.02,5.1,0.08000000000000007,5.07,0.0008832035595104704,0.0,1.0,0
5.057666666666667,0.02216353361317236,5.02,5.09,0.07000000000000028,5.07,5.1167964404739085e-05,0.0,1.0,0
5.124666666666667,0.019618585292749742,5.09,5.16,0.07000000000000028,5.12,0.00077419354838699,0.0,1.0,0
5.138333333333334,0.019677962857527397,5.09,5.18,0.08999999999999986,5.140000000000001,-3.781979977769474e-05,0.0,1.0,0
5.161666666666666,0.013437096247164102,5.13,5.18,0.04999999999999982,5.16,-0.00018464961067869712,0.0,1.0,0
5.201333333333333,0.02837056377460426,5.13,5.27,0.13999999999999968,5.2,0.001890989988876498,0.0,1.0,0
5.210333333333332,0.026265736024122514,5.15,5.27,0.11999999999999922,5.2,-0.0007141268075640229,0.0,1.0,0
5.232333333333332,0.026793448618811312,5.15,5.27,0.11999999999999922,5.23,0.0009944382647384263,0.0,1.0,0
5.2336666666666645,0.023591429705627165,5.18,5.27,0.08999999999999986,5.23,-0.001519466073414974,0.0,1.0,0
5.2396666666666665,0.020572365498945897,5.18,5.28,0.10000000000000053,5.23,0.000602892102335875,0.0,1.0,0
5.237333333333334,0.01931033114394689,5.2,5.28,0.08000000000000007,5.23,0.000551724137930963,0.0,1.0,0
5.267,0.022531459488161574,5.2,5.29,0.08999999999999986,5.27,6.896551724131036e-05,0.0,1.0,0
5.289333333333333,0.026574841903992806,5.23,5.35,0.11999999999999922,5.29,0.0005650723025583531,0.0,1.0,0
5.344000000000002,0.03421500645428361,5.25,5.38,0.1299999999999999,5.36,-0.00011123470522820553,0.0,1.0,0
5.334000000000001,0.037202150475476606,5.25,5.43,0.17999999999999972,5.33,-0.0016640711902115202,0.0,1.0,0
5.3376666666666654,0.04216501973068302,5.25,5.4,0.15000000000000036,5.35,0.0022447163515015465,0.0,1.0,0
5.362,0.04415125517279594,5.25,5.42,0.16999999999999993,5.38,0.0011790878754170658,0.0,1.0,0
5.368,0.05108163401197478,5.25,5.46,0.20999999999999996,5.37,0.00187319243603985,0.0,1.0,0
5.387000000000001,0.04583666654546338,5.27,5.44,0.17000000000000082,5.4,-0.0024805339265852135,0.0,1.0,0
5.421333333333332,0.05806509756777793,5.29,5.53,0.2400000000000002,5.43,0.003417130144604994,0.0,1.0,0
5.442000000000001,0.040447496832313384,5.35,5.51,0.16000000000000014,5.44,0.00156173526140137,0.0,1.0,0
5.4559999999999995,0.03629508690350988,5.38,5.55,0.16999999999999993,5.46,0.0015706340378197324,0.0,1.0,0
5.489666666666666,0.03911379409989383,5.43,5.59,0.16000000000000014,5.48,-0.002311457174638574,0.0,1.0,0
5.463333333333334,0.022852182001337006,5.4,5.48,0.08000000000000007,5.48,-0.0003692992213571638,0.0,1.0,0
5.475333333333333,0.025394662606321207,5.4,5.51,0.10999999999999943,5.48,-0.0009521690767520881,0.0,1.0,0
5.457999999999999,0.024138489320308924,5.38,5.51,0.1299999999999999,5.46,0.0015127919911010678,0.0,1.0,0
5.480999999999999,0.017767010628315205,5.43,5.51,0.08000000000000007,5.48,-0.0003403781979978699,0.0,1.0,0
5.485333333333332,0.012310790208412787,5.46,5.51,0.04999999999999982,5.48,-0.0002669632925473975,0.0,1.0,0
5.486666666666666,0.016996731711975865,5.46,5.51,0.04999999999999982,5.48,-0.0009566184649611156,0.0,1.0,0
5.484333333333331,0.015205992970609306,5.46,5.51,0.04999999999999982,5.48,-0.00041156840934386687,0.0,1.0,0
5.486000000000001,0.019765289440498053,5.43,5.51,0.08000000000000007,5.49,0.0007964404894325504,0.0,1.0,0
5.496333333333333,0.012775845264491095,5.46,5.51,0.04999999999999982,5.5,0.00010456062291416482,0.0,1.0,0
5.515000000000001,0.015220600075774563,5.48,5.55,0.0699999999999994,5.51,0.0009766407119019894,0.0,1.0,0
5.539666666666666,0.016829207415152425,5.5,5.57,0.07000000000000028,5.54,0.00024694104560602436,0.0,1.0,0
5.573333333333333,0.017950549357114973,5.53,5.61,0.08000000000000007,5.57,0.0013748609566183703,0.0,1.0,0
5.614333333333333,0.022163533613172255,5.57,5.64,0.0699999999999994,5.62,0.0012436040044491949,0.0,1.0,0
5.644666666666667,0.03180496117833737,5.57,5.68,0.10999999999999943,5.65,0.0018331479421578526,0.0,1.0,0
5.634333333333331,0.026793448618811434,5.59,5.68,0.08999999999999986,5.64,-0.0005895439377087345,0.0,1.0,0
5.660333333333332,0.019745604292826534,5.61,5.7,0.08999999999999986,5.66,0.0008342602892101491,0.0,1.0,0
5.649666666666665,0.014715826703096234,5.63,5.7,0.07000000000000028,5.64,-0.0006206896551725806,0.0,1.0,0
5.660333333333333,0.019405039437103935,5.63,5.7,0.07000000000000028,5.66,0.0007986651835372755,0.0,1.0,0
5.681333333333336,0.012310790208412936,5.66,5.71,0.04999999999999982,5.68,0.0004004449388208178,0.0,1.0,0
5.673333333333334,0.01299572579307854,5.64,5.7,0.0600000000000005,5.68,0.00015127919911006837,0.0,1.0,0
5.696666666666666,0.013743685418725608,5.66,5.72,0.05999999999999961,5.7,0.0008898776418241078,0.0,1.0,0
5.714666666666667,0.020773915267843848,5.66,5.76,0.09999999999999964,5.71,0.001441601779755167,0.0,1.0,0
5.778333333333334,0.019507833184532676,5.74,5.81,0.0699999999999994,5.77,0.0008921023359287368,0.0,1.0,0
5.827666666666668,0.020278614899006914,5.77,5.86,0.09000000000000075,5.83,0.0011635150166850467,0.0,1.0,0
5.834333333333335,0.01838175423861643,5.79,5.86,0.07000000000000028,5.835,0.0011679644048942087,0.0,1.0,0
5.876333333333332,0.022580719405919877,5.83,5.92,0.08999999999999986,5.88,0.001354838709677266,0.0,1.0,0
5.925,0.01892969448600104,5.89,5.96,0.07000000000000028,5.92,0.0006028921023357789,0.0,1.0,0
5.958333333333334,0.023249850656629004,5.9,5.99,0.08999999999999986,5.965,0.0018264738598440615,0.0,1.0,0
5.914333333333334,0.025256462319352732,5.88,5.97,0.08999999999999986,5.9,-0.002235817575083626,0.0,1.0,0
6.049666666666666,0.1319970538391755,5.89,6.25,0.3600000000000003,6.0600000000000005,0.013381535038931974,0.0,0.4666666666666667,0
6.1866666666666665,0.08125405972763584,5.9,6.3,0.39999999999999947,6.2,-0.007488320355951217,0.0,0.03333333333333333,0
6.195000000000001,0.07610300037887244,5.96,6.3,0.33999999999999986,6.22,0.007281423804226844,0.0,0.03333333333333333,0
6.304333333333334,0.03518364519047022,6.22,6.36,0.14000000000000057,6.32,0.0019510567296994843,0.0,0.0,0
6.345333333333333,0.028952067667477967,6.27,6.4,0.13000000000000078,6.35,0.0008409343715236905,0.0,0.0,0
6.352333333333333,0.02445176658012447,6.3,6.4,0.10000000000000053,6.35,0.00026028921023347204,0.0,0.0,0
6.342333333333333,0.029289740334951613,6.29,6.4,0.11000000000000032,6.35,-0.000731924360400575,0.0,0.0,0
6.329666666666666,0.04942896137106497,6.22,6.4,0.1800000000000006,6.36,0.0016885428253614024,0.0,0.0,0
6.350666666666666,0.03182591536608006,6.27,6.4,0.13000000000000078,6.355,0.00014238042269176354,0.0,0.0,0
6.338333333333333,0.028411656449813475,6.29,6.38,0.08999999999999986,6.35,0.00042936596218016927,0.0,0.0,0
6.348000000000001,0.03004441157131674,6.29,6.4,0.11000000000000032,6.36,-8.898776418285635e-06,0.0,0.0,0
6.346666666666667,0.03112698007981007,6.3,6.4,0.10000000000000053,6.35,0.00046273637374847157,0.0,0.0,0
6.341,0.03867384990748483,6.23,6.38,0.14999999999999947,6.35,-0.0006785317018910916,0.0,0.0,0
6.349333333333332,0.03530187278632996,6.25,6.4,0.15000000000000036,6.36,0.000769744160177828,0.0,0.0,0
6.340999999999999,0.053687366608293756,6.2,6.4,0.20000000000000018,6.355,-0.003147942157953448,0.0,0.0,0
6.309333333333333,0.05163547445528343,6.2,6.38,0.17999999999999972,6.325,0.0023804226918798456,0.0,0.0,0
6.346333333333334,0.030164364553043266,6.27,6.38,0.11000000000000032,6.36,-0.0005228031145719379,0.0,0.0,0
6.337666666666667,0.03666818178687851,6.27,6.38,0.11000000000000032,6.355,0.000407119021134532,0.0,0.0,0
6.3386666666666684,0.03323986896618119,6.25,6.38,0.1299999999999999,6.355,0.0005739710789764658,0.0,0.0,0
6.339666666666667,0.031462499724098446,6.27,6.38,0.11000000000000032,6.355,0.00026473859844257646,0.0,0.0,0
6.324999999999999,0.059427827376294616,6.17,6.38,0.20999999999999996,6.36,-0.0039933259176864345,0.0,0.0,0
6.271000000000001,0.047982635748084305,6.18,6.33,0.15000000000000036,6.29,0.0017374860956617046,0.0,0.0,0
6.3450000000000015,0.02617250465660492,6.27,6.38,0.11000000000000032,6.355,0.0002869855394882137,0.0,0.0,0
6.340000000000002,0.03033150177620631,6.27,6.38,0.11000000000000032,6.35,-0.00027586206896566395,0.0,0.0,0
6.340666666666666,0.023654926665613567,6.29,6.36,0.07000000000000028,6.35,-0.00040934371523929547,0.0,0.0,0
6.328333333333334,0.03522152119877208,6.23,6.36,0.1299999999999999,6.35,0.001003337041156712,0.0,0.0,0
6.341666666666668,0.024641879437701714,6.29,6.36,0.07000000000000028,6.35,-0.0006251390433817619,0.0,0.0,0
6.335,0.023345235059857517,6.27,6.36,0.09000000000000075,6.35,-0.00015795328142403225,0.0,0.0,0
6.314333333333335,0.04294828932047872,6.18,6.35,0.16999999999999993,6.33,0.0002558398220243292,0.0,0.0,0
6.328999999999999,0.027489391893358892,6.25,6.36,0.11000000000000032,6.33,0.00021579532814235114,0.0,0.0,0
6.320666666666667,0.049593906435726094,6.2,6.36,0.16000000000000014,6.34,-0.0005828698553950203,0.0,0.0,0
6.349333333333336,0.02954469307488057,6.27,6.38,0.11000000000000032,6.36,0.0006006674082312843,0.0,0.0,0
6.331333333333333,0.03537733109712423,6.2,6.36,0.16000000000000014,6.35,-0.0006985539488323111,0.0,0.0,0
6.331333333333333,0.039474323581566564,6.18,6.36,0.1800000000000006,6.35,0.0013882091212457219,0.0,0.0,0
6.34,0.025298221281347066,6.27,6.36,0.09000000000000075,6.35,-0.0003292547274751473,0.0,0.0,0
6.345,0.018574175621006793,6.3,6.36,0.0600000000000005,6.35,-0.00038042269188002083,0.0,0.0,0
6.304666666666665,0.05684677260456879,6.17,6.36,0.1900000000000004,6.33,-0.003933259176863314,0.0,0.0,0
6.311333333333333,0.049039666484274554,6.18,6.35,0.16999999999999993,6.33,0.00129477196885403,0.0,0.0,0
6.336,0.03126233090051561,6.25,6.36,0.11000000000000032,6.35,-0.0005784204671858775,0.0,0.0,0
6.334333333333334,0.026543465402157847,6.25,6.36,0.11000000000000032,6.35,-0.0009232480533928326,0.0,0.0,0
6.322333333333334,0.030515933907095498,6.22,6.35,0.1299999999999999,6.33,0.0010433815350387669,0.0,0.0,0
6.339,0.02736786436680808,6.27,6.36,0.09000000000000075,6.35,0.0002113459399330931,0.0,0.0,0
6.318333333333336,0.028645340904858308,6.23,6.35,0.11999999999999922,6.33,0.0007541713014458665,0.0,0.0,0
6.324333333333334,0.029516473743017083,6.23,6.36,0.1299999999999999,6.33,-2.4471635150285495e-05,0.0,0.0,0
6.317666666666668,0.03826951208933225,6.2,6.35,0.14999999999999947,6.33,0.001697441601779496,0.0,0.0,0
6.320666666666667,0.02568181371234426,6.25,6.35,0.09999999999999964,6.33,-1.779755283672491e-05,0.0,0.0,0
6.302666666666667,0.03785351884420904,6.2,6.33,0.1299999999999999,6.32,-0.0007608453837598112,0.0,0.0,0
6.331,0.01757839583124686,6.29,6.36,0.07000000000000028,6.33,0.0009054505005560309,0.0,0.0,0
6.326666666666669,0.02426703296426831,6.25,6.35,0.09999999999999964,6.33,-0.00046718576195796006,0.0,0.0,0
6.317000000000001,0.02354428451521378,6.25,6.35,0.09999999999999964,6.33,-3.781979977759871e-05,0.0,0.0,0
6.307666666666666,0.02445176658012455,6.22,6.33,0.11000000000000032,6.32,-0.0005094549499445479,0.0,0.0,0
6.309333333333333,0.04381273280172727,6.18,6.35,0.16999999999999993,6.325,0.0018731924360398692,0.0,0.0,0
6.290333333333334,0.027384099198054596,6.23,6.33,0.09999999999999964,6.295,-0.0008209121245830855,0.0,0.0,0
6.321000000000001,0.02724579478255926,6.22,6.36,0.14000000000000057,6.32,0.0012836484983312882,0.0,0.0,0
6.258333333333335,0.030230595245361636,6.22,6.33,0.11000000000000032,6.25,-0.0017953281423805612,0.0,0.0,0
6.248666666666666,0.01667999467092899,6.22,6.29,0.07000000000000028,6.25,-0.0005161290322582622,0.0,0.0,0
6.262666666666666,0.03669090108217865,6.2,6.32,0.1200000000000001,6.25,0.0034349276974414695,0.0,0.0,0
6.327666666666669,0.041447423187562435,6.23,6.38,0.14999999999999947,6.325,-0.003481646273637546,0.0,0.0,0
6.340333333333332,0.07259400036427865,6.29,6.53,0.2400000000000002,6.3100000000000005,0.0056395995550611346,0.0,0.0,0
6.5569999999999995,0.029456182146820536,6.48,6.62,0.13999999999999968,6.5600000000000005,-0.0001490545050056314,0.0,0.0,0
6.573333333333335,0.02902106514623852,6.51,6.63,0.1200000000000001,6.57,0.0022424916573968792,0.0,0.0,0
6.643333333333333,0.030037014202850137,6.6,6.71,0.11000000000000032,6.64,0.0024249165739710435,0.0,0.0,0
6.735000000000001,0.03242941051987624,6.62,6.77,0.14999999999999947,6.73,0.0024004449388206044,0.0,0.0,0
6.693666666666664,0.03177874901390705,6.64,6.75,0.11000000000000032,6.7,-0.002854282536151443,0.0,0.0,0
6.6596666666666655,0.015162087220725588,6.63,6.7,0.07000000000000028,6.66,0.00043381535038912005,0.0,0.0,0
6.609000000000001,0.05140363151892411,6.51,6.7,0.1900000000000004,6.6,-0.005434927697441755,0.0,0.0,0
6.629333333333334,0.10006442369238366,6.53,6.84,0.3099999999999996,6.575,0.009953281423804278,0.0,0.0,0
6.658,0.045048122417403164,6.62,6.78,0.16000000000000014,6.64,-0.00452502780867639,0.0,0.0,0
6.610333333333333,0.01662995957768859,6.57,6.64,0.0699999999999994,6.62,-0.0009010011123472337,0.0,0.0,0
6.576000000000002,0.020752509888364502,6.53,6.62,0.08999999999999986,6.58,-0.001962180200222649,0.0,0.0,0
6.516666666666665,0.017763883459299093,6.5,6.57,0.07000000000000028,6.51,-0.0012235817575084362,0.0,0.0,0
6.4899999999999975,0.016124515496596936,6.45,6.51,0.05999999999999961,6.5,-0.001165739710789887,0.0,0.0,0
6.493333333333331,0.013743685418725437,6.45,6.51,0.05999999999999961,6.5,0.0010500556173525194,0.0,0.0,0
6.500333333333333,0.01741327718214527,6.45,6.53,0.08000000000000007,6.5,-0.0006473859844272071,0.0,0.0,0
6.471666666666666,0.030885091693062687,6.42,6.57,0.15000000000000036,6.47,0.0017463848720799518,0.0,0.0,0
6.469666666666665,0.012512216252748998,6.44,6.5,0.05999999999999961,6.47,0.0005984427141266745,0.0,0.0,0
6.467999999999999,0.028213471959331597,6.42,6.51,0.08999999999999986,6.46,-0.0021490545050057252,0.0,0.0,0
6.434333333333331,0.011742609969205817,6.4,6.45,0.04999999999999982,6.44,-6.00667408233128e-05,0.0,0.0,0
6.459,0.012206555615733495,6.44,6.48,0.040000000000000036,6.46,0.0007630700778640752,0.0,0.0,0
6.453333333333331,0.012472191289246284,6.42,6.47,0.04999999999999982,6.45,-0.0009076751946608327,0.0,0.0,0
6.317333333333334,0.22089112451361398,5.61,6.58,0.9699999999999998,6.38,-0.007937708565072452,0.0,0.1,0
6.500666666666666,0.09344992717433695,6.35,6.66,0.3100000000000005,6.5,0.008516129032257945,0.0,0.0,0
6.4190000000000005,0.47769132292726446,5.09,6.7,1.6100000000000003,6.65,-0.03396440489432726,0.0,0.16666666666666666,0
6.769000000000001,0.11550901840693367,6.51,6.94,0.4300000000000006,6.77,0.00838042269187982,0.0,0.0,0
6.785666666666668,0.04587543520835037,6.7,6.86,0.16000000000000014,6.79,0.0007808676307006081,0.0,0.0,0
6.786666666666665,0.07712904050284107,6.64,6.91,0.27000000000000046,6.8,-0.004547274749722103,0.0,0.0,0
6.811666666666668,0.0622405726908814,6.66,6.91,0.25,6.82,0.0010967741935482501,0.0,0.0,0
6.694333333333333,0.2840385341619846,5.7,6.96,1.2599999999999998,6.81,-0.01797330367074541,0.0,0.06666666666666667,0
6.815,0.07948794457861733,6.64,6.97,0.33000000000000007,6.81,0.005515016685205712,0.0,0.0,0
6.8693333333333335,0.13795973647731027,6.5,7.01,0.5099999999999998,6.93,-0.00979310344827602,0.03333333333333333,0.0,0
6.317333333333334,0.41301277892524774,5.55,7.06,1.5099999999999998,6.279999999999999,-0.02170856507230264,0.03333333333333333,0.26666666666666666,0
6.607333333333333,0.19094385445872705,6.2,6.88,0.6799999999999997,6.625,0.017401557285873094,0.0,0.0,0
7.040999999999999,0.10383801487573488,6.88,7.21,0.33000000000000007,7.025,0.011913236929921932,0.6333333333333333,0.0,0
7.291000000000001,0.050289163842720586,7.21,7.38,0.16999999999999993,7.295,0.004206896551723946,1.0,0.0,0
7.017,0.1379649713997482,6.73,7.25,0.5199999999999996,6.975,-0.012812013348164786,0.4666666666666667,0.0,0
7.0153333333333325,0.0557215298505782,6.86,7.1,0.23999999999999932,7.02,0.004952169076751757,0.6666666666666666,0.0,0
7.184999999999999,0.056258332716141,7.07,7.25,0.17999999999999972,7.210000000000001,0.005777530589543678,1.0,0.0,0
7.304333333333334,0.037209616439242636,7.23,7.38,0.14999999999999947,7.3,0.003922135706340188,1.0,0.0,0
7.374666666666668,0.01257864150940876,7.34,7.4,0.0600000000000005,7.38,8.89877641805517e-06,1.0,0.0,0
7.373999999999999,0.013808210118138634,7.34,7.4,0.0600000000000005,7.38,0.0009477196885425803,1.0,0.0,0
7.371333333333333,0.016878651868229486,7.32,7.4,0.08000000000000007,7.38,-0.000315906562847642,1.0,0.0,0
7.3149999999999995,0.08845903006477064,7.09,7.4,0.3100000000000005,7.36,-0.007815350389321754,1.0,0.0,0
7.337999999999999,0.05605949220842676,7.23,7.4,0.16999999999999993,7.36,0.005566184649610316,1.0,0.0,0
7.407333333333335,0.02205044721138838,7.38,7.45,0.07000000000000028,7.4,0.0015127919911009525,1.0,0.0,0
7.421333333333333,0.02472964932132193,7.38,7.47,0.08999999999999986,7.42,0.000400444938820741,1.0,0.0,0
7.272666666666667,0.283877125218328,6.27,7.44,1.1700000000000008,7.38,-0.0213615127919913,0.9,0.0,0
6.724333333333334,0.2447404520893284,6.03,7.09,1.0599999999999996,6.765000000000001,0.011241379310344746,0.1,0.0,0
7.034666666666668,0.139037964439773,6.68,7.23,0.5500000000000007,7.0649999999999995,-0.00807563959955515,0.7333333333333333,0.0,0
7.0873333333333335,0.1044647734353016,6.93,7.27,0.33999999999999986,7.09,0.008791991101223456,0.7666666666666667,0.0,0
7.218000000000001,0.058957611891934686,7.14,7.34,0.20000000000000018,7.21,0.0008542825361511958,1.0,0.0,0
7.279666666666669,0.07909839161168558,7.1,7.36,0.2600000000000007,7.295,0.005421579532814135,1.0,0.0,0
7.305666666666666,0.028481963103378707,7.23,7.36,0.1299999999999999,7.3,-0.0018264738598444841,1.0,0.0,0
7.201666666666666,0.03531603350069529,7.14,7.29,0.15000000000000036,7.2,-7.786429365980724e-05,1.0,0.0,0
7.199666666666667,0.043319228473687736,7.1,7.27,0.16999999999999993,7.19,-0.001986651835372819,1.0,0.0,0
6.988333333333332,0.10786050662262292,6.75,7.23,0.4800000000000004,6.99,-0.0016618464961070064,0.4666666666666667,0.0,0
7.0843333333333325,0.05713628930509536,6.97,7.21,0.2400000000000002,7.07,0.002987764182424921,0.9333333333333333,0.0,0
6.851000000000001,0.22184604271130606,6.32,7.19,0.8700000000000001,6.93,-0.0021156840934371925,0.26666666666666666,0.0,0
6.7446666666666655,0.2588015112440849,6.25,7.1,0.8499999999999996,6.705,-0.019345939933259247,0.16666666666666666,0.0,0
6.817333333333334,0.10957290824935799,6.5,7.03,0.5300000000000002,6.81,-0.0012057842046720188,0.03333333333333333,0.0,0
6.556666666666664,0.17632041540584256,6.2,6.83,0.6299999999999999,6.609999999999999,-0.012324805339265991,0.0,0.0,0
6.384333333333332,0.09214782809281101,6.18,6.55,0.3700000000000001,6.38,0.005385984427141069,0.0,0.0,0
6.681666666666667,0.10437379407154315,6.42,6.9,0.4800000000000004,6.66,0.004909899888765208,0.0,0.0,0
6.745333333333335,0.09383436944365794,6.5,6.91,0.41000000000000014,6.77,-0.008057842046718847,0.0,0.0,0
6.706,0.07722693830523128,6.55,6.84,0.29000000000000004,6.71,0.005868743047830914,0.0,0.0,0
6.827666666666668,0.06189686762851753,6.73,6.97,0.23999999999999932,6.81,0.004117908787541627,0.0,0.0,0
6.833333333333333,0.22250593000836835,6.14,7.03,0.8900000000000006,6.905,-0.010972191323693143,0.1,0.0,0
6.400666666666667,0.14800750731710277,6.16,6.66,0.5,6.4,0.01305450500556161,0.0,0.0,0
6.791666666666667,0.09158177887670793,6.58,6.97,0.3899999999999997,6.79,0.007966629588431457,0.0,0.0,0
6.892333333333335,0.062433075279765785,6.81,7.03,0.22000000000000064,6.88,0.0018531701890988417,0.06666666666666667,0.0,0
6.801,0.08291963981269254,6.7,6.96,0.2599999999999998,6.77,-0.00454949944382656,0.0,0.0,0
6.889,0.06774215821775975,6.78,7.01,0.22999999999999954,6.890000000000001,0.004540600667408121,0.03333333333333333,0.0,0
6.926333333333333,0.042464364144800516,6.86,7.03,0.16999999999999993,6.91,0.000887652947719498,0.06666666666666667,0.0,0
6.945666666666668,0.04325762617414668,6.88,7.03,0.15000000000000036,6.93,-0.00044271412680771296,0.16666666666666666,0.0,0
6.942666666666667,0.045382326466980025,6.88,7.04,0.16000000000000014,6.93,0.0008008898776417124,0.13333333333333333,0.0,0
6.9719999999999995,0.03910669166949988,6.93,7.06,0.1299999999999999,6.96,0.0003604004449387245,0.23333333333333334,0.0,0
6.921333333333334,0.04971474183333907,6.83,7.01,0.17999999999999972,6.93,-0.0026696329254729764,0.06666666666666667,0.0,0
6.933000000000001,0.05441507144165105,6.88,7.06,0.17999999999999972,6.91,0.0015150166852055623,0.16666666666666666,0.0,0
6.882666666666667,0.06271274901396764,6.77,7.04,0.27000000000000046,6.890000000000001,-0.003457174638487299,0.03333333333333333,0.0,0
6.935000000000001,0.04318564576337834,6.84,7.01,0.16999999999999993,6.9350000000000005,0.0032636262513901625,0.06666666666666667,0.0,0
6.950666666666667,0.03949120858565302,6.88,7.04,0.16000000000000014,6.94,0.0007697441601777511,0.16666666666666666,0.0,0
6.952000000000001,0.040693979898751564,6.86,7.03,0.16999999999999993,6.96,0.00261179087875412,0.13333333333333333,0.0,0
6.942666666666667,0.03669090108217863,6.9,7.03,0.1299999999999999,6.9350000000000005,2.2246941045445212e-05,0.13333333333333333,0.0,0
6.986666666666666,0.03672722272223819,6.94,7.04,0.09999999999999964,6.97,0.0015572858731923423,0.4,0.0,0
6.986999999999999,0.04803817926052848,6.91,7.07,0.16000000000000014,6.97,-0.0008164627363739043,0.36666666666666664,0.0,0
6.995666666666668,0.03738835231577995,6.94,7.07,0.1299999999999999,6.98,-0.00033592880978889993,0.4,0.0,0
6.9719999999999995,0.05281413952090223,6.91,7.07,0.16000000000000014,6.97,-0.0031412680756398104,0.3333333333333333,0.0,0
6.946666666666667,0.04237399621885523,6.9,7.07,0.16999999999999993,6.93,-0.00029365962180208155,0.1,0.0,0
6.945333333333334,0.04201058067783501,6.9,7.06,0.15999999999999925,6.94,-0.001067853170189398,0.13333333333333333,0.0,0
6.956333333333333,0.03420363853289425,6.91,7.01,0.09999999999999964,6.94,0.0009365962180198769,0.2,0.0,0
6.963,0.03475149876863827,6.91,7.03,0.1200000000000001,6.94,-0.0002691879866519497,0.2,0.0,0
6.9606666666666674,0.030976693747970477,6.91,7.01,0.09999999999999964,6.96,0.0018776418242489735,0.16666666666666666,0.0,0
6.948333333333334,0.03387066905483583,6.9,7.01,0.10999999999999943,6.94,-2.0022246941181088e-05,0.2,0.0,0
6.947666666666667,0.03242255730540423,6.88,7.01,0.1299999999999999,6.94,0.000576195773081114,0.03333333333333333,0.0,0
6.940333333333334,0.03219558285783239,6.9,7.01,0.10999999999999943,6.93,-0.0005939933259176853,0.1,0.0,0
6.909333333333334,0.04682829154356256,6.84,6.99,0.15000000000000036,6.91,0.00040489432702976854,0.0,0.0,0
6.926666666666666,0.03409138046812146,6.86,6.99,0.1299999999999999,6.91,0.0009788654060065417,0.0,0.0,0
6.925000000000001,0.031701734968294634,6.9,6.99,0.08999999999999986,6.91,-4.226918798677994e-05,0.0,0.0,0
6.924333333333334,0.02917571288284507,6.88,6.99,0.11000000000000032,6.91,0.0010255839822023492,0.0,0.0,0
6.904,0.04439219150556398,6.79,6.99,0.20000000000000018,6.9,-0.00032925472747503205,0.0,0.0,0
6.913333333333335,0.026373387259803302,6.88,6.96,0.08000000000000007,6.9,0.0005695216907672845,0.0,0.0,0
6.901333333333334,0.034518915909332294,6.84,6.97,0.1299999999999999,6.9,-0.0017397107897665833,0.0,0.0,0
6.908333333333334,0.024910952522044602,6.86,6.94,0.08000000000000007,6.905,0.0006162402669632458,0.0,0.0,0
6.902666666666668,0.03021405118299914,6.83,6.96,0.1299999999999999,6.9,-0.0013259176863182603,0.0,0.0,0
6.861333333333334,0.04688520259337948,6.81,6.96,0.15000000000000036,6.84,-0.0001779755283650213,0.0,0.0,0
6.891000000000001,0.03663786747797055,6.81,6.94,0.13000000000000078,6.9,0.002017797552836281,0.0,0.0,0
6.887000000000002,0.03417113791881481,6.84,6.96,0.1200000000000001,6.87,-0.001038932146830008,0.0,0.0,0
6.840666666666667,0.057034102858630975,6.73,6.93,0.1999999999999993,6.86,-0.0049477196885430366,0.0,0.0,0
6.474333333333334,0.2882786075232701,5.76,6.81,1.0499999999999998,6.495,0.0017641824249163694,0.0,0.1,0
6.848666666666667,0.03584534682338686,6.75,6.9,0.15000000000000036,6.86,0.0035906562847607382,0.0,0.0,0
6.926333333333333,0.020733762053445248,6.88,6.97,0.08999999999999986,6.93,0.002218020022246747,0.0,0.0,0
7.0943333333333305,0.05194120607849693,6.99,7.17,0.17999999999999972,7.1,0.005804226918798343,0.9666666666666667,0.0,0
7.199333333333333,0.016918103387266032,7.17,7.23,0.0600000000000005,7.2,0.0013882091212456067,1.0,0.0,0
7.219333333333333,0.013399834161494635,7.19,7.23,0.040000000000000036,7.23,0.0002313681868743126,1.0,0.0,0
7.231333333333333,0.004988876515698482,7.23,7.25,0.019999999999999574,7.23,0.00014238042269168672,1.0,0.0,0
7.237999999999999,0.01107549848389053,7.23,7.27,0.03999999999999915,7.23,0.0004894327030030979,1.0,0.0,0
7.256,0.015620499351813042,7.23,7.29,0.05999999999999961,7.25,0.0002981090100108787,1.0,0.0,0
7.257333333333334,0.0167199149386457,7.23,7.29,0.05999999999999961,7.25,0.0010278086763068437,1.0,0.0,0
7.26,0.012382783747337546,7.23,7.27,0.03999999999999915,7.27,-0.00041379310344851514,1.0,0.0,0
7.2299999999999995,0.008944271909999166,7.21,7.25,0.040000000000000036,7.23,7.119021134574733e-05,1.0,0.0,0
7.277666666666666,0.018381754238616307,7.23,7.3,0.0699999999999994,7.29,0.0018175750834258913,1.0,0.0,0
7.275999999999999,0.02360790827950095,7.23,7.32,0.08999999999999986,7.279999999999999,-0.0020645161290323575,1.0,0.0,0
7.238666666666666,0.009910712498212123,7.23,7.25,0.019999999999999574,7.23,0.00020022246941035128,1.0,0.0,0
7.233333333333333,0.015563490039904893,7.21,7.27,0.05999999999999961,7.23,-0.001259176863181502,1.0,0.0,0
7.221333333333335,0.02813459712801214,7.17,7.27,0.09999999999999964,7.23,0.002852057842046526,1.0,0.0,0
7.250666666666664,0.02096558025802157,7.23,7.29,0.05999999999999961,7.25,-0.0019443826473860774,1.0,0.0,0
7.240000000000001,0.01770122406313543,7.21,7.29,0.08000000000000007,7.23,0.001508342602891925,1.0,0.0,0
7.250666666666665,0.022201101073795356,7.21,7.29,0.08000000000000007,7.25,-0.0022291434927699887,1.0,0.0,0
7.240666666666668,0.014360439485691767,7.21,7.27,0.05999999999999961,7.23,0.0009432703003335528,1.0,0.0,0
7.227999999999998,0.011944315244779298,7.19,7.25,0.05999999999999961,7.23,-0.000591768631813306,1.0,0.0,0
7.268000000000001,0.02135415650406247,7.23,7.3,0.0699999999999994,7.27,0.0021624026696328846,1.0,0.0,0
7.304333333333333,0.010857664983268374,7.29,7.32,0.03000000000000025,7.3,0.0005317018909900315,1.0,0.0,0
7.306,0.010198039027185758,7.29,7.32,0.03000000000000025,7.3,0.00018242491657389525,1.0,0.0,0
7.295999999999998,0.014966629547095937,7.27,7.32,0.05000000000000071,7.29,-0.0011034482758621948,1.0,0.0,0
7.255333333333331,0.026674998698323172,7.23,7.3,0.0699999999999994,7.25,-0.002687430478309356,1.0,0.0,0
7.226666666666666,0.013743685418725574,7.19,7.25,0.05999999999999961,7.23,0.0011968854282533874,1.0,0.0,0
7.223333333333333,0.018135294011647294,7.17,7.25,0.08000000000000007,7.23,-0.0016551724137932923,1.0,0.0,0
7.188666666666667,0.020450482200237388,7.16,7.23,0.07000000000000028,7.19,0.0016373748609564906,1.0,0.0,0
7.249333333333333,0.01590248058916849,7.23,7.29,0.05999999999999961,7.25,0.0007964404894325312,1.0,0.0,0
7.216666666666667,0.02149935399546277,7.17,7.27,0.09999999999999964,7.21,-0.0011479421579535462,1.0,0.0,0
7.244666666666669,0.014544949486180642,7.23,7.27,0.03999999999999915,7.25,0.0012458286985537663,1.0,0.0,0
7.2780000000000005,0.014922019523732982,7.23,7.3,0.0699999999999994,7.27,0.0009922135706338933,1.0,0.0,0
7.270666666666667,0.01671991493864589,7.23,7.29,0.05999999999999961,7.27,-0.0010367074527253214,1.0,0.0,0
7.235333333333332,0.011469767022723324,7.21,7.27,0.05999999999999961,7.23,-0.0006407119021133776,1.0,0.0,0
7.231333333333333,0.007180219742845941,7.21,7.25,0.040000000000000036,7.23,-0.00016907675194681248,1.0,0.0,0
7.208,0.018867962264113296,7.17,7.23,0.0600000000000005,7.21,-0.001081201334816596,1.0,0.0,0
7.168333333333333,0.015073892072793388,7.12,7.21,0.08999999999999986,7.17,-0.0009543937708566787,1.0,0.0,0
7.114333333333333,0.01801542548916228,7.09,7.16,0.07000000000000028,7.12,-0.001555061179087963,1.0,0.0,0
7.095999999999999,0.01624807680927188,7.07,7.12,0.04999999999999982,7.09,-0.0014949944382648423,1.0,0.0,0
7.095999999999998,0.027519689920733656,7.04,7.14,0.09999999999999964,7.09,0.0025094549499443345,1.0,0.0,0
7.162999999999997,0.010049875621120946,7.14,7.17,0.03000000000000025,7.17,0.0004872080088986034,1.0,0.0,0
7.153999999999998,0.014047538337137063,7.12,7.17,0.04999999999999982,7.16,-0.00042714126807586676,1.0,0.0,0
7.160333333333331,0.01702612371882959,7.1,7.19,0.09000000000000075,7.165,0.0007274749721911248,1.0,0.0,0
7.133333333333332,0.022410315085295524,7.09,7.17,0.08000000000000007,7.14,-0.0007919911012237341,1.0,0.0,0
7.119333333333333,0.02189875694087583,7.09,7.16,0.07000000000000028,7.12,-0.0020778642936598625,1.0,0.0,0
7.084333333333333,0.014533486237727593,7.04,7.1,0.05999999999999961,7.09,-0.0002780867630702738,1.0,0.0,0
7.082333333333333,0.026543465402157882,7.01,7.16,0.15000000000000036,7.09,0.000972191323692789,1.0,0.0,0
7.127666666666666,0.02940332558666726,7.09,7.19,0.10000000000000053,7.12,-0.0025561735261402188,1.0,0.0,0
7.074333333333332,0.01666999966673332,7.04,7.12,0.08000000000000007,7.07,-0.0014126807563961225,1.0,0.0,0
7.037333333333332,0.028859814429217815,6.96,7.07,0.11000000000000032,7.04,-0.0017174638487210227,0.9,0.0,0
7.029999999999999,0.01732050807568878,6.97,7.06,0.08999999999999986,7.03,0.000391546162402609,0.9666666666666667,0.0,0
7.022666666666666,0.021281186266016536,6.94,7.04,0.09999999999999964,7.03,-0.0012191323692992552,0.9333333333333333,0.0,0
6.982333333333334,0.02319243171573193,6.93,7.03,0.10000000000000053,6.99,-0.0004694104560623778,0.2,0.0,0
6.954666666666667,0.020933757957476744,6.88,6.99,0.11000000000000032,6.96,0.0001779755283646756,0.0,0.0,0
6.951666666666667,0.019163043135739685,6.91,6.99,0.08000000000000007,6.96,-0.0003759733036709164,0.0,0.0,0
6.936333333333334,0.016224124698184,6.88,6.96,0.08000000000000007,6.94,-0.0005272525027809656,0.0,0.0,0
6.924000000000001,0.02511307760244985,6.83,6.97,0.13999999999999968,6.93,0.0013481646273635901,0.0,0.0,0
6.932333333333333,0.0189179514982169,6.9,6.97,0.0699999999999994,6.9350000000000005,0.00031813125695194457,0.0,0.0,0
6.9136666666666695,0.032195582857832375,6.83,6.96,0.1299999999999999,6.91,-0.0029388209121246575,0.0,0.0,0
6.716333333333333,0.17963821667142243,6.35,6.88,0.5300000000000002,6.82,-0.01781312569521696,0.0,0.0,0
6.454333333333333,0.11893088562503663,6.25,6.66,0.41000000000000014,6.44,0.010894327030033258,0.0,0.0,0
6.681666666666667,0.04457827074059993,6.58,6.78,0.20000000000000018,6.68,0.0026407119021133944,0.0,0.0,0
6.794333333333333,0.04279278236130738,6.63,6.84,0.20999999999999996,6.8,0.00017130144605092298,0.0,0.0,0
6.528333333333333,0.21734892582102994,5.97,6.75,0.7800000000000002,6.625,0.017288097886540565,0.0,0.03333333333333333,0
6.835333333333333,0.04745055906473135,6.73,6.91,0.17999999999999972,6.84,0.004636262513904077,0.0,0.0,0
6.866,0.03342653636459125,6.79,6.9,0.11000000000000032,6.88,-2.6696329254856903e-05,0.0,0.0,0
6.8583333333333325,0.14415462377445812,6.35,6.96,0.6100000000000003,6.91,-0.008865406006674235,0.0,0.0,0
6.645666666666668,0.27630518553866407,5.84,6.99,1.1500000000000004,6.74,0.02755283648498315,0.0,0.03333333333333333,0
7.111333333333333,0.10738508069352821,6.88,7.29,0.41000000000000014,7.15,0.01039377085650692,0.8,0.0,0
7.2459999999999996,0.06151422599691881,7.16,7.34,0.17999999999999972,7.23,0.0060600667408229406,1.0,0.0,0
7.336666666666668,0.04181971890016587,7.23,7.4,0.16999999999999993,7.34,0.0006941045606227457,1.0,0.0,0
7.296333333333334,0.04385455759920767,7.23,7.36,0.1299999999999999,7.3,-0.0015773081201336386,1.0,0.0,0
7.2923333333333344,0.05583805950146264,7.21,7.38,0.16999999999999993,7.27,0.0010923248053391458,1.0,0.0,0
7.271666666666667,0.04712277109376681,7.19,7.36,0.16999999999999993,7.27,-0.002444938820912263,1.0,0.0,0
7.257333333333334,0.04312256434345652,7.17,7.34,0.16999999999999993,7.27,0.0018286985539487097,1.0,0.0,0
7.221333333333332,0.048355167482102945,7.1,7.29,0.1900000000000004,7.23,-0.0025272525027811746,1.0,0.0,0
7.222666666666666,0.08786100133481038,7.12,7.38,0.2599999999999998,7.19,0.005766407119020898,1.0,0.0,0
7.234333333333334,0.05064144108885084,7.17,7.38,0.20999999999999996,7.23,-8.231368186891166e-05,1.0,0.0,0
7.210666666666667,0.03234535858855526,7.12,7.27,0.14999999999999947,7.21,0.00023136818687415894,1.0,0.0,0
7.128999999999999,0.06779134654708278,6.99,7.23,0.2400000000000002,7.15,-0.005123470522803256,0.9333333333333333,0.0,0
7.078666666666666,0.04364503280888771,7.03,7.17,0.13999999999999968,7.06,-0.00016017797552856527,1.0,0.0,0
7.141333333333332,0.05783501438479027,7.03,7.23,0.20000000000000018,7.15,0.005397107897663926,1.0,0.0,0
7.149666666666665,0.03868534031846647,7.09,7.23,0.14000000000000057,7.14,-0.00118131256952181,1.0,0.0,0
7.011333333333335,0.1604936828109513,6.71,7.21,0.5,7.074999999999999,-0.014691879866518447,0.5666666666666667,0.0,0
6.850333333333334,0.050890950952884484,6.73,6.93,0.1999999999999993,6.84,0.00209343715239144,0.0,0.0,0
6.878333333333334,0.033274948868814595,6.79,6.93,0.13999999999999968,6.88,0.002404894327029939,0.0,0.0,0
6.8180000000000005,0.03850541087518319,6.75,6.88,0.1299999999999999,6.81,-0.0019888765294773904,0.0,0.0,0
6.831,0.02624880949681344,6.78,6.88,0.09999999999999964,6.83,0.0008298109010009871,0.0,0.0,0
6.778666666666669,0.04185158964191862,6.68,6.83,0.15000000000000036,6.79,0.0025850945494993783,0.0,0.0,0
6.791666666666667,0.02504440500834913,6.75,6.84,0.08999999999999986,6.785,-0.0017285873192437263,0.0,0.0,0
6.417666666666666,0.5297904197783204,5.5,6.94,1.4400000000000004,6.78,-0.041412680756396154,0.0,0.3,0
6.451333333333333,0.48135041520935895,5.7,7.17,1.4699999999999998,6.475,0.03155061179087861,0.2,0.2,0
7.282333333333333,0.05992680720864591,7.16,7.38,0.21999999999999975,7.3,0.004932146829810806,1.0,0.0,0
7.168666666666668,0.31489398568759963,6.12,7.4,1.2800000000000002,7.279999999999999,-0.02479199110122363,0.8,0.0,0
6.727333333333334,0.19563457999262018,6.29,7.01,0.7199999999999998,6.779999999999999,0.005152391546162262,0.03333333333333333,0.0,0
6.898666666666666,0.1449766264686216,6.38,7.09,0.71,6.9350000000000005,0.006242491657396951,0.2,0.0,0
6.801999999999998,0.15890038808427542,6.42,7.07,0.6500000000000004,6.83,-0.009370411568409487,0.06666666666666667,0.0,0
6.989,0.08162311764036789,6.79,7.12,0.33000000000000007,7.0,0.006645161290322456,0.5,0.0,0
7.096666666666666,0.03599382663118166,7.03,7.19,0.16000000000000014,7.09,0.0028031145717461853,1.0,0.0,0
7.164666666666664,0.07579504527928524,7.09,7.34,0.25,7.13,0.0017041156840932872,1.0,0.0,0
7.215333333333333,0.07889796504909935,7.14,7.4,0.2600000000000007,7.17,0.00035595105672950485,1.0,0.0,0
7.202666666666665,0.07173717461834013,7.14,7.44,0.3000000000000007,7.16,-0.0006807563959956246,1.0,0.0,0
7.184333333333332,0.0812684167161854,7.1,7.4,0.3000000000000007,7.16,-0.002040044493882264,1.0,0.0,0
7.121333333333333,0.14470045688325314,6.81,7.38,0.5700000000000003,7.14,-0.007532814238042492,0.8,0.0,0
7.111333333333333,0.07473211417382025,7.04,7.36,0.3200000000000003,7.09,0.0013748609566182934,1.0,0.0,0
7.111333333333333,0.07410503056848135,7.01,7.3,0.29000000000000004,7.09,-0.00028921023359293875,1.0,0.0,0
7.113666666666665,0.07565198095372144,7.04,7.34,0.2999999999999998,7.09,-0.002418242491657598,1.0,0.0,0
7.128666666666665,0.06124994331063133,7.07,7.3,0.22999999999999954,7.1,0.0016818687430476499,1.0,0.0,0
7.0103333333333335,0.05630176630345523,6.9,7.16,0.2599999999999998,7.01,3.7819799777445075e-05,0.5666666666666667,0.0,0
7.121333333333333,0.043645032808887874,7.04,7.23,0.1900000000000004,7.12,0.003328142380422503,1.0,0.0,0
7.145,0.04766200443400045,7.07,7.25,0.17999999999999972,7.14,-0.001506117908787661,1.0,0.0,0
7.144333333333332,0.046453082662928816,7.09,7.27,0.17999999999999972,7.14,0.001830923248053166,1.0,0.0,0
7.168999999999999,0.041016256939576265,7.12,7.27,0.14999999999999947,7.16,-2.0022246941065858e-05,1.0,0.0,0
7.146333333333331,0.061616195562169816,7.03,7.3,0.2699999999999996,7.14,9.121245828689001e-05,1.0,0.0,0
7.083333333333334,0.23855584019027687,6.47,7.3,0.8300000000000001,7.19,-0.01850500556173548,0.7333333333333333,0.0,0
6.938999999999999,0.12913429701929174,6.55,7.1,0.5499999999999998,6.97,0.0031345939933256736,0.4,0.0,0
7.082333333333334,0.05044358785371588,6.96,7.17,0.20999999999999996,7.08,0.0037397107897661776,0.9333333333333333,0.0,0
7.175999999999999,0.03460250472629601,7.07,7.23,0.16000000000000014,7.17,0.0009610678531700472,1.0,0.0,0
7.157333333333333,0.06185646467607277,6.99,7.23,0.2400000000000002,7.17,0.000961067853169932,0.9666666666666667,0.0,0
7.155333333333333,0.051103381057964865,7.07,7.23,0.16000000000000014,7.17,0.005285873192435894,1.0,0.0,0
7.181999999999999,0.03771825375950849,7.12,7.27,0.14999999999999947,7.18,-0.002745272525027982,1.0,0.0,0
7.206666666666665,0.030804040139061118,7.16,7.27,0.10999999999999943,7.21,0.000480533926584966,1.0,0.0,0
7.211999999999999,0.023860706890897768,7.17,7.27,0.09999999999999964,7.21,0.0010189098998887119,1.0,0.0,0
7.234333333333334,0.019267128022157777,7.21,7.3,0.08999999999999986,7.23,0.0010478309232478712,1.0,0.0,0
7.232999999999999,0.022083176100069088,7.19,7.3,0.10999999999999943,7.23,0.000820912124582663,1.0,0.0,0
7.248,0.02286190426597615,7.23,7.32,0.08999999999999986,7.25,0.0008275862068965309,1.0,0.0,0
7.228333333333335,0.024232668491567726,7.19,7.3,0.10999999999999943,7.23,-0.0010389321468299696,1.0,0.0,0
7.212,0.02548201980482181,7.17,7.27,0.09999999999999964,7.21,-0.0013214682981091174,1.0,0.0,0
7.236333333333332,0.019058389811896934,7.21,7.3,0.08999999999999986,7.23,0.00024694104560619724,1.0,0.0,0
7.220000000000001,0.028635642126552643,7.17,7.29,0.1200000000000001,7.21,-0.0007786429365964592,1.0,0.0,0
7.217999999999999,0.01326649916142171,7.19,7.25,0.05999999999999961,7.21,0.0002936596218018127,1.0,0.0,0
7.237333333333331,0.018961950204437035,7.21,7.29,0.08000000000000007,7.23,0.000547274749721801,1.0,0.0,0
7.226,0.017435595774162677,7.21,7.27,0.05999999999999961,7.23,-0.00016907675194673566,1.0,0.0,0
7.224,0.023180451534284875,7.19,7.29,0.09999999999999964,7.23,-0.0006807563959956629,1.0,0.0,0
7.195666666666666,0.026291105382281344,7.16,7.27,0.10999999999999943,7.19,-0.0001802002224695159,1.0,0.0,0
7.188666666666665,0.025130769099961175,7.16,7.23,0.07000000000000028,7.17,-8.453837597352148e-05,1.0,0.0,0
7.189333333333333,0.029769484749021472,7.16,7.27,0.10999999999999943,7.17,0.0002847608453835271,1.0,0.0,0
7.182999999999998,0.03465544690232697,7.14,7.27,0.1299999999999999,7.165,-0.0008431590656286844,1.0,0.0,0
7.196666666666666,0.030477678535099834,7.16,7.27,0.10999999999999943,7.19,-0.0004315906562847791,1.0,0.0,0
7.179333333333331,0.029318177903061463,7.14,7.25,0.11000000000000032,7.17,-7.563959955527426e-05,1.0,0.0,0
7.182999999999998,0.028884828774520026,7.14,7.25,0.11000000000000032,7.17,0.00023359288097873036,1.0,0.0,0
7.204,0.022150996967781594,7.14,7.25,0.11000000000000032,7.21,0.0015839822024471225,1.0,0.0,0
7.208000000000001,0.016613247725836177,7.17,7.23,0.0600000000000005,7.21,-0.0004671857619578448,1.0,0.0,0
7.206999999999999,0.021779194965226237,7.16,7.25,0.08999999999999986,7.21,-0.00030478309232505384,1.0,0.0,0
7.039,0.09445810358742829,6.75,7.16,0.41000000000000014,7.03,-0.0017241379310346217,0.7666666666666667,0.0,0
6.922666666666666,0.025551690528982336,6.88,6.99,0.11000000000000032,6.91,-0.0022869855394884227,0.0,0.0,0
6.891666666666667,0.02146055813709315,6.84,6.93,0.08999999999999986,6.9,-0.0009721913236930579,0.0,0.0,0
6.847000000000002,0.03436568055487926,6.78,6.91,0.1299999999999999,6.84,-0.0028854282536153277,0.0,0.0,0
6.780333333333332,0.02750555499450154,6.73,6.83,0.09999999999999964,6.78,-0.0015595105672972594,0.0,0.0,0
6.763000000000002,0.02531797780234429,6.7,6.79,0.08999999999999986,6.77,4.226918798658789e-05,0.0,0.0,0
6.734999999999999,0.0377491721763537,6.63,6.79,0.16000000000000014,6.74,-0.00283648498331491,0.0,0.0,0
6.686333333333335,0.026768555350551886,6.63,6.73,0.10000000000000053,6.7,-0.00031368186874322423,0.0,0.0,0
6.6516666666666655,0.02192157739660988,6.6,6.68,0.08000000000000007,6.66,-0.0006295884315908663,0.0,0.0,0
6.640333333333332,0.022580719405920022,6.58,6.7,0.1200000000000001,6.64,-0.0013904338153505238,0.0,0.0,0
6.633666666666667,0.01601735170231198,6.6,6.66,0.0600000000000005,6.635,0.0003670745272523619,0.0,0.0,0
6.631333333333331,0.01586050300449374,6.6,6.68,0.08000000000000007,6.63,-0.0009032258064517667,0.0,0.0,0
6.640999999999999,0.018321208111548446,6.6,6.68,0.08000000000000007,6.64,-0.0010433815350391125,0.0,0.0,0
6.6259999999999994,0.014514360704718106,6.58,6.64,0.05999999999999961,6.63,0.0002046718576194173,0.0,0.0,0
6.620333333333333,0.0164282953738021,6.57,6.64,0.0699999999999994,6.625,-0.0005361512791993281,0.0,0.0,0
6.605333333333334,0.021868292622475628,6.55,6.63,0.08000000000000007,6.62,-0.0013348164627365842,0.0,0.0,0
6.596,0.017048949136725826,6.57,6.62,0.04999999999999982,6.6,0.0010055617352612834,0.0,0.0,0
6.601333333333333,0.015216949614017775,6.57,6.62,0.04999999999999982,6.6,0.00024026696329240618,0.0,0.0,0
6.590333333333335,0.01852625764212031,6.55,6.62,0.07000000000000028,6.58,-0.00022469410456082883,0.0,0.0,0
6.577666666666669,0.00882546819658239,6.55,6.6,0.04999999999999982,6.58,4.226918798647266e-05,0.0,0.0,0
6.568333333333332,0.012133516482134257,6.53,6.58,0.04999999999999982,6.57,-0.0002958843159067298,0.0,0.0,0
6.545000000000001,0.02156385865284789,6.5,6.58,0.08000000000000007,6.55,-0.0006963292547276244,0.0,0.0,0
6.557666666666667,0.01605891929392799,6.51,6.58,0.07000000000000028,6.55,5.56173526138627e-05,0.0,0.0,0
6.537000000000001,0.01734935157289747,6.5,6.57,0.07000000000000028,6.53,-0.0007764182424918879,0.0,0.0,0
6.525333333333333,0.01667999467092914,6.47,6.55,0.08000000000000007,6.53,-0.0003959955506119054,0.0,0.0,0
6.503999999999999,0.011135528725659876,6.48,6.53,0.04999999999999982,6.51,-9.343715239165346e-05,0.0,0.0,0
6.499,0.014456832294800897,6.47,6.53,0.0600000000000005,6.5,-0.0008832035595107008,0.0,0.0,0
6.486333333333333,0.014715826703095942,6.45,6.51,0.05999999999999961,6.48,0.00021134593993316992,0.0,0.0,0
6.494666666666665,0.016679994670928962,6.45,6.51,0.05999999999999961,6.5,-0.000800889877641866,0.0,0.0,0
6.4769999999999985,0.018101565309847276,6.4,6.51,0.10999999999999943,6.48,-0.001159065628476096,0.0,0.0,0
6.463999999999999,0.016852299546352763,6.42,6.48,0.0600000000000005,6.47,-0.0002714126807564827,0.0,0.0,0
6.451999999999998,0.01469693845669895,6.42,6.47,0.04999999999999982,6.45,-0.00020467185761964774,0.0,0.0,0
6.449666666666665,0.01816284363443359,6.4,6.48,0.08000000000000007,6.45,-0.00022914349276985643,0.0,0.0,0
6.449666666666665,0.012775845264491065,6.42,6.47,0.04999999999999982,6.45,-0.00043381535038938894,0.0,0.0,0
6.423666666666664,0.016829207415152533,6.38,6.45,0.07000000000000028,6.42,-0.0007007786429368057,0.0,0.0,0
6.41,0.019832633040858035,6.36,6.44,0.08000000000000007,6.42,-0.0013570634037821832,0.0,0.0,0
6.422999999999999,0.027586228448267455,6.36,6.45,0.08999999999999986,6.43,-0.000998887652947838,0.0,0.0,0
6.412000000000001,0.021039645117412707,6.36,6.44,0.08000000000000007,6.42,-0.0007119021134595475,0.0,0.0,0
6.409,0.029137604568667,6.35,6.45,0.10000000000000053,6.42,0.0007853170189096357,0.0,0.0,0
6.419333333333332,0.024621580416825963,6.35,6.45,0.10000000000000053,6.42,-0.0005250278086763941,0.0,0.0,0
6.380999999999999,0.02211334438749605,6.32,6.42,0.09999999999999964,6.38,-0.0012925472747498427,0.0,0.0,0
6.365666666666668,0.018015425489162223,6.33,6.4,0.07000000000000028,6.36,-0.0006162402669633994,0.0,0.0,0
6.352333333333336,0.016669999666733312,6.32,6.38,0.05999999999999961,6.36,0.0003492769744157906,0.0,0.0,0
6.352666666666667,0.010934146311237897,6.32,6.38,0.05999999999999961,6.35,-0.00018242491657420254,0.0,0.0,0
6.349000000000001,0.01868154169226941,6.3,6.38,0.08000000000000007,6.355,0.0010700778642935085,0.0,0.0,0
6.354333333333335,0.01706523431489371,6.3,6.4,0.10000000000000053,6.36,1.1123470522741812e-05,0.0,0.0,0
6.348999999999998,0.012206555615733678,6.32,6.38,0.05999999999999961,6.35,-0.00033147942157960345,0.0,0.0,0
6.329666666666666,0.26386212729799285,5.89,6.64,0.75,6.3100000000000005,-0.014502780867630875,0.0,0.16666666666666666,0
6.8903333333333325,0.1833663606614425,6.2,7.07,0.8700000000000001,6.945,0.011045606229143384,0.3,0.0,0
7.208,0.11100750725363881,6.81,7.34,0.5300000000000002,7.25,0.010473859844271145,0.9333333333333333,0.0,0
7.299333333333334,0.023935097428021666,7.23,7.34,0.10999999999999943,7.3,-0.00045828698553971285,1.0,0.0,0
7.336666666666668,0.02440400695696422,7.27,7.38,0.11000000000000032,7.34,0.0012280311457172719,1.0,0.0,0
7.203999999999999,0.11202975795147768,6.97,7.36,0.39000000000000057,7.19,-0.009557285873192602,0.9666666666666667,0.0,0
7.182000000000001,0.05356615847093523,7.03,7.23,0.20000000000000018,7.2,-0.0020912124582869837,1.0,0.0,0
7.117333333333333,0.1171020447681803,6.78,7.23,0.4500000000000002,7.165,-0.0022647385984428236,0.8333333333333334,0.0,0
7.035666666666667,0.07544018970165846,6.79,7.16,0.3700000000000001,7.04,0.003343715239154426,0.7666666666666667,0.0,0
7.165999999999999,0.0680000000000002,6.97,7.23,0.2600000000000007,7.19,0.00010233592880963181,0.9666666666666667,0.0,0
7.162999999999999,0.06362127526752896,7.04,7.25,0.20999999999999996,7.18,0.006818687430478296,1.0,0.0,0
7.191999999999999,0.047145165888632476,7.06,7.27,0.20999999999999996,7.19,-0.003296996662958964,1.0,0.0,0
7.189333333333333,0.03991101212558891,7.09,7.25,0.16000000000000014,7.19,-0.0002447163515019331,1.0,0.0,0
7.182666666666666,0.03586394041683422,7.1,7.23,0.13000000000000078,7.17,-0.001010011123470695,1.0,0.0,0
7.202666666666665,0.02568181371234444,7.14,7.23,0.09000000000000075,7.21,0.001245828698553843,1.0,0.0,0
7.203666666666666,0.027505554994501837,7.14,7.23,0.09000000000000075,7.21,-0.001550611790878897,1.0,0.0,0
7.253000000000001,0.02853652630109916,7.17,7.3,0.1299999999999999,7.25,0.002449388209121137,1.0,0.0,0
7.278666666666665,0.02012185103038204,7.23,7.3,0.0699999999999994,7.29,8.453837597306056e-05,1.0,0.0,0
7.265999999999999,0.016653327995728964,7.23,7.29,0.05999999999999961,7.27,-0.00019577308120136212,1.0,0.0,0
7.272666666666665,0.019136933459209728,7.23,7.29,0.05999999999999961,7.27,0.0005428253615126582,1.0,0.0,0
7.280333333333332,0.013535960336164752,7.25,7.3,0.04999999999999982,7.29,0.00019799777530566463,1.0,0.0,0
7.280333333333331,0.013535960336164748,7.25,7.3,0.04999999999999982,7.29,4.226918798654948e-05,1.0,0.0,0
7.281666666666667,0.01898830049150143,7.23,7.3,0.0699999999999994,7.29,-0.0005005561735262239,1.0,0.0,0
7.266666666666667,0.01719172927763671,7.23,7.29,0.05999999999999961,7.27,-0.0004671857619577296,1.0,0.0,0
7.1656666666666675,0.14087070510065444,6.79,7.27,0.47999999999999954,7.23,-0.01135261401557297,0.8333333333333334,0.0,0
7.036999999999998,0.0835922643948988,6.77,7.17,0.40000000000000036,7.05,0.00512791991101213,0.8666666666666667,0.0,0
6.993666666666668,0.02613851989348722,6.96,7.04,0.08000000000000007,6.99,-0.0022981090100113563,0.4666666666666667,0.0,0
6.962000000000001,0.014696938456698923,6.94,6.99,0.04999999999999982,6.96,-0.0009877641824250962,0.0,0.0,0
6.955333333333333,0.011469767022723258,6.94,6.97,0.02999999999999936,6.96,0.00012458286985515384,0.0,0.0,0
6.952666666666667,0.013888444437332939,6.93,6.99,0.0600000000000005,6.96,-0.000760845383759888,0.0,0.0,0
6.941666666666667,0.010027739304327541,6.93,6.97,0.040000000000000036,6.94,-0.00022914349276974117,0.0,0.0,0
6.933666666666667,0.013535960336164684,6.91,6.96,0.04999999999999982,6.9350000000000005,-0.0009143492769745086,0.0,0.0,0
6.925000000000001,0.013601470508735425,6.91,6.96,0.04999999999999982,6.93,2.4471635149978212e-05,0.0,0.0,0
6.952000000000001,0.0159999999999999,6.91,6.97,0.05999999999999961,6.96,0.0009477196885426572,0.0,0.0,0
6.965000000000001,0.013601470508735395,6.93,6.99,0.0600000000000005,6.97,0.00048275862068946056,0.0,0.0,0
6.957333333333334,0.012892719737208945,6.94,6.99,0.04999999999999982,6.96,-0.00024471635150189467,0.0,0.0,0
6.961000000000001,0.010440306508910415,6.93,6.97,0.040000000000000036,6.96,0.00012235817575065926,0.0,0.0,0
6.955666666666668,0.00989388138643701,6.94,6.97,0.02999999999999936,6.96,-0.0004516129032259986,0.0,0.0,0
6.951666666666668,0.010354816378005824,6.94,6.97,0.02999999999999936,6.96,-0.00035372636262531753,0.0,0.0,0
6.977333333333334,0.022499382707581696,6.96,7.03,0.07000000000000028,6.97,-0.0006362625139044653,0.16666666666666666,0.0,0
6.969,0.009433981132056665,6.96,6.99,0.03000000000000025,6.97,-0.00041156840934386687,0.0,0.0,0
6.953666666666668,0.013287420951996313,6.91,6.97,0.05999999999999961,6.96,-0.0006518353726363499,0.0,0.0,0
6.965333333333333,0.06566243641196653,6.81,7.09,0.28000000000000025,6.96,-8.008898776445548e-05,0.23333333333333334,0.0,0
6.621000000000001,0.29554864235858025,5.74,6.96,1.2199999999999998,6.695,0.018395995550611634,0.0,0.03333333333333333,0
6.97,0.03958114029012635,6.9,7.03,0.1299999999999999,6.98,0.004293659621801923,0.3,0.0,0
6.932666666666667,0.1235025865676055,6.63,7.12,0.4900000000000002,6.965,-0.011034482758620796,0.36666666666666664,0.0,0
6.820333333333335,0.03772561758569655,6.73,6.88,0.14999999999999947,6.83,0.0038286985539486497,0.0,0.0,0
6.898666666666667,0.012840906856172219,6.88,6.93,0.04999999999999982,6.9,0.0005250278086761253,0.0,0.0,0
6.881,0.02357258294431632,6.84,6.91,0.07000000000000028,6.88,-0.001070077864293739,0.0,0.0,0
6.9223333333333334,0.022903177848402446,6.88,6.97,0.08999999999999986,6.91,0.0017152391546160289,0.0,0.0,0
6.9590000000000005,0.018321208111548283,6.93,7.01,0.08000000000000007,6.96,-6.674082313829458e-06,0.03333333333333333,0.0,0
6.988333333333332,0.03387066905483599,6.94,7.07,0.1299999999999999,6.99,0.00026473859844257646,0.3333333333333333,0.0,0
6.964666666666667,0.034422215049134855,6.88,7.04,0.16000000000000014,6.97,-0.000952169076751992,0.13333333333333333,0.0,0
6.836,0.0824055014344715,6.64,6.94,0.3000000000000007,6.84,-0.0030522803114573383,0.0,0.0,0
6.903666666666668,0.04061882431692095,6.84,6.97,0.1299999999999999,6.91,-0.0008342602892104756,0.0,0.0,0
6.918000000000001,0.027006172134038775,6.86,6.96,0.09999999999999964,6.92,0.00014682981090094477,0.0,0.0,0
6.929666666666668,0.02639233895575675,6.88,6.99,0.11000000000000032,6.94,-2.8921023359428314e-05,0.0,0.0,0
6.952666666666667,0.03732142667274235,6.9,7.01,0.10999999999999943,6.93,0.0016774193548385454,0.2,0.0,0
7.001666666666665,0.03531603350069516,6.94,7.07,0.1299999999999999,7.01,0.0009810901001110362,0.5666666666666667,0.0,0
7.039666666666667,0.0560644470428651,6.96,7.16,0.20000000000000018,7.04,0.0013548387096771891,0.6666666666666666,0.0,0
7.0459999999999985,0.03638681079732046,6.97,7.14,0.16999999999999993,7.05,-0.0004760845383761689,0.8666666666666667,0.0,0
7.051333333333334,0.0340326640482672,6.99,7.12,0.1299999999999999,7.06,-0.0004137931034483999,0.9,0.0,0
7.027666666666666,0.03648591813593597,6.97,7.1,0.1299999999999999,7.03,-0.0009143492769746622,0.7,0.0,0
7.0413333333333314,0.02654974366898649,6.97,7.1,0.1299999999999999,7.04,-0.00024026696329271347,0.9666666666666667,0.0,0
7.083333333333333,0.05101198116347001,6.99,7.19,0.20000000000000018,7.09,0.0016151279199108917,0.9333333333333333,0.0,0
7.039,0.03645545226711633,6.97,7.1,0.1299999999999999,7.04,-0.0014260289210235126,0.8666666666666667,0.0,0
7.0056666666666665,0.030515933907095602,6.96,7.06,0.09999999999999964,7.01,0.0018042269187985012,0.6333333333333333,0.0,0
7.043,0.02979373535941183,6.99,7.12,0.1299999999999999,7.04,-0.0009010011123471569,0.9666666666666667,0.0,0
7.001333333333334,0.011175369742826643,6.99,7.03,0.040000000000000036,7.01,-0.0005205784204673666,0.5333333333333333,0.0,0
6.983000000000001,0.016155494421403627,6.96,7.03,0.07000000000000028,6.98,-0.0008921023359289865,0.13333333333333333,0.0,0
6.964666666666667,0.012310790208412832,6.94,7.01,0.0699999999999994,6.96,-0.0006718576195774926,0.03333333333333333,0.0,0
6.958333333333333,0.015723301886760827,6.94,7.01,0.0699999999999994,6.96,0.0006785317018908611,0.03333333333333333,0.0,0
7.029333333333333,0.03991101212558873,6.96,7.09,0.1299999999999999,7.03,0.0033592880978865025,0.7666666666666667,0.0,0
6.987333333333334,0.041547830535687655,6.9,7.06,0.15999999999999925,6.99,-0.003799777530589721,0.4,0.0,0
6.913333333333333,0.013249737942901045,6.88,6.94,0.0600000000000005,6.91,-0.00031145717463861445,0.0,0.0,0
6.911333333333334,0.01431394036905581,6.88,6.94,0.0600000000000005,6.91,-0.00043159065628489436,0.0,0.0,0
6.903333333333334,0.02270584848790183,6.86,6.97,0.10999999999999943,6.9,0.001370411568409189,0.0,0.0,0
7.006666666666667,0.04592264026478539,6.94,7.1,0.15999999999999925,6.99,0.0028075639599554436,0.4666666666666667,0.0,0
7.0249999999999995,0.06965390632740315,6.91,7.17,0.2599999999999998,7.03,-0.003704115684093688,0.6,0.0,0
6.968000000000001,0.05816069692383901,6.88,7.06,0.17999999999999972,6.96,-0.004266963292547489,0.36666666666666664,0.0,0
6.865333333333337,0.039977771601506604,6.79,6.96,0.16999999999999993,6.86,-0.0005606229143494598,0.0,0.0,0
6.823333333333334,0.013249737942901312,6.79,6.84,0.04999999999999982,6.83,-0.00047608453837609207,0.0,0.0,0
6.807333333333333,0.02143724692108465,6.78,6.86,0.08000000000000007,6.81,-0.0011790878754172386,0.0,0.0,0
6.806000000000001,0.01993322185030141,6.78,6.86,0.08000000000000007,6.81,0.0007741935483869708,0.0,0.0,0
6.831333333333333,0.04863012326623181,6.77,6.93,0.16000000000000014,6.81,0.003301446051167838,0.0,0.0,0
6.884333333333333,0.027041120949809355,6.84,6.93,0.08999999999999986,6.88,0.0009410456062289045,0.0,0.0,0
6.888666666666668,0.028487814158961976,6.84,6.93,0.08999999999999986,6.9,-0.0018998887652949565,0.0,0.0,0
6.858666666666668,0.02045048220023742,6.83,6.9,0.07000000000000028,6.86,-0.0006718576195774541,0.0,0.0,0
6.897000000000001,0.02035517952102942,6.86,6.96,0.09999999999999964,6.9,-0.001305895439377156,0.0,0.0,0
6.8640000000000025,0.015832456116050577,6.84,6.9,0.0600000000000005,6.86,-0.0004004449388211251,0.0,0.0,0
6.850666666666668,0.01412641340027824,6.83,6.9,0.07000000000000028,6.85,0.00037819799777529575,0.0,0.0,0
6.839666666666668,0.006574360974438717,6.83,6.86,0.03000000000000025,6.84,0.00011790878754151644,0.0,0.0,0
6.886,0.04572380853195269,6.83,6.97,0.13999999999999968,6.86,0.004622914349276763,0.0,0.0,0
6.919666666666669,0.03516469188768112,6.86,6.97,0.10999999999999943,6.93,-0.0034371523915462713,0.0,0.0,0
6.853333333333334,0.02560381915956212,6.81,6.93,0.1200000000000001,6.84,-0.0009076751946610248,0.0,0.0,0
6.833000000000001,0.02888482877452004,6.79,6.91,0.1200000000000001,6.83,0.00022469410456044472,0.0,0.0,0
6.832000000000002,0.020066555924390033,6.81,6.9,0.09000000000000075,6.83,-0.00013348164627378518,0.0,0.0,0
6.833666666666669,0.021522597943144078,6.81,6.9,0.09000000000000075,6.83,-0.0003403781979978507,0.0,0.0,0
6.8226666666666675,0.01982142499642481,6.79,6.88,0.08999999999999986,6.81,-0.0006985539488321958,0.0,0.0,0
6.912666666666666,0.1527947061328443,6.51,7.21,0.7000000000000002,6.83,0.007154616240266927,0.36666666666666664,0.0,0
6.1403333333333325,0.43571002079619675,5.23,6.84,1.6099999999999994,6.15,-0.02083426028921045,0.0,0.26666666666666666,0
6.042333333333334,0.2624840735909303,5.61,6.48,0.8700000000000001,6.01,-0.01702558398220264,0.0,0.5,0
6.201,0.3214586546768755,5.66,6.71,1.0499999999999998,6.24,-0.014636262513904392,0.0,0.3333333333333333,0
6.1370000000000005,0.5676979830860772,4.18,6.79,2.6100000000000003,6.21,-0.015948832035595148,0.0,0.3,0
5.910333333333332,1.027191911096569,3.85,6.9,3.0500000000000003,6.26,0.069159065628476,0.0,0.3333333333333333,0
6.074000000000001,0.1646329250180533,5.57,6.47,0.8999999999999995,6.04,-0.002251390433815549,0.0,0.3,0
6.177999999999999,0.22061127199971753,5.77,6.55,0.7800000000000002,6.215,0.001285873192435898,0.0,0.26666666666666666,0
6.227666666666666,0.345829277084646,5.57,6.79,1.2199999999999998,6.199999999999999,-0.01981979977753073,0.0,0.3,0
6.351666666666666,0.2416758618940299,5.81,6.77,0.96,6.390000000000001,0.009234705228031053,0.0,0.06666666666666667,0
6.2363333333333335,0.16428599723923176,5.88,6.6,0.7199999999999998,6.225,-0.0006829810901002344,0.0,0.03333333333333333,0
6.319666666666667,0.12565782462261912,5.92,6.58,0.6600000000000001,6.3100000000000005,0.00268965517241362,0.0,0.03333333333333333,0
6.554999999999999,0.2828397661810187,5.84,6.99,1.1500000000000004,6.54,0.004002224694104413,0.0,0.03333333333333333,0
6.1543333333333345,0.2675404434639535,5.79,6.88,1.0899999999999999,6.07,-0.019103448275862155,0.0,0.36666666666666664,0
5.599333333333333,0.9199816423289229,2.8,6.64,3.84,5.8100000000000005,0.04758620689655156,0.0,0.6333333333333333,0
6.659999999999999,0.3775888416430408,5.9,7.12,1.2199999999999998,6.635,0.04002669632925456,0.3333333333333333,0.06666666666666667,0
6.9096666666666655,0.30441729400428097,6.29,7.34,1.0499999999999998,6.965,0.021523915461623824,0.43333333333333335,0.0,0
7.037999999999999,0.3545927241216323,6.27,7.45,1.1800000000000006,7.15,0.003666295884315782,0.6666666666666666,0.0,0
6.908999999999998,0.30755324742229606,6.25,7.38,1.13,6.86,0.0006028921023357789,0.43333333333333335,0.0,0
7.557666666666666,0.08558361733156382,7.38,7.75,0.3700000000000001,7.57,0.006449388209121055,1.0,0.0,0
7.447,0.3019839951608916,6.83,7.77,0.9399999999999995,7.54,-0.01581979977753085,0.8333333333333334,0.0,0
7.264333333333335,0.5521212628480168,6.09,7.77,1.6799999999999997,7.57,-0.0465072302558399,0.7,0.0,0
6.668333333333333,0.2738257759151896,6.3,7.23,0.9300000000000006,6.6,-0.008660734149054588,0.16666666666666666,0.0,0
6.874333333333332,0.2131147317500339,6.33,7.19,0.8600000000000003,6.905,-0.009305895439377224,0.36666666666666664,0.0,0
6.732333333333333,0.2184595055280395,6.36,7.21,0.8499999999999996,6.71,0.00971523915461602,0.13333333333333333,0.0,0
7.423666666666665,0.23122115435708349,6.7,7.65,0.9500000000000002,7.525,0.02369076751946593,0.9,0.0,0
7.411666666666667,0.31190899669971395,6.51,7.71,1.2000000000000002,7.5649999999999995,-0.015112347052280484,0.9,0.0,0
7.357,0.3757849562360544,6.5,7.71,1.21,7.5649999999999995,-0.028006674082313835,0.7666666666666667,0.0,0
7.222333333333333,0.32973406793286547,6.36,7.62,1.2599999999999998,7.279999999999999,-0.017399332591768752,0.7666666666666667,0.0,0
6.999333333333334,0.4526509570175334,5.86,7.45,1.5899999999999999,7.165,-0.025272525027808825,0.6666666666666666,0.06666666666666667,0
7.051000000000002,0.2765182332746493,6.5,7.51,1.0099999999999998,7.04,-0.005154616240267102,0.5333333333333333,0.0,0
6.4896666666666665,0.4624751044350627,5.23,7.01,1.7799999999999994,6.645,-0.04008231368186883,0.03333333333333333,0.13333333333333333,0
6.7666666666666675,0.4923639123882071,5.44,7.55,2.1099999999999994,6.890000000000001,0.027719688542825277,0.36666666666666664,0.1,0
7.1273333333333335,0.2738726386885375,6.75,7.64,0.8899999999999997,7.055,0.020444938820911994,0.5666666666666667,0.0,0
7.437,0.33808430901182035,6.77,7.9,1.1300000000000008,7.5,0.026284760845383556,0.9,0.0,0
7.568666666666668,0.26342276962243705,6.78,7.78,1.0,7.6899999999999995,0.009802002224693882,0.9333333333333333,0.0,0
7.498000000000001,0.36491460188195635,6.83,7.9,1.0700000000000003,7.585,-0.028676307007786565,0.9,0.0,0
7.363333333333333,0.25114847313005023,6.77,7.7,0.9300000000000006,7.37,-0.009548387096774432,0.9,0.0,0
7.3229999999999995,0.2645644218963186,6.86,7.7,0.8399999999999999,7.41,0.02040711902113428,0.8333333333333334,0.0,0
6.9866666666666655,0.40026935375513767,6.32,7.67,1.3499999999999996,7.01,-0.03284983314794236,0.5333333333333333,0.0,0
6.449000000000001,0.31323420417742803,5.77,6.94,1.1700000000000008,6.52,0.008638487208008758,0.0,0.1,0
6.455000000000001,0.3001305271599896,5.74,6.99,1.25,6.505,-0.01400000000000008,0.0,0.13333333333333333,0
6.649999999999998,0.43136991086537313,5.71,7.64,1.9299999999999997,6.66,0.032004449388208955,0.23333333333333334,0.13333333333333333,0
6.968333333333333,0.2975912558452542,6.33,7.32,0.9900000000000002,7.105,-0.0037486095661847705,0.5666666666666667,0.0,0
6.803333333333334,0.17950549357115014,6.44,7.1,0.6599999999999993,6.81,0.01175528364849813,0.1,0.0,0
6.771333333333334,0.08440905691268495,6.6,6.93,0.33000000000000007,6.77,-0.003007786429366179,0.0,0.0,0
6.649,0.1741905087349289,6.35,6.91,0.5600000000000005,6.63,-0.004473859844271555,0.0,0.0,0
6.877333333333334,0.18860776465694318,6.4,7.16,0.7599999999999998,6.95,0.01718353726362602,0.26666666666666666,0.0,0
4.747,1.2977266019209643,3.19,7.19,4.0,4.495,-0.07983759733036723,0.06666666666666667,0.8,0
5.536000000000002,0.652184023110042,4.39,6.55,2.16,5.59,0.05633370411568392,0.0,0.7,0
6.337999999999999,0.35864002379358983,5.5,6.91,1.4100000000000001,6.475,-0.004547274749722065,0.0,0.16666666666666666,0
6.671,0.531910706792033,5.72,7.52,1.7999999999999998,6.8100000000000005,0.05541935483870949,0.3,0.13333333333333333,0
6.9076666666666675,0.3950078761521372,5.94,7.4,1.46,6.97,-0.006529477196885665,0.4666666666666667,0.06666666666666667,0
6.811333333333334,0.3168567850342205,6.32,7.38,1.0599999999999996,6.765000000000001,-0.019804226918798844,0.3,0.0,0
6.298000000000001,0.2012693054922517,6.03,6.83,0.7999999999999998,6.25,0.002309232480533868,0.0,0.0,0
6.767333333333332,0.3880544062656964,6.03,7.34,1.3099999999999996,6.785,0.02003559510567293,0.3333333333333333,0.0,0
6.902333333333334,0.432347725280885,6.25,7.75,1.5,6.8100000000000005,0.03948609566184642,0.3333333333333333,0.0,0
7.625333333333334,0.39430726879201994,6.5,8.11,1.6099999999999994,7.725,-0.029997775305895643,0.9,0.0,0
6.774333333333334,0.7769928499599522,5.63,7.97,2.34,6.515000000000001,0.07731924360400429,0.4666666666666667,0.13333333333333333,0
7.139666666666666,0.4400718375699839,6.17,7.91,1.7400000000000002,7.13,-0.02102558398220279,0.7,0.0,0
6.795333333333334,0.325327868806566,6.2,7.32,1.12,6.779999999999999,-0.024311457174638586,0.3333333333333333,0.0,0
7.1786666666666665,0.21383378799639896,6.73,7.47,0.7399999999999993,7.220000000000001,0.017566184649610496,0.8,0.0,0
7.6259999999999994,0.33050063035744226,7.16,8.21,1.0500000000000007,7.52,0.028511679644048663,1.0,0.0,0
7.776333333333335,0.38750899631134006,7.25,8.36,1.1099999999999994,7.58,-0.03687875417130163,1.0,0.0,0
7.447333333333334,0.1574364069147356,6.96,7.65,0.6900000000000004,7.51,-0.002175750834260505,0.9666666666666667,0.0,0
7.315333333333332,0.2626624365141608,6.9,7.77,0.8699999999999992,7.295,-0.022117908787541933,0.8333333333333334,0.0,0
7.257333333333335,0.2339078641022762,6.93,7.83,0.9000000000000004,7.2,0.01940378197997768,0.9,0.0,0
7.931666666666666,0.5302017435739805,6.91,8.51,1.5999999999999996,8.120000000000001,0.028936596218019806,0.9,0.0,0
7.4046666666666665,0.4473755568746339,6.7,8.43,1.7299999999999995,7.3100000000000005,-0.034972191323693155,0.8,0.0,0
7.111000000000001,0.19861772327765714,6.71,7.47,0.7599999999999998,7.15,-0.010729699666296203,0.6666666666666666,0.0,0
6.617,0.4682033034199283,5.79,7.42,1.63,6.67,-0.045341490545050135,0.2,0.23333333333333334,0
7.111666666666666,0.6892028406467544,5.94,8.08,2.1399999999999997,7.255,-0.004918798665183608,0.5666666666666667,0.06666666666666667,0
6.326333333333333,0.1048962450339488,6.1,6.6,0.5,6.335,0.0035661846496104913,0.0,0.0,0
6.574666666666667,0.25647265394622915,6.23,7.06,0.8299999999999992,6.55,0.011497219132369075,0.1,0.0,0
6.550666666666667,0.13301461907959172,6.29,6.84,0.5499999999999998,6.57,-0.001383759733036848,0.0,0.0,0
6.515000000000001,0.23714622774426192,6.12,6.99,0.8700000000000001,6.54,0.0016796440489430784,0.0,0.0,0
6.391000000000001,0.3046566373258042,5.94,6.94,1.0,6.33,-0.03221134593993333,0.0,0.1,0
6.273333333333334,0.2741694528733807,5.97,7.01,1.04,6.1850000000000005,0.0013348164627363537,0.03333333333333333,0.06666666666666667,0
6.203666666666667,0.1731758900334827,5.86,6.48,0.6200000000000001,6.18,0.010044493882091091,0.0,0.1,0
6.179666666666666,0.13197179833417286,5.89,6.44,0.5500000000000007,6.199999999999999,0.009483870967741784,0.0,0.13333333333333333,0
6.404666666666666,0.16323262201192779,6.16,6.79,0.6299999999999999,6.42,0.011692992213570515,0.0,0.0,0
6.378666666666666,0.3291375936527998,5.77,7.01,1.2400000000000002,6.42,0.0027675194660732733,0.03333333333333333,0.13333333333333333,0
6.2766666666666655,0.14399845678185427,6.03,6.7,0.6699999999999999,6.24,0.011337041156840779,0.0,0.0,0
6.590999999999999,0.2779370432310166,6.01,7.17,1.1600000000000001,6.63,-0.0037085650723026387,0.06666666666666667,0.0,0
6.359,0.26326602515326586,5.96,7.16,1.2000000000000002,6.32,-0.016994438264738638,0.06666666666666667,0.03333333333333333,0
6.627333333333335,0.38195054944615825,5.88,7.21,1.33,6.73,0.0012903225806450023,0.23333333333333334,0.06666666666666667,0
6.182,0.30936925078833105,5.74,6.81,1.0699999999999994,6.02,0.014135706340378149,0.0,0.4666666666666667,0
6.242,0.3067507131206055,5.53,6.88,1.3499999999999996,6.24,0.018705228031145677,0.0,0.16666666666666666,0
6.4963333333333315,0.5031466541233833,5.57,7.16,1.5899999999999999,6.609999999999999,0.012500556173526056,0.2,0.2,0
6.189333333333334,0.4195547904889446,5.51,7.03,1.5200000000000005,6.16,0.008106785317018804,0.03333333333333333,0.36666666666666664,0
5.924,0.3338322932252062,5.59,6.81,1.2199999999999998,5.8149999999999995,-0.027733036707453012,0.0,0.7333333333333333,0
6.708333333333335,0.28826010630832866,6.18,7.16,0.9800000000000004,6.76,-0.020634037819799833,0.16666666666666666,0.0,0
6.099333333333333,0.1362334597503695,5.88,6.57,0.6900000000000004,6.12,0.0009165739710788879,0.0,0.26666666666666666,0
6.3870000000000005,0.4448531592934161,5.84,7.23,1.3900000000000006,6.225,0.004202447163514879,0.16666666666666666,0.2,0
6.223333333333333,0.3893270547438948,5.43,6.75,1.3200000000000003,6.365,0.006513904338153357,0.0,0.36666666666666664,0
6.433666666666667,0.385629211664377,5.66,6.9,1.2400000000000002,6.53,-0.014751946607341606,0.0,0.2,0
5.985000000000001,0.4346243588817053,5.31,6.84,1.5300000000000002,5.835,0.005621802002224582,0.0,0.6,0
6.542666666666666,0.45638385403322734,5.79,7.21,1.42,6.41,-0.034892102335928966,0.3,0.13333333333333333,0
6.441333333333334,0.4031685613845514,5.97,7.14,1.17,6.29,0.016809788654059903,0.1,0.06666666666666667,0
6.522000000000001,0.26040225293444247,6.03,6.97,0.9399999999999995,6.484999999999999,0.011127919911012142,0.0,0.0,0
6.136333333333336,0.21660229813082674,5.86,6.58,0.7199999999999998,6.03,-0.0027608453837600585,0.0,0.3333333333333333,0
6.7909999999999995,0.15284741847127592,6.57,7.1,0.5299999999999994,6.77,-0.0032502780867632716,0.16666666666666666,0.0,0
7.163333333333333,0.22368628826004416,6.71,7.71,1.0,7.12,0.009508342602891955,0.8,0.0,0
7.283333333333332,0.1614173335040434,6.91,7.58,0.6699999999999999,7.33,0.003995550611790853,0.9666666666666667,0.0,0
7.296333333333333,0.1642454125860311,6.81,7.58,0.7700000000000005,7.33,0.005265850945494751,0.9666666666666667,0.0,0
7.296333333333332,0.14506282164021983,7.01,7.6,0.5899999999999999,7.35,0.0008654060066738608,1.0,0.0,0
6.843666666666667,0.2963835727941449,6.4,7.34,0.9399999999999995,6.94,-0.017964404894327164,0.4,0.0,0
6.822666666666665,0.20749190077901578,6.47,7.32,0.8500000000000005,6.835,0.0043915461624024505,0.2,0.0,0
6.661666666666667,0.1667749648145335,6.38,7.06,0.6799999999999997,6.66,0.010440489432702958,0.03333333333333333,0.0,0
6.466666666666667,0.2459584427409547,5.94,7.1,1.1599999999999993,6.49,0.0076129032258062945,0.03333333333333333,0.03333333333333333,0
6.790333333333335,0.12843891760504508,6.63,7.21,0.5800000000000001,6.75,5.116796440471988e-05,0.1,0.0,0
6.537000000000001,0.16407620180879373,6.27,6.84,0.5700000000000003,6.505,0.0013770856507229032,0.0,0.0,0
6.556666666666667,0.29998148090988697,6.05,7.38,1.33,6.48,0.0001646273637373624,0.1,0.0,0
6.533666666666665,0.14638951085678542,6.18,6.78,0.6000000000000005,6.54,-0.002409343715239312,0.0,0.0,0
6.564000000000001,0.29359382373158555,5.99,7.1,1.1099999999999994,6.58,0.026945494994438133,0.1,0.03333333333333333,0
6.457999999999998,0.33603968019664987,5.89,7.12,1.2300000000000004,6.47,0.0016996662958842594,0.1,0.13333333333333333,0
6.552333333333333,0.19725927664427398,6.12,7.01,0.8899999999999997,6.5,-0.010978865406006818,0.03333333333333333,0.0,0
6.437666666666668,0.18955532760179078,6.03,6.64,0.6099999999999994,6.495,0.00547497219132358,0.0,0.0,0
6.512666666666667,0.17423993674113733,6.03,6.83,0.7999999999999998,6.5,0.00890767519466067,0.0,0.0,0
6.612666666666668,0.21707039308840706,6.22,7.21,0.9900000000000002,6.6,-0.00379532814238054,0.03333333333333333,0.0,0
6.386666666666667,0.23120457511813117,6.1,7.09,0.9900000000000002,6.34,-0.011030033370411653,0.03333333333333333,0.0,0
6.472333333333333,0.27498707040311715,5.99,6.93,0.9399999999999995,6.505,0.006320355951056605,0.0,0.03333333333333333,0
6.339000000000001,0.3337898540499197,5.88,6.96,1.08,6.23,0.0029254727474970752,0.0,0.13333333333333333,0
6.428333333333333,0.19481757849046602,6.03,6.84,0.8099999999999996,6.445,-0.000220244716351686,0.0,0.0,0
6.626999999999999,0.2082170342054975,6.25,6.99,0.7400000000000002,6.619999999999999,0.009568409343715114,0.0,0.0,0
6.719999999999999,0.41025195510401496,5.96,7.4,1.4400000000000004,6.79,-0.02440934371523938,0.23333333333333334,0.1,0
6.673333333333333,0.4769369862873804,5.76,7.51,1.75,6.725,0.009241379310344692,0.26666666666666666,0.1,0
6.705666666666665,0.23371896704280454,6.05,6.97,0.9199999999999999,6.8,0.016892102335928583,0.0,0.0,0
6.976666666666666,0.23321425532949067,6.53,7.55,1.0199999999999996,6.95,0.00884983314794212,0.36666666666666664,0.0,0
7.187,0.4596748851090301,6.29,7.78,1.4900000000000002,7.3,-0.030395995550611853,0.7,0.0,0
6.907333333333335,0.5420696962158608,5.9,7.7,1.7999999999999998,7.0649999999999995,-0.04196218020022264,0.5333333333333333,0.06666666666666667,0
5.923999999999999,0.2994506080586023,5.53,6.88,1.3499999999999996,5.835,0.008249165739710644,0.0,0.6666666666666666,0
7.052333333333333,0.22578283568262866,6.68,7.51,0.8300000000000001,7.035,0.007223581757508141,0.7,0.0,0
7.547333333333335,0.09608792270045644,7.38,7.8,0.41999999999999993,7.55,0.0027497219132368556,1.0,0.0,0
7.206,0.34354621232084626,6.64,7.84,1.2000000000000002,7.25,-0.016547274749722053,0.6333333333333333,0.0,0
6.158333333333332,0.21495865235487083,5.66,6.62,0.96,6.225,-0.012140155728587447,0.0,0.23333333333333334,0
6.55,0.38790033084114095,5.97,7.45,1.4800000000000004,6.42,-0.02924582869855408,0.13333333333333333,0.03333333333333333,0
6.6673333333333344,0.2843815902777268,6.03,7.14,1.1099999999999994,6.625,0.02567296996662953,0.1,0.0,0
6.821666666666666,0.21942475298430258,6.12,7.06,0.9399999999999995,6.890000000000001,-0.017764182424916734,0.13333333333333333,0.0,0
7.139999999999999,0.2149263439723789,6.58,7.38,0.7999999999999998,7.23,0.012662958843158847,0.8333333333333334,0.0,0
6.988666666666668,0.17346917753755434,6.71,7.3,0.5899999999999999,6.95,-0.015292547274749884,0.4,0.0,0
7.0343333333333335,0.26532600492392167,6.68,7.6,0.9199999999999999,6.98,0.027308120133481446,0.4666666666666667,0.0,0
7.100999999999998,0.19218654132552226,6.66,7.38,0.7199999999999998,7.17,0.0006740823136815262,0.7,0.0,0
7.3020000000000005,0.20181509689151925,6.83,7.68,0.8499999999999996,7.3100000000000005,0.0012013348164626454,0.9,0.0,0
7.611999999999999,0.43718340926130006,6.27,8.06,1.790000000000001,7.7,0.029761957730811882,0.9,0.0,0
6.7796666666666665,0.39380607184529576,6.2,7.53,1.33,6.720000000000001,-0.026645161290322624,0.26666666666666666,0.0,0
7.147333333333334,0.4592525328061772,6.2,7.83,1.63,7.265000000000001,0.04760845383759716,0.6,0.0,0
7.439666666666666,0.35131641325480684,6.86,7.93,1.0699999999999994,7.359999999999999,-0.03405339265850958,0.9,0.0,0
7.1096666666666675,0.0509564083855559,6.99,7.25,0.2599999999999998,7.1,-0.0038820912124584023,0.9666666666666667,0.0,0
6.937333333333333,0.2120838408638329,6.58,7.44,0.8600000000000003,6.9,0.00843159065628454,0.3,0.0,0
7.294666666666667,0.4506050253702114,6.44,7.97,1.5299999999999994,7.234999999999999,-0.03823804226918816,0.7333333333333333,0.0,0
6.608333333333333,0.2485971752767025,6.27,7.14,0.8700000000000001,6.55,0.005599555061178926,0.1,0.0,0
6.953666666666668,0.36600075895489,6.23,7.52,1.2899999999999991,7.045,-0.030885428253615295,0.5333333333333333,0.0,0
6.9959999999999996,0.4392615014620182,6.32,7.64,1.3199999999999994,7.02,-0.01713014460511692,0.5333333333333333,0.0,0
7.165000000000001,0.31739302659846413,6.44,7.57,1.13,7.279999999999999,0.03154393770856498,0.7,0.0,0
6.912333333333334,0.36448761600666507,6.23,7.71,1.4799999999999995,6.91,-0.036077864293659806,0.43333333333333335,0.0,0
7.107666666666668,0.2617337493628889,6.55,7.53,0.9800000000000004,7.095,0.022774193548387004,0.6333333333333333,0.0,0
6.5153333333333325,0.35807572135265214,5.9,7.55,1.6499999999999995,6.4350000000000005,-0.005922135706340512,0.06666666666666667,0.03333333333333333,0
6.463666666666666,0.18243689928910276,5.99,6.81,0.8199999999999994,6.47,0.009065628476084433,0.0,0.03333333333333333,0
6.711333333333331,0.247126598235713,6.29,7.16,0.8700000000000001,6.77,-0.009187986651835438,0.13333333333333333,0.0,0
7.083,0.18629993737697997,6.57,7.36,0.79,7.1,0.015121245828698424,0.7666666666666667,0.0,0
7.321666666666667,0.21441522541295632,6.75,7.67,0.9199999999999999,7.37,0.0009454949944381241,0.9,0.0,0
6.891666666666667,0.3593613161646028,6.35,7.57,1.2200000000000006,6.87,-0.02013125695216923,0.3,0.0,0
6.546333333333332,0.10438656788857233,6.42,6.77,0.34999999999999964,6.505,-0.008723025583982318,0.0,0.0,0
6.806333333333334,0.1882459974489645,6.44,7.12,0.6799999999999997,6.845000000000001,0.004589543937708499,0.16666666666666666,0.0,0
6.944333333333333,0.1773637192012191,6.29,7.19,0.9000000000000004,6.965,0.0010789766407117173,0.4,0.0,0
7.546333333333333,0.2929332498861965,6.96,8.03,1.0699999999999994,7.56,0.018800889877641596,0.9666666666666667,0.0,0
6.521,0.47338743822229445,5.83,7.34,1.5099999999999998,6.324999999999999,-0.040416017797553,0.26666666666666666,0.03333333333333333,0
6.478666666666666,0.12170273437994543,6.32,6.86,0.54,6.445,-0.010914349276974631,0.0,0.0,0
6.222666666666666,0.1601443793026226,5.96,6.48,0.5200000000000005,6.26,0.0008720800889876134,0.0,0.1,0
6.536333333333335,0.2836486480763756,6.09,7.12,1.0300000000000002,6.460000000000001,0.024767519466073286,0.1,0.0,0
6.139,0.32568236059080635,5.57,6.71,1.1399999999999997,6.25,0.008451612903225606,0.0,0.36666666666666664,0
6.587666666666668,0.3130993807439137,6.1,7.19,1.0900000000000007,6.619999999999999,0.014293659621801815,0.1,0.0,0
6.717333333333332,0.46607533964180325,6.1,7.45,1.3500000000000005,6.550000000000001,-0.016676307007786502,0.36666666666666664,0.0,0
6.477666666666666,0.3109735608625846,6.01,7.07,1.0600000000000005,6.4,0.005568409343715195,0.06666666666666667,0.0,0
6.841666666666666,0.3614884353459857,6.12,7.29,1.17,6.96,0.03740378197997758,0.36666666666666664,0.0,0
7.259999999999999,0.44720614187791885,5.97,7.55,1.58,7.43,-0.024961067853170482,0.8666666666666667,0.03333333333333333,0
5.904333333333335,0.308357836864179,5.0,6.23,1.2300000000000004,5.98,-0.02456729699666311,0.0,0.5666666666666667,0
6.057333333333333,0.7778128880964167,4.76,7.23,2.4700000000000006,6.175000000000001,0.08561957730812007,0.2,0.4666666666666667,0
6.865,0.1336849530301248,6.62,7.29,0.6699999999999999,6.835,-0.007468298109010074,0.16666666666666666,0.0,0
6.053333333333334,0.8751469717837239,4.63,6.9,2.2700000000000005,6.68,-0.08840489432703026,0.0,0.36666666666666664,0
4.680000000000001,0.1906480177360013,4.39,5.12,0.7300000000000004,4.61,0.018420467185761843,0.0,1.0,0
5.465000000000001,0.608932125391109,4.57,6.27,1.6999999999999993,5.79,0.05870300333704108,0.0,0.8333333333333334,0
6.117999999999999,0.3976380263505994,4.66,6.5,1.8399999999999999,6.225,-0.020404894327030167,0.0,0.06666666666666667,0
5.3709999999999996,0.44268386010786526,4.63,5.97,1.3399999999999999,5.58,0.04503448275862056,0.0,1.0,0
5.677333333333334,0.578705067850244,4.42,6.17,1.75,5.9399999999999995,-0.009793103448276,0.0,0.5666666666666667,0
6.086999999999999,0.4589346358687695,5.16,6.78,1.62,6.145,0.01365739710789762,0.0,0.43333333333333335,0
6.817000000000001,0.36336528911459515,6.3,7.45,1.1500000000000004,6.79,-0.022124582869855608,0.36666666666666664,0.0,0
6.524333333333334,0.39708675234624596,5.89,7.29,1.4000000000000004,6.4350000000000005,-0.04195995550611807,0.16666666666666666,0.03333333333333333,0
5.902333333333334,0.22986493618838194,5.51,6.42,0.9100000000000001,5.8149999999999995,-0.0072146829810902395,0.0,0.6333333333333333,0
6.057333333333332,0.5314190646017718,5.51,6.84,1.33,5.6899999999999995,0.05287208008898769,0.0,0.5666666666666667,0
5.997333333333334,0.5185616860338047,5.25,6.81,1.5599999999999996,5.890000000000001,-0.049850945494994525,0.0,0.5,0
5.597333333333333,0.3712046455648001,4.96,6.33,1.37,5.54,-0.032703003337041264,0.0,0.8333333333333334,0
5.050333333333333,0.24713671430112436,4.63,5.46,0.8300000000000001,5.005000000000001,-0.02310789766407133,0.0,1.0,0
5.670666666666667,0.5209474275032197,4.67,6.33,1.6600000000000001,5.79,0.04431590656284748,0.0,0.6,0
5.287333333333333,0.6075850191994168,4.67,6.29,1.62,4.92,-0.06276751946607366,0.0,0.7333333333333333,0
4.7893333333333326,0.0969513050740192,4.61,5.02,0.40999999999999925,4.79,-0.003701890989988963,0.0,1.0,0
5.040000000000001,0.4822309267007527,4.49,6.03,1.54,4.885,0.034865406006673975,0.0,0.9333333333333333,0
4.966666666666667,0.412094918947349,4.53,5.76,1.2299999999999995,4.72,-0.04218909899888779,0.0,1.0,0
4.742000000000001,0.2616154939346419,4.48,5.71,1.2299999999999995,4.654999999999999,0.010874304783092212,0.0,1.0,0
5.051333333333334,0.348058743445541,4.57,5.96,1.3899999999999997,4.970000000000001,0.00045828698553936715,0.0,1.0,0
5.185666666666667,0.5079218006303288,4.59,6.25,1.6600000000000001,5.04,-0.04426028921023371,0.0,0.8333333333333334,0
4.89,0.26806715576511797,4.57,5.53,0.96,4.82,0.0003604004449387629,0.0,1.0,0
4.656333333333333,0.1347462636051759,4.39,5.12,0.7300000000000004,4.66,-0.0029610678531702948,0.0,1.0,0
4.622333333333333,0.09087292715043833,4.44,4.83,0.3899999999999997,4.63,-0.00011790878754182373,0.0,1.0,0
4.570000000000001,0.08827985802737405,4.44,4.76,0.3199999999999994,4.5649999999999995,0.0016106785317018257,0.0,1.0,0
4.608999999999999,0.10696884281571592,4.22,4.79,0.5700000000000003,4.635,-0.0035795328142381694,0.0,1.0,0
5.100666666666666,0.43243445232260985,4.46,5.7,1.2400000000000002,5.09,0.002687430478309125,0.0,1.0,0
5.358999999999999,0.3992188205316311,4.51,6.01,1.5,5.44,0.02926140155728583,0.0,0.9666666666666667,0
4.804666666666666,0.20011219075530828,4.53,5.18,0.6499999999999995,4.73,-0.019919911012235926,0.0,1.0,0
5.185333333333333,0.3411132102722236,4.48,5.74,1.2599999999999998,5.21,0.01119911012235812,0.0,1.0,0
5.128,0.07453858061433681,4.9,5.22,0.3199999999999994,5.15,0.0009388209121244099,0.0,1.0,0
5.082333333333334,0.10889393412348031,4.92,5.27,0.34999999999999964,5.08,0.00819799777530579,0.0,1.0,0
5.116,0.2177552142506198,4.69,5.7,1.0099999999999998,5.125,0.00283426028921007,0.0,1.0,0
5.733333333333333,0.15923427883328248,5.46,6.01,0.5499999999999998,5.71,-0.007052280311457219,0.0,0.9666666666666667,0
4.993999999999999,0.4201793267959131,4.51,5.92,1.4100000000000001,4.8100000000000005,-0.041361512791991184,0.0,1.0,0
4.424666666666666,0.03676350847723277,4.35,4.49,0.14000000000000057,4.44,0.0005383759733035729,0.0,1.0,0
4.7926666666666655,0.15735169384393538,4.46,5.12,0.6600000000000001,4.76,0.00767074527252494,0.0,1.0,0
4.421,0.19263696426179483,4.11,5.07,0.96,4.385,0.009595105672969874,0.0,1.0,0
5.2669999999999995,0.7208289209884226,4.39,6.62,2.2300000000000004,4.96,0.05933926585094547,0.0,0.7666666666666667,0
6.2589999999999995,0.09417536832951603,6.1,6.55,0.4500000000000002,6.23,-0.0027074527252504217,0.0,0.0,0
5.755333333333334,0.40950159408182474,4.9,6.25,1.3499999999999996,5.890000000000001,-0.038496106785317154,0.0,0.5333333333333333,0
4.714666666666667,0.18407848567632462,4.49,5.1,0.6099999999999994,4.6850000000000005,-0.019185761957730894,0.0,1.0,0
6.081333333333332,0.19603967852339377,5.31,6.32,1.0100000000000007,6.15,0.007684093437152272,0.0,0.3,0
4.394666666666667,0.21159290053202526,4.24,5.25,1.0099999999999998,4.33,-0.013979977753059052,0.0,1.0,0
4.4766666666666675,0.36806098528489667,4.22,5.35,1.13,4.28,0.03223136818687422,0.0,1.0,0
4.546666666666666,0.32644890701132523,4.15,5.25,1.0999999999999996,4.38,-0.030091212458287123,0.0,1.0,0
5.513999999999999,0.8568998385653561,4.2,6.5,2.3,6.02,0.08913014460511676,0.0,0.4666666666666667,0
5.748666666666667,0.4064294390037327,4.9,6.23,1.33,5.87,0.020173526140155607,0.0,0.7,0
6.553333333333333,0.27172698716828914,5.71,6.9,1.1900000000000004,6.64,0.015003337041156715,0.0,0.1,0
6.473666666666667,0.28300157047071123,5.5,7.07,1.5700000000000003,6.5,-0.0034994438264739636,0.03333333333333333,0.06666666666666667,0
5.903666666666667,0.6676000965315154,4.66,6.77,2.1099999999999994,6.205,0.027343715239154454,0.0,0.4,0
4.507,0.17412926233117737,4.24,4.79,0.5499999999999998,4.48,-0.0017285873192436879,0.0,1.0,0
4.877333333333334,0.5332287397439197,4.22,5.59,1.37,4.9,0.03977308120133473,0.0,1.0,0
4.5103333333333335,0.1266881560718637,4.35,4.79,0.4400000000000004,4.48,-0.013537263626251454,0.0,1.0,0
4.347666666666667,0.12457081876944087,4.24,4.83,0.5899999999999999,4.33,0.005279199110122275,0.0,1.0,0
4.629,0.1904967191318527,4.38,4.92,0.54,4.6,-0.01917908787541718,0.0,1.0,0
4.7843333333333335,0.24947522700438393,4.42,5.22,0.7999999999999998,4.75,0.023686318131256805,0.0,1.0,0
5.882666666666666,0.6259389391590489,4.83,6.6,1.7699999999999996,6.125,0.051377085650722944,0.0,0.4,0
5.865666666666666,0.48010889968376497,4.7,6.29,1.5899999999999999,6.1,-0.044736373748609747,0.0,0.4,0
6.164666666666666,0.28455501323216137,4.94,6.57,1.63,6.1899999999999995,-0.0020378197997776926,0.0,0.16666666666666666,0
6.231333333333334,0.1474614827298602,5.9,6.44,0.54,6.27,0.004756395995550472,0.0,0.06666666666666667,0
6.515333333333332,0.46527936649811685,5.53,7.21,1.6799999999999997,6.67,-0.021744160177975588,0.16666666666666666,0.13333333333333333,0
5.315333333333334,0.6599531969937127,4.56,6.42,1.8600000000000003,5.07,-0.04772858731924371,0.0,0.7333333333333333,0
5.511333333333334,0.37985728314138645,5.1,6.27,1.17,5.4,-0.04099221357063417,0.0,0.8,0
5.751666666666666,0.5496064248371031,4.92,6.36,1.4400000000000004,6.07,0.05241601779755274,0.0,0.43333333333333335,0
5.941333333333334,0.3896984589254734,5.25,6.48,1.2300000000000004,6.08,-0.04267408231368201,0.0,0.4666666666666667,0
4.598333333333334,0.2755852358567531,4.22,5.18,0.96,4.59,-0.031254727474972245,0.0,1.0,0
4.857333333333332,0.4163086461856021,4.24,5.55,1.3099999999999996,4.84,-0.021010011123470652,0.0,1.0,0
4.187666666666667,0.07269494862475347,4.08,4.35,0.2699999999999996,4.2,-0.006315906562847751,0.0,1.0,0
4.245333333333334,0.32965369034117536,4.07,5.38,1.3099999999999996,4.12,0.022545050055617206,0.0,1.0,0
5.942333333333335,0.24067520760467948,5.44,6.29,0.8499999999999996,5.96,0.0018309232480532044,0.0,0.6,0
5.702666666666667,0.4143905833335931,5.02,6.3,1.2800000000000002,5.81,-0.042816462736373795,0.0,0.7,0
5.294666666666666,0.07658256256413003,5.15,5.5,0.34999999999999964,5.28,0.005672969966629475,0.0,1.0,0
5.718666666666666,0.4229163300491271,5.2,6.42,1.2199999999999998,5.470000000000001,0.03925250278086751,0.0,0.6333333333333333,0
5.380333333333332,0.4217067174655338,4.48,6.09,1.6099999999999994,5.425,-0.028051167964404957,0.0,0.9666666666666667,0
5.141333333333334,0.6948272367206749,4.24,6.23,1.9900000000000002,5.154999999999999,-0.028978865406006835,0.0,0.8333333333333334,0
5.750333333333333,0.815767464143769,4.15,6.57,2.42,6.145,0.08546162402669626,0.0,0.4,0
5.436000000000001,0.786878220141677,4.56,6.6,2.04,5.28,-0.030487208008898953,0.0,0.6333333333333333,0
5.244666666666666,0.29236658875839794,4.79,6.09,1.2999999999999998,5.215,-0.018122358175750888,0.0,0.9666666666666667,0
5.125333333333333,0.2563166444502234,4.72,5.66,0.9400000000000004,5.109999999999999,-0.015381535038932298,0.0,1.0,0
5.129666666666668,0.17954541362996596,4.72,5.57,0.8500000000000005,5.13,-0.0028142380422692924,0.0,1.0,0
5.100666666666666,0.16828415123105198,4.83,5.4,0.5700000000000003,5.095,-0.0005962180200223527,0.0,1.0,0
4.352,0.2893717332428999,4.11,5.03,0.9199999999999999,4.22,-0.026576195773081217,0.0,1.0,0
4.154,0.04708856903042743,4.05,4.26,0.20999999999999996,4.15,0.0011568409343714094,0.0,1.0,0
4.474666666666666,0.36132841325063575,4.09,5.16,1.0700000000000003,4.3149999999999995,0.038464961067853055,0.0,1.0,0
4.377,0.49387009088085776,3.96,5.55,1.5899999999999999,4.09,-0.04745494994438283,0.0,1.0,0
4.014333333333334,0.038182311204128135,3.93,4.08,0.1499999999999999,4.02,0.001083426028920956,0.0,1.0,0
4.043666666666668,0.03646764166886715,3.98,4.11,0.13000000000000034,4.05,-0.00042046718576201807,0.0,1.0,0
5.044666666666668,0.708659454337711,3.98,6.03,2.0500000000000003,5.1899999999999995,0.04428921023359279,0.0,0.9666666666666667,0
4.322333333333333,0.10288126921629391,4.2,4.56,0.35999999999999943,4.3,-0.008669632925472816,0.0,1.0,0
4.158333333333333,0.047685311039028344,4.07,4.22,0.14999999999999947,4.16,-0.0010789766407120053,0.0,1.0,0
4.117666666666667,0.059255567014604056,3.98,4.2,0.2200000000000002,4.15,-0.0015862068965517514,0.0,1.0,0
4.267666666666667,0.11929468647941624,4.0,4.41,0.41000000000000014,4.32,0.007610678531701742,0.0,1.0,0
4.318,0.06347702996622744,4.2,4.44,0.2400000000000002,4.31,0.0027230255839821717,0.0,1.0,0
4.477999999999999,0.5002426078081181,4.09,5.86,1.7700000000000005,4.285,0.03208898776418234,0.0,1.0,0
5.246666666666665,0.5722198489702673,4.11,6.5,2.3899999999999997,5.17,0.005512791991101159,0.0,0.8333333333333334,0
5.0633333333333335,0.7413875879427411,4.09,6.42,2.33,4.88,-0.06848943270300344,0.0,0.8333333333333334,0
4.809,0.7300244288149997,3.95,5.97,2.0199999999999996,5.28,0.06948387096774183,0.0,1.0,0
4.120666666666667,0.4148327641619237,3.83,5.5,1.67,3.9699999999999998,-0.03195550611790894,0.0,1.0,0
3.9320000000000004,0.05127702539474499,3.85,4.05,0.19999999999999973,3.93,0.00204671857619569,0.0,1.0,0
3.986333333333333,0.0420700474077328,3.9,4.05,0.1499999999999999,4.0,0.0019733036707451986,0.0,1.0,0
4.005666666666667,0.04287060635084241,3.89,4.07,0.18000000000000016,4.02,-0.0020400444938821487,0.0,1.0,0
4.017666666666667,0.03574757179010748,3.95,4.08,0.1299999999999999,4.02,0.0007452725250277536,0.0,1.0,0
3.982666666666667,0.05591263025669799,3.89,4.08,0.18999999999999995,3.98,-0.0008409343715240553,0.0,1.0,0
4.832333333333334,0.3757453333782809,4.07,5.71,1.6399999999999997,4.83,0.030787541713014403,0.0,1.0,0
5.852333333333336,0.3063297061809202,5.43,6.47,1.04,5.86,0.017403781979977665,0.0,0.7333333333333333,0
6.04,0.2940748204114049,5.7,6.71,1.0099999999999998,5.985,0.015359288097886392,0.0,0.5,0
6.392000000000001,0.25100332003116343,5.96,6.84,0.8799999999999999,6.3100000000000005,-0.022416017797552926,0.0,0.03333333333333333,0
6.072666666666667,0.70074690311283,4.66,6.93,2.2699999999999996,6.325,-0.05038932146829823,0.0,0.26666666666666666,0
5.597666666666667,0.6394303888792136,4.57,6.58,2.01,5.59,0.07145050055617343,0.0,0.6666666666666666,0
6.317666666666666,0.2513123333401862,5.86,6.66,0.7999999999999998,6.41,-0.02566184649610702,0.0,0.16666666666666666,0
6.062333333333333,0.16003506560195563,5.72,6.57,0.8500000000000005,6.03,0.001652947719688452,0.0,0.23333333333333334,0
6.062666666666667,0.30244485264075655,5.72,6.78,1.0600000000000005,5.945,0.023323692992213374,0.0,0.6,0
5.487000000000001,1.0838546950583368,4.05,6.68,2.63,6.0600000000000005,-0.11350611790878769,0.0,0.5,0
4.383333333333334,0.4050706385585386,3.98,5.03,1.0500000000000003,4.155,0.031092324805339206,0.0,1.0,0
4.113666666666667,0.055406578029047214,4.02,4.24,0.22000000000000064,4.11,-0.002658509454950043,0.0,1.0,0
4.109666666666667,0.03250470051478029,4.02,4.18,0.16000000000000014,4.11,0.0009054505005561268,0.0,1.0,0
4.313666666666666,0.16036382246490502,3.96,4.56,0.5999999999999996,4.33,0.008469410456062273,0.0,1.0,0
4.855333333333333,0.2672294062328388,4.22,5.44,1.2200000000000006,4.875,-0.0030433815350390716,0.0,1.0,0
3.9740000000000006,0.15486768546084756,3.78,4.48,0.7000000000000006,3.92,-0.010527252502780993,0.0,1.0,0
4.345666666666667,0.5032142243175917,3.85,5.23,1.3800000000000003,4.045,-0.04793103448275871,0.0,1.0,0
3.9143333333333334,0.025256462319352833,3.85,3.98,0.1299999999999999,3.92,0.001434927697441568,0.0,1.0,0
4.284666666666666,0.5590511803245048,3.85,5.43,1.5799999999999996,3.95,0.042562847608453754,0.0,1.0,0
4.362666666666667,0.10491054390394812,4.16,4.67,0.5099999999999998,4.385,0.011052280311457118,0.0,1.0,0
5.473666666666666,0.6672454987150949,4.64,6.45,1.8100000000000005,5.245,-0.05575750834260298,0.0,0.7,0
4.812000000000001,0.24575597652956482,4.61,5.86,1.25,4.76,0.020867630700778485,0.0,1.0,0
6.230000000000001,0.2328661990643268,5.68,6.55,0.8700000000000001,6.23,0.020195773081201168,0.0,0.13333333333333333,0
6.666333333333333,0.13758593274346362,6.35,6.93,0.5800000000000001,6.68,0.0012880978865405463,0.0,0.0,0
6.631333333333333,0.06631909394904469,6.53,6.75,0.21999999999999975,6.64,0.001922135706340248,0.0,0.0,0
6.6276666666666655,0.13169873027313347,6.36,6.9,0.54,6.63,-0.0027208008898778114,0.0,0.0,0
6.505333333333332,0.06004072691839169,6.4,6.63,0.22999999999999954,6.5,-0.0046051167964405,0.0,0.0,0
6.475,0.12518652749663858,6.35,6.81,0.45999999999999996,6.45,0.008055617352613892,0.0,0.0,0
6.604,0.1804180330972119,6.25,6.97,0.7199999999999998,6.55,-0.012186874304783178,0.0,0.0,0
6.624333333333333,0.1782635377436701,6.29,6.97,0.6799999999999997,6.625,0.010129032258064342,0.0,0.0,0
6.811333333333335,0.12038087703433445,6.64,7.09,0.4500000000000002,6.775,-0.008204671857619715,0.16666666666666666,0.0,0
6.738666666666668,0.05451197625802572,6.6,6.83,0.23000000000000043,6.75,8.453837597309896e-05,0.0,0.0,0
6.984666666666666,0.1933689622342623,6.7,7.25,0.5499999999999998,7.02,0.02090767519466058,0.5,0.0,0
6.811333333333334,0.22876091352229636,6.38,7.23,0.8500000000000005,6.73,-0.02103225806451631,0.26666666666666666,0.0,0
6.139666666666667,0.04600603825103345,6.03,6.27,0.23999999999999932,6.14,-0.004028921023359385,0.0,0.0,0
6.268666666666666,0.10115115202287893,6.05,6.38,0.33000000000000007,6.32,0.009606229143492559,0.0,0.0,0
6.466,0.16292329483533044,6.27,6.79,0.5200000000000005,6.355,0.015354838709677307,0.0,0.0,0
6.669333333333333,0.1565020411652477,6.45,7.06,0.6099999999999994,6.625,0.009486095661846394,0.06666666666666667,0.0,0
6.859000000000001,0.05318834458788881,6.7,6.94,0.2400000000000002,6.86,-0.002743047830923334,0.0,0.0,0
6.902000000000001,0.07377443098165291,6.75,7.04,0.29000000000000004,6.905,0.0002892102335927083,0.06666666666666667,0.0,0
6.796666666666668,0.11787941107570724,6.51,7.04,0.5300000000000002,6.83,0.0031323692992212175,0.06666666666666667,0.0,0
6.883333333333334,0.11276327219248099,6.71,7.09,0.3799999999999999,6.86,0.0064115684093435715,0.2,0.0,0
6.825666666666667,0.171691260374222,6.51,7.17,0.6600000000000001,6.82,-0.0109610678531704,0.16666666666666666,0.0,0
6.871999999999999,0.14945233353815526,6.62,7.17,0.5499999999999998,6.87,0.013499443826473818,0.16666666666666666,0.0,0
6.700333333333334,0.19967445727706107,6.27,7.1,0.8300000000000001,6.68,-0.008211345939933468,0.06666666666666667,0.0,0
6.986666666666666,0.28693011150607534,6.4,7.34,0.9399999999999995,7.035,0.02033815350389314,0.6,0.0,0
7.331999999999999,0.24424577785501222,6.83,7.68,0.8499999999999996,7.38,-0.011968854282536294,0.8666666666666667,0.0,0
7.272666666666667,0.198274781273083,6.79,7.58,0.79,7.29,-0.011363737486095905,0.9,0.0,0
6.900333333333334,0.14822243045129466,6.57,7.23,0.6600000000000001,6.915,0.004963292547274652,0.2,0.0,0
6.858333333333333,0.08070866675202176,6.75,7.07,0.3200000000000003,6.835,0.002022246941045462,0.06666666666666667,0.0,0
6.9799999999999995,0.16595180023127204,6.51,7.23,0.7200000000000006,7.0,-0.008921023359288138,0.5,0.0,0
6.969666666666666,0.18456224484499056,6.62,7.4,0.7800000000000002,6.905,0.01670967741935469,0.3333333333333333,0.0,0
7.150999999999998,0.13594974561702342,6.81,7.36,0.5500000000000007,7.1899999999999995,0.002551724137930999,0.8666666666666667,0.0,0
7.256,0.14405091692407476,6.93,7.47,0.54,7.279999999999999,0.003666295884315782,0.9333333333333333,0.0,0
7.044666666666667,0.2640294596357678,6.53,7.42,0.8899999999999997,7.109999999999999,-0.009939933259177003,0.6333333333333333,0.0,0
7.207666666666666,0.2050802011138298,6.9,7.57,0.6699999999999999,7.21,0.006796440489432467,0.8333333333333334,0.0,0
7.551999999999999,0.14540518101727556,7.06,7.73,0.6700000000000008,7.58,0.0017797552836483694,1.0,0.0,0
7.097333333333335,0.2620169629792866,6.79,7.8,1.0099999999999998,7.0,-0.0112569521690769,0.5,0.0,0
6.9079999999999995,0.12972792040780323,6.64,7.1,0.45999999999999996,6.905,-0.008373748609566297,0.3,0.0,0
7.078333333333333,0.23511817359692888,6.47,7.52,1.0499999999999998,7.1,0.01306562847608439,0.6,0.0,0
7.666999999999999,0.30435888903288716,6.93,8.01,1.08,7.775,0.0008520578420465475,0.9333333333333333,0.0,0
7.439666666666667,0.48787623658282664,6.62,8.03,1.4099999999999993,7.545,-0.04304115684093455,0.7,0.0,0
6.899666666666667,0.11055868225617661,6.71,7.12,0.41000000000000014,6.905,-0.0025339265850945814,0.13333333333333333,0.0,0
6.899666666666666,0.13277759181762896,6.57,7.14,0.5699999999999994,6.93,-0.008028921023359458,0.16666666666666666,0.0,0
7.398666666666667,0.21442533017864798,6.9,7.73,0.8300000000000001,7.445,-0.006220244716351814,0.9666666666666667,0.0,0
7.376666666666666,0.28686039965266885,6.63,7.62,0.9900000000000002,7.515,-0.020929922135706523,0.8333333333333334,0.0,0
7.016333333333333,0.33102349698405936,6.48,7.49,1.0099999999999998,6.9350000000000005,-0.018569521690767667,0.4666666666666667,0.0,0
6.7686666666666655,0.26165796163864163,6.45,7.3,0.8499999999999996,6.67,-0.015995550611790917,0.23333333333333334,0.0,0
6.943333333333333,0.2878348291796684,6.51,7.36,0.8500000000000005,6.9399999999999995,0.02855617352614017,0.4666666666666667,0.0,0
7.145666666666665,0.2662164950227957,6.58,7.6,1.0199999999999996,7.220000000000001,-0.0012658509454951778,0.7,0.0,0
6.868,0.25650730983736114,6.42,7.45,1.0300000000000002,6.8,-0.023332591768632047,0.26666666666666666,0.0,0
7.238666666666668,0.18865724358093328,6.77,7.57,0.8000000000000007,7.29,0.0015973303670743589,0.8666666666666667,0.0,0
6.821,0.20022237637187312,6.36,7.23,0.8700000000000001,6.8,-0.0038865406006675066,0.2,0.0,0
7.124333333333334,0.47428320184838474,6.22,7.6,1.38,7.37,0.04943492769744153,0.6666666666666666,0.0,0
6.588666666666666,0.9318502502488739,5.28,7.65,2.37,6.62,-0.09888765294771991,0.5,0.4666666666666667,0
5.484,0.5621186114454256,4.36,6.14,1.7799999999999994,5.765,0.04968631813125683,0.0,0.8666666666666667,0
6.662333333333333,0.2773046860204293,5.96,7.01,1.0499999999999998,6.73,0.02898109010011114,0.03333333333333333,0.06666666666666667,0
7.015333333333333,0.28113737251070386,6.38,7.38,1.0,7.05,0.022687430478309217,0.5666666666666667,0.0,0
7.215999999999998,0.11303686714224406,7.04,7.42,0.3799999999999999,7.25,-0.011025583982202549,1.0,0.0,0
7.011666666666668,0.08314979788844278,6.78,7.19,0.41000000000000014,7.01,-0.004883203559510735,0.5666666666666667,0.0,0
6.057333333333332,0.6637315387681646,4.59,6.91,2.3200000000000003,6.244999999999999,-0.06281201334816479,0.0,0.4,0
6.819000000000001,0.4678058714181913,5.84,7.36,1.5200000000000005,7.0,0.050057842046718454,0.5,0.06666666666666667,0
7.464333333333333,0.17579691565996142,6.77,7.65,0.8800000000000008,7.5,-6.006674082335121e-05,0.9666666666666667,0.0,0
6.604666666666668,0.07632095969580624,6.47,6.77,0.2999999999999998,6.62,0.0035105672969965133,0.0,0.0,0
6.704,0.08333066662399864,6.5,6.84,0.33999999999999986,6.705,-0.002349276974416153,0.0,0.0,0
5.485666666666664,1.229516662035217,3.83,6.79,2.96,6.1850000000000005,-0.13269187986651867,0.0,0.4666666666666667,0
3.965333333333333,0.1338589639218167,3.77,4.22,0.44999999999999973,3.92,0.012832035595105564,0.0,1.0,0
4.216333333333334,0.07245611698737991,4.11,4.36,0.25,4.22,0.005648498331479247,0.0,1.0,0
5.832,0.5779757780391838,4.24,6.29,2.05,6.03,0.05517241379310333,0.0,0.43333333333333335,0
6.380000000000001,0.1703330071751607,5.97,6.62,0.6500000000000004,6.4,0.012756395995550502,0.0,0.03333333333333333,0
6.7603333333333335,0.13156705092419183,6.42,6.96,0.54,6.79,-6.896551724163685e-05,0.0,0.0,0
6.788333333333335,0.1927015539348058,6.35,7.06,0.71,6.82,-0.00015795328142395544,0.13333333333333333,0.0,0
7.068,0.04840110191583106,6.97,7.16,0.1900000000000004,7.0649999999999995,0.003679644048943249,0.9333333333333333,0.0,0
7.092666666666665,0.037853518844209094,7.03,7.19,0.16000000000000014,7.09,0.002981090100111053,1.0,0.0,0
7.142999999999999,0.024378952670968877,7.1,7.19,0.09000000000000075,7.14,0.0005450500556171911,1.0,0.0,0
7.068,0.1552288632954581,6.62,7.21,0.5899999999999999,7.12,-0.010215795328142666,0.8333333333333334,0.0,0
6.837999999999999,0.135705563629499,6.51,7.1,0.5899999999999999,6.88,-0.0027675194660736575,0.03333333333333333,0.0,0
6.785666666666666,0.16952253209791593,6.35,7.07,0.7200000000000006,6.81,-0.0012124582869857713,0.03333333333333333,0.0,0
7.033,0.1334453695962009,6.78,7.23,0.4500000000000002,7.0649999999999995,-0.010711902113459593,0.6,0.0,0
6.977999999999999,0.20098756180420718,6.64,7.38,0.7400000000000002,6.95,0.016026696329254454,0.4666666666666667,0.0,0
7.001333333333333,0.10009106964271193,6.77,7.17,0.40000000000000036,7.0,-0.000774193548387278,0.5,0.0,0
6.847666666666668,0.18586165703435323,6.45,7.12,0.6699999999999999,6.905,0.01367964404894314,0.23333333333333334,0.0,0
6.867333333333335,0.11766997162497418,6.58,7.04,0.45999999999999996,6.9,0.001624026696329062,0.06666666666666667,0.0,0
